invoice_id,stock_code,description,quantity,invoice_at,unit_price,customer_id,country
489442,21428,SET3 BOOK BOX GREEN GINGHAM FLOWER,4,2009-12-01T09:46:00,4.25,13635,United Kingdom
489442,21430,SET/3 RED GINGHAM ROSE STORAGE BOX,4,2009-12-01T09:46:00,3.75,13635,United Kingdom
489442,21582,KINGS CHOICE SMALL TUBE MATCHES,20,2009-12-01T09:46:00,1.65,13635,United Kingdom
489442,21586,KINGS CHOICE GIANT TUBE MATCHES,12,2009-12-01T09:46:00,2.55,13635,United Kingdom
489442,21590,KINGS CHOICE CIGAR BOX MATCHES,48,2009-12-01T09:46:00,1.25,13635,United Kingdom
489442,21790,VINTAGE SNAP CARDS,12,2009-12-01T09:46:00,0.85,13635,United Kingdom
489442,21888,BINGO SET,8,2009-12-01T09:46:00,3.75,13635,United Kingdom
489442,21916,SET 12 RETRO WHITE CHALK STICKS,24,2009-12-01T09:46:00,0.42,13635,United Kingdom
489442,21955,UNION JACK GUNS & ROSES  DOORMAT,2,2009-12-01T09:46:00,6.75,13635,United Kingdom
489442,22024,RAINY LADIES BIRTHDAY CARD,12,2009-12-01T09:46:00,0.42,13635,United Kingdom
489442,22025,RING OF ROSES BIRTHDAY CARD,12,2009-12-01T09:46:00,0.42,13635,United Kingdom
489442,22026,BANQUET BIRTHDAY  CARD,12,2009-12-01T09:46:00,0.42,13635,United Kingdom
489442,22029,SPACE BOY BIRTHDAY CARD,12,2009-12-01T09:46:00,0.42,13635,United Kingdom
489442,22031,BOTANICAL LAVENDER BIRTHDAY CARD,12,2009-12-01T09:46:00,0.42,13635,United Kingdom
489442,22091,EMPIRE TISSUE BOX,12,2009-12-01T09:46:00,1.25,13635,United Kingdom
489442,22111,SCOTTIE DOG HOT WATER BOTTLE,3,2009-12-01T09:46:00,4.95,13635,United Kingdom
489442,22271,FELTCRAFT DOLL ROSIE,6,2009-12-01T09:46:00,2.95,13635,United Kingdom
489442,22272,FELTCRAFT DOLL MARIA,6,2009-12-01T09:46:00,2.95,13635,United Kingdom
489442,22296,HEART IVORY TRELLIS LARGE,12,2009-12-01T09:46:00,1.65,13635,United Kingdom
489442,84251J,"GREETING CARD, THE BLACK CAT",12,2009-12-01T09:46:00,0.42,13635,United Kingdom
489442,84899E,YELLOW + BROWN BEAR FELT PURSE KIT,12,2009-12-01T09:46:00,1.25,13635,United Kingdom
489442,85123A,WHITE HANGING HEART T-LIGHT HOLDER,6,2009-12-01T09:46:00,2.95,13635,United Kingdom
489442,85178,VICTORIAN SEWING KIT,12,2009-12-01T09:46:00,1.25,13635,United Kingdom
489786,16258B,DAISY ERASERS IN BAG,2,2009-12-02T11:52:00,0.42,17019,United Kingdom
489786,17003,BROCADE RING PURSE,2,2009-12-02T11:52:00,0.21,17019,United Kingdom
489786,20867,PINK ROSE FABRIC MIRROR,1,2009-12-02T11:52:00,1.25,17019,United Kingdom
489786,20869,GOLD FABRIC MIRROR,1,2009-12-02T11:52:00,1.25,17019,United Kingdom
489786,20961,STRAWBERRY BATH SPONGE,1,2009-12-02T11:52:00,1.25,17019,United Kingdom
489786,20963,APPLE BATH SPONGE,1,2009-12-02T11:52:00,1.25,17019,United Kingdom
489786,20974,12 PENCILS SMALL TUBE SKULL,3,2009-12-02T11:52:00,0.65,17019,United Kingdom
489786,20975,12 PENCILS SMALL TUBE RED SPOTTY,2,2009-12-02T11:52:00,0.65,17019,United Kingdom
489786,20975,12 PENCILS SMALL TUBE RED SPOTTY,48,2009-12-02T11:52:00,0.65,17019,United Kingdom
489786,20985,HEART CALCULATOR,1,2009-12-02T11:52:00,1.25,17019,United Kingdom
489786,20986,BLUE CALCULATOR RULER,1,2009-12-02T11:52:00,1.25,17019,United Kingdom
489786,21086,SET/6 RED SPOTTY PAPER CUPS,5,2009-12-02T11:52:00,0.65,17019,United Kingdom
489786,21094,SET/6 RED SPOTTY PAPER PLATES,1,2009-12-02T11:52:00,0.85,17019,United Kingdom
489786,21212,PACK OF 72 RETRO SPOT CAKE CASES,1,2009-12-02T11:52:00,0.55,17019,United Kingdom
489786,21424,WOODLAND STORAGE BOX LARGE,1,2009-12-02T11:52:00,2.95,17019,United Kingdom
489786,21440,12 MINI TOADSTOOL PEGS,3,2009-12-02T11:52:00,1.25,17019,United Kingdom
489786,21790,VINTAGE SNAP CARDS,48,2009-12-02T11:52:00,0.85,17019,United Kingdom
489786,21791,VINTAGE HEADS AND TAILS CARD GAME,6,2009-12-02T11:52:00,1.25,17019,United Kingdom
489786,21898,POTTING SHED ROSE CANDLE,1,2009-12-02T11:52:00,2.95,17019,United Kingdom
489786,21898,POTTING SHED ROSE CANDLE,1,2009-12-02T11:52:00,2.95,17019,United Kingdom
489786,21975,PACK OF 60 DINOSAUR CAKE CASES,1,2009-12-02T11:52:00,0.55,17019,United Kingdom
489786,21990,MODERN FLORAL STATIONERY SET,1,2009-12-02T11:52:00,2.95,17019,United Kingdom
489786,21993,FLORAL FOLK STATIONERY SET,1,2009-12-02T11:52:00,2.95,17019,United Kingdom
489786,22029,SPACE BOY BIRTHDAY CARD,12,2009-12-02T11:52:00,0.42,17019,United Kingdom
489786,22086,PAPER CHAIN KIT 50'S CHRISTMAS,6,2009-12-02T11:52:00,2.95,17019,United Kingdom
489786,22302,COFFEE MUG PEARS  DESIGN,3,2009-12-02T11:52:00,2.55,17019,United Kingdom
489786,22303,COFFEE MUG APPLES DESIGN,3,2009-12-02T11:52:00,2.55,17019,United Kingdom
489786,22315,200 RED + WHITE BENDY STRAWS,1,2009-12-02T11:52:00,1.25,17019,United Kingdom
489786,22315,200 RED + WHITE BENDY STRAWS,1,2009-12-02T11:52:00,1.25,17019,United Kingdom
489786,22333,RETRO SPORT PARTY BAG + STICKER SET,4,2009-12-02T11:52:00,1.65,17019,United Kingdom
489786,47504G,ENGLISH ROSE TAPE MEASURE,1,2009-12-02T11:52:00,1.25,17019,United Kingdom
489786,72796A,S/3 ENGLISH LAVENDER SQU CANDLE,2,2009-12-02T11:52:00,1.65,17019,United Kingdom
489786,72796A,S/3 ENGLISH LAVENDER SQU CANDLE,3,2009-12-02T11:52:00,1.65,17019,United Kingdom
489786,72796B,S/3 FRENCH VANILLA SQU CANDLE,2,2009-12-02T11:52:00,1.65,17019,United Kingdom
489786,79190B,RETRO PLASTIC POLKA TRAY,3,2009-12-02T11:52:00,0.42,17019,United Kingdom
489786,79191C,RETRO PLASTIC ELEPHANT TRAY,12,2009-12-02T11:52:00,0.85,17019,United Kingdom
489786,79191C,RETRO PLASTIC ELEPHANT TRAY,3,2009-12-02T11:52:00,0.85,17019,United Kingdom
489786,84029G,KNITTED UNION FLAG HOT WATER BOTTLE,1,2009-12-02T11:52:00,3.75,17019,United Kingdom
489786,84991,60 TEATIME FAIRY CAKE CASES,1,2009-12-02T11:52:00,0.55,17019,United Kingdom
489786,85035A,GARDENIA 3 WICK MORRIS BOXED CANDLE,2,2009-12-02T11:52:00,4.25,17019,United Kingdom
489786,85035C,ROSE 3 WICK MORRIS BOX CANDLE,2,2009-12-02T11:52:00,4.25,17019,United Kingdom
489786,85099B,JUMBO BAG RED WHITE SPOTTY,2,2009-12-02T11:52:00,1.95,17019,United Kingdom
489786,90214J,"LETTER ""J"" BLING KEY RING",1,2009-12-02T11:52:00,1.25,17019,United Kingdom
489786,90214S,"LETTER ""S"" BLING KEY RING",1,2009-12-02T11:52:00,1.25,17019,United Kingdom
489797,20668,DISCO BALL CHRISTMAS DECORATION,24,2009-12-02T12:19:00,0.12,15581,United Kingdom
489797,20725,LUNCH BAG RED SPOTTY,1,2009-12-02T12:19:00,1.65,15581,United Kingdom
489797,20748,KENSINGTON COFFEE SET,1,2009-12-02T12:19:00,12.75,15581,United Kingdom
489797,20765,CHRYSANTHEMUM SKETCHBOOK,1,2009-12-02T12:19:00,3.75,15581,United Kingdom
489797,20765,CHRYSANTHEMUM SKETCHBOOK,1,2009-12-02T12:19:00,3.75,15581,United Kingdom
489797,20829,GLITTER HANGING BUTTERFLY STRING,1,2009-12-02T12:19:00,2.1,15581,United Kingdom
489797,20979,36 PENCILS TUBE RED SPOTTY,2,2009-12-02T12:19:00,1.25,15581,United Kingdom
489797,21114,LAVENDER SCENTED FABRIC HEART,5,2009-12-02T12:19:00,1.25,15581,United Kingdom
489797,21500,PINK SPOTS  WRAP,50,2009-12-02T12:19:00,0.42,15581,United Kingdom
489797,21740,COSY SLIPPER SHOES LARGE RED,1,2009-12-02T12:19:00,2.95,15581,United Kingdom
489797,22114,HOT WATER BOTTLE TEA AND SYMPATHY,1,2009-12-02T12:19:00,3.95,15581,United Kingdom
489797,22130,PARTY CONE CHRISTMAS DECORATION,12,2009-12-02T12:19:00,0.85,15581,United Kingdom
489797,22208,WOOD STAMP SET THANK YOU,2,2009-12-02T12:19:00,1.65,15581,United Kingdom
489797,22275,WEEKEND BAG VINTAGE ROSE PAISLEY,1,2009-12-02T12:19:00,8.5,15581,United Kingdom
489797,22276,WASH BAG VINTAGE ROSE PAISLEY,1,2009-12-02T12:19:00,2.55,15581,United Kingdom
489797,35931,PINK STAR CHRISTMAS DECORATION,12,2009-12-02T12:19:00,1.95,15581,United Kingdom
489797,47566B,TEA TIME PARTY BUNTING,2,2009-12-02T12:19:00,4.65,15581,United Kingdom
489797,47591D,PINK FAIRY CAKE CHILD'S APRON,3,2009-12-02T12:19:00,1.95,15581,United Kingdom
489797,72349B,SET/6 PURPLE BUTTERFLY T-LIGHTS,1,2009-12-02T12:19:00,2.1,15581,United Kingdom
489797,72807A,SET/3 ROSE CANDLE IN JEWELLED BOX,5,2009-12-02T12:19:00,4.25,15581,United Kingdom
489797,72815,3 WICK CHRISTMAS BRIAR CANDLE,1,2009-12-02T12:19:00,3.75,15581,United Kingdom
489797,79329,PINK FLOCK GLASS CANDLEHOLDER,4,2009-12-02T12:19:00,1.65,15581,United Kingdom
489797,84031A,CHARLIE+LOLA RED HOT WATER BOTTLE,2,2009-12-02T12:19:00,4.65,15581,United Kingdom
489797,84032A,CHARLIE+LOLA PINK HOT WATER BOTTLE,1,2009-12-02T12:19:00,2.95,15581,United Kingdom
489797,85099B,JUMBO BAG RED WHITE SPOTTY,4,2009-12-02T12:19:00,1.95,15581,United Kingdom
489797,85103,SILVER T-LIGHT SETTING,3,2009-12-02T12:19:00,6.75,15581,United Kingdom
489818,21035,SET/2 RED SPOTTY TEA TOWELS,6,2009-12-02T13:23:00,2.95,16233,United Kingdom
489818,21257,VICTORIAN SEWING BOX MEDIUM,2,2009-12-02T13:23:00,7.95,16233,United Kingdom
489818,21258,VICTORIAN SEWING BOX LARGE,8,2009-12-02T13:23:00,10.95,16233,United Kingdom
489818,22083,PAPER CHAIN KIT RETRO SPOT,12,2009-12-02T13:23:00,2.95,16233,United Kingdom
489818,22084,PAPER CHAIN KIT EMPIRE,6,2009-12-02T13:23:00,2.95,16233,United Kingdom
489818,22085,PAPER CHAIN KIT SKULLS,6,2009-12-02T13:23:00,2.95,16233,United Kingdom
489818,22086,PAPER CHAIN KIT 50'S CHRISTMAS,6,2009-12-02T13:23:00,2.95,16233,United Kingdom
489818,22113,GREY HEART HOT WATER BOTTLE,4,2009-12-02T13:23:00,3.45,16233,United Kingdom
489818,22130,PARTY CONE CHRISTMAS DECORATION,12,2009-12-02T13:23:00,0.85,16233,United Kingdom
489818,22143,CHRISTMAS CRAFT HEART DECORATIONS,6,2009-12-02T13:23:00,2.1,16233,United Kingdom
489818,22145,CHRISTMAS CRAFT HEART STOCKING,6,2009-12-02T13:23:00,2.1,16233,United Kingdom
489818,84029E,RED WOOLLY HOTTIE WHITE HEART.,4,2009-12-02T13:23:00,3.75,16233,United Kingdom
489818,85176,SEWING SUSAN 21 NEEDLE SET,12,2009-12-02T13:23:00,0.85,16233,United Kingdom
489818,85177,BASKET OF FLOWERS SEWING KIT,12,2009-12-02T13:23:00,0.85,16233,United Kingdom
490311,20665,RED SPOTTY PURSE,6,2009-12-04T15:11:00,2.95,16451,United Kingdom
490311,20723,STRAWBERRY CHARLOTTE BAG,10,2009-12-04T15:11:00,0.85,16451,United Kingdom
490311,20867,PINK ROSE FABRIC MIRROR,12,2009-12-04T15:11:00,1.25,16451,United Kingdom
490311,21026,SPACE OWL,10,2009-12-04T15:11:00,1.25,16451,United Kingdom
490311,21027,NINJA RABBIT PINK,10,2009-12-04T15:11:00,1.25,16451,United Kingdom
490311,21031,SPACE CADET BLACK,10,2009-12-04T15:11:00,1.25,16451,United Kingdom
490311,21032,SPACE CADET WHITE,10,2009-12-04T15:11:00,1.25,16451,United Kingdom
490311,21231,SWEETHEART CERAMIC TRINKET BOX,12,2009-12-04T15:11:00,1.25,16451,United Kingdom
490311,21232,STRAWBERRY CERAMIC TRINKET BOX,12,2009-12-04T15:11:00,1.25,16451,United Kingdom
490311,21429,RED GINGHAM ROSE JEWELLERY BOX,8,2009-12-04T15:11:00,1.65,16451,United Kingdom
490311,21479,WHITE SKULL HOT WATER BOTTLE,4,2009-12-04T15:11:00,3.75,16451,United Kingdom
490311,21481,FAWN BLUE HOT WATER BOTTLE,6,2009-12-04T15:11:00,2.95,16451,United Kingdom
490311,21482,MUSHROOM BLUE HOT WATER BOTTLE,6,2009-12-04T15:11:00,2.95,16451,United Kingdom
490311,21581,SKULLS  DESIGN  COTTON TOTE BAG,12,2009-12-04T15:11:00,2.25,16451,United Kingdom
490311,22125,UNION JACK HOT WATER BOTTLE,3,2009-12-04T15:11:00,5.95,16451,United Kingdom
490311,22355,"CHARLOTTE BAG , SUKI DESIGN",10,2009-12-04T15:11:00,0.85,16451,United Kingdom
490311,22356,"CHARLOTTE BAG , PINK/WHITE SPOTS",10,2009-12-04T15:11:00,0.85,16451,United Kingdom
490311,47568,ENGLISH ROSE DESIGN PEG BAG,6,2009-12-04T15:11:00,2.1,16451,United Kingdom
490311,82494L,WOODEN FRAME ANTIQUE WHITE,6,2009-12-04T15:11:00,2.95,16451,United Kingdom
490311,84510A,SET OF 4 ENGLISH ROSE COASTERS,10,2009-12-04T15:11:00,1.25,16451,United Kingdom
490311,84535A,ENGLISH ROSE NOTEBOOK A6 SIZE,16,2009-12-04T15:11:00,0.65,16451,United Kingdom
490311,85217,ASSORTED ICE CREAM FRIDGE MAGNETS,12,2009-12-04T15:11:00,0.65,16451,United Kingdom
490638,21134,VICTORIAN METAL POSTCARD CHRISTMAS,20,2009-12-07T12:13:00,1.65,13190,United Kingdom
490638,21491,SET OF THREE VINTAGE GIFT WRAPS,8,2009-12-07T12:13:00,1.95,13190,United Kingdom
490638,51008,AFGHAN SLIPPER SOCK PAIR,20,2009-12-07T12:13:00,3.45,13190,United Kingdom
490638,85123A,WHITE HANGING HEART T-LIGHT HOLDER,10,2009-12-07T12:13:00,2.95,13190,United Kingdom
490657,20755,BLUE PAISLEY POCKET BOOK,6,2009-12-07T12:26:00,0.85,14471,United Kingdom
490657,20758,ABSTRACT CIRCLES POCKET BOOK,6,2009-12-07T12:26:00,0.85,14471,United Kingdom
490657,20774,GREEN FERN NOTEBOOK,2,2009-12-07T12:26:00,1.65,14471,United Kingdom
490657,20776,ABSTRACT CIRCLES NOTEBOOK,5,2009-12-07T12:26:00,1.65,14471,United Kingdom
490657,20971,PINK BLUE FELT CRAFT TRINKET BOX,12,2009-12-07T12:26:00,1.25,14471,United Kingdom
490657,21153,RED SPOTTY TABLECLOTH,1,2009-12-07T12:26:00,10.65,14471,United Kingdom
490657,21231,SWEETHEART CERAMIC TRINKET BOX,4,2009-12-07T12:26:00,1.25,14471,United Kingdom
490657,21232,STRAWBERRY CERAMIC TRINKET BOX,4,2009-12-07T12:26:00,1.25,14471,United Kingdom
490657,21432,SET OF 3 CASES WOODLAND DESIGN,2,2009-12-07T12:26:00,5.95,14471,United Kingdom
490657,21535,RETRO SPOT SMALL MILK JUG,3,2009-12-07T12:26:00,2.55,14471,United Kingdom
490657,22072,TEA CUP AND SAUCER RETRO SPOT,3,2009-12-07T12:26:00,3.75,14471,United Kingdom
490657,22111,SCOTTIE DOG HOT WATER BOTTLE,2,2009-12-07T12:26:00,4.95,14471,United Kingdom
490657,22132,RED LOVE HEART SHAPE CUP,3,2009-12-07T12:26:00,0.85,14471,United Kingdom
490657,22134,LADLE LOVE HEART RED,12,2009-12-07T12:26:00,0.42,14471,United Kingdom
490657,22135,LADLE LOVE HEART PINK,12,2009-12-07T12:26:00,0.42,14471,United Kingdom
490657,22136,LOVE HEART SOCK HANGER,2,2009-12-07T12:26:00,1.65,14471,United Kingdom
490657,22196,SMALL HEART MEASURING SPOONS,11,2009-12-07T12:26:00,0.85,14471,United Kingdom
490657,22333,RETRO SPORT PARTY BAG + STICKER SET,5,2009-12-07T12:26:00,1.65,14471,United Kingdom
490657,35598A,DUSTY PINK CHRISTMAS TREE 60CM,1,2009-12-07T12:26:00,2.95,14471,United Kingdom
490657,37502,TEA TIME MUG IN GIFT BOX,5,2009-12-07T12:26:00,2.95,14471,United Kingdom
490657,47556B,TEA TIME TEA TOWELS,4,2009-12-07T12:26:00,2.95,14471,United Kingdom
490657,82615,PINK MARSHMALLOW SCARF KNITTING KIT,1,2009-12-07T12:26:00,2.95,14471,United Kingdom
490657,82616A,BUBBLE GUM SCARF KNITTING KIT,3,2009-12-07T12:26:00,2.95,14471,United Kingdom
490657,82616B,FRAPPUCINO SCARF KNITTING KIT,2,2009-12-07T12:26:00,2.95,14471,United Kingdom
490657,84997B,RED 3 PIECE MINI DOTS CUTLERY SET,3,2009-12-07T12:26:00,3.75,14471,United Kingdom
490657,84997C,BLUE 3 PIECE MINI DOTS CUTLERY SET,3,2009-12-07T12:26:00,3.75,14471,United Kingdom
490657,84997D,PINK 3 PIECE MINI DOTS CUTLERY SET,2,2009-12-07T12:26:00,3.75,14471,United Kingdom
491193,16033,MINI HIGHLIGHTER PENS,120,2009-12-10T12:44:00,0.12,13091,United Kingdom
491193,20661,BLUE SPOTTY PURSE,12,2009-12-10T12:44:00,2.95,13091,United Kingdom
491193,20665,RED SPOTTY PURSE,12,2009-12-10T12:44:00,2.95,13091,United Kingdom
491193,21634,ASSORTED MINI MADRAS NOTEBOOK,24,2009-12-10T12:44:00,1.25,13091,United Kingdom
491193,21703,BAG 125g SWIRLY MARBLES,36,2009-12-10T12:44:00,0.42,13091,United Kingdom
491193,21866,UNION JACK FLAG LUGGAGE TAG,12,2009-12-10T12:44:00,1.25,13091,United Kingdom
491193,21870,I CAN ONLY PLEASE ONE PERSON MUG,12,2009-12-10T12:44:00,1.25,13091,United Kingdom
491193,21871,SAVE THE PLANET MUG,12,2009-12-10T12:44:00,1.25,13091,United Kingdom
491193,21901,"KEY FOB , BACK DOOR",48,2009-12-10T12:44:00,0.65,13091,United Kingdom
491193,22030,SWALLOWS GREETING CARD,48,2009-12-10T12:44:00,0.42,13091,United Kingdom
491193,22064,PINK DOUGHNUT TRINKET POT,24,2009-12-10T12:44:00,1.65,13091,United Kingdom
491193,22095,LADS ONLY TISSUE BOX,36,2009-12-10T12:44:00,1.06,13091,United Kingdom
491193,22107,PIZZA PLATE IN BOX,32,2009-12-10T12:44:00,3.39,13091,United Kingdom
491193,22123,PING MICROWAVE APRON,12,2009-12-10T12:44:00,5.95,13091,United Kingdom
491193,35004B,SET OF 3 BLACK FLYING DUCKS,12,2009-12-10T12:44:00,1.95,13091,United Kingdom
491193,51014A,"FEATHER PEN,HOT PINK",60,2009-12-10T12:44:00,0.85,13091,United Kingdom
491193,51014C,"FEATHER PEN,COAL BLACK",60,2009-12-10T12:44:00,0.85,13091,United Kingdom
491193,51014L,"FEATHER PEN,LIGHT PINK",60,2009-12-10T12:44:00,0.85,13091,United Kingdom
491193,84029G,KNITTED UNION FLAG HOT WATER BOTTLE,4,2009-12-10T12:44:00,3.75,13091,United Kingdom
491193,84077,WORLD WAR 2 GLIDERS ASSTD DESIGNS,96,2009-12-10T12:44:00,0.21,13091,United Kingdom
491193,84510A,SET OF 4 ENGLISH ROSE COASTERS,10,2009-12-10T12:44:00,1.25,13091,United Kingdom
491193,84692,BOX OF 24 COCKTAIL PARASOLS,50,2009-12-10T12:44:00,0.42,13091,United Kingdom
491193,85175,CACTI T-LIGHT CANDLES,80,2009-12-10T12:44:00,0.42,13091,United Kingdom
491200,85099B,JUMBO BAG RED WHITE SPOTTY,100,2009-12-10T13:12:00,1.65,16663,United Kingdom
491639,20668,,-1395,2009-12-11T16:02:00,0,,United Kingdom
491640,15056BL,EDWARDIAN PARASOL BLACK,1,2009-12-11T16:11:00,5.95,15898,United Kingdom
491640,15056N,EDWARDIAN PARASOL NATURAL,1,2009-12-11T16:11:00,5.95,15898,United Kingdom
491640,18098C,PORCELAIN BUTTERFLY OIL BURNER,2,2009-12-11T16:11:00,2.95,15898,United Kingdom
491640,20682,RED SPOTTY CHILDS UMBRELLA,1,2009-12-11T16:11:00,3.25,15898,United Kingdom
491640,20684,STRAWBERRY DREAM CHILDS UMBRELLA,1,2009-12-11T16:11:00,3.25,15898,United Kingdom
491640,20686,DOLLY MIXTURE CHILDREN'S UMBRELLA,1,2009-12-11T16:11:00,3.25,15898,United Kingdom
491640,20961,STRAWBERRY BATH SPONGE,3,2009-12-11T16:11:00,1.25,15898,United Kingdom
491640,20963,APPLE BATH SPONGE,3,2009-12-11T16:11:00,1.25,15898,United Kingdom
491640,20966,SANDWICH BATH SPONGE,3,2009-12-11T16:11:00,1.25,15898,United Kingdom
491640,21326,AGED GLASS SILVER T-LIGHT HOLDER,12,2009-12-11T16:11:00,0.65,15898,United Kingdom
491640,21481,FAWN BLUE HOT WATER BOTTLE,2,2009-12-11T16:11:00,2.95,15898,United Kingdom
491640,21931,JUMBO STORAGE BAG SUKI,4,2009-12-11T16:11:00,1.95,15898,United Kingdom
491640,22074,6 RIBBONS SHIMMERING PINKS,1,2009-12-11T16:11:00,1.65,15898,United Kingdom
491640,22075,6 RIBBONS ELEGANT CHRISTMAS,3,2009-12-11T16:11:00,1.65,15898,United Kingdom
491640,22076,6 RIBBONS EMPIRE,4,2009-12-11T16:11:00,1.65,15898,United Kingdom
491640,22104,MIRROR MOSAIC CANDLE PLATE,6,2009-12-11T16:11:00,1.45,15898,United Kingdom
491640,22110,BIRD HOUSE HOT WATER BOTTLE,1,2009-12-11T16:11:00,3.45,15898,United Kingdom
491640,22111,SCOTTIE DOG HOT WATER BOTTLE,1,2009-12-11T16:11:00,4.95,15898,United Kingdom
491640,22113,GREY HEART HOT WATER BOTTLE,1,2009-12-11T16:11:00,3.45,15898,United Kingdom
491640,22186,RED STAR CARD HOLDER,1,2009-12-11T16:11:00,2.95,15898,United Kingdom
491640,22187,GREEN CHRISTMAS TREE CARD HOLDER,1,2009-12-11T16:11:00,4.25,15898,United Kingdom
491640,22415,WHITE TISSUE REAM,2,2009-12-11T16:11:00,7.95,15898,United Kingdom
491640,35911B,PINK/FLOWER RABBIT EGG WARMER,12,2009-12-11T16:11:00,2.1,15898,United Kingdom
491640,46775A,BUBBLE GUM CHUNKY KNITTED THROW,1,2009-12-11T16:11:00,16.95,15898,United Kingdom
491640,46775E,CANDY POP CHUNKY KNITTED THROW,1,2009-12-11T16:11:00,16.95,15898,United Kingdom
491640,47503E,ASS FLORAL PRINT SCISSORS,2,2009-12-11T16:11:00,1.25,15898,United Kingdom
491640,47503F,ASS FLORAL PRINT TORCH,4,2009-12-11T16:11:00,1.65,15898,United Kingdom
491640,47503F,ASS FLORAL PRINT TORCH,4,2009-12-11T16:11:00,1.65,15898,United Kingdom
491640,47503G,ASS FLORAL PRINT TAPE MEASURE,2,2009-12-11T16:11:00,1.25,15898,United Kingdom
491640,47503H,ASS FLORAL PRINT SPIRIT LEVEL,2,2009-12-11T16:11:00,1.95,15898,United Kingdom
491640,47503K,ASSORTED FLORAL SECATEURS,2,2009-12-11T16:11:00,1.95,15898,United Kingdom
491640,47504J,ENGLISH ROSE SET/3 GARDEN TOOLS,1,2009-12-11T16:11:00,7.95,15898,United Kingdom
491640,48111,DOOR MAT 3 SMILEY CATS,2,2009-12-11T16:11:00,6.75,15898,United Kingdom
491640,48116,DOOR MAT MULTICOLOUR STRIPE,2,2009-12-11T16:11:00,6.75,15898,United Kingdom
491640,48173C,DOOR MAT BLACK FLOCK,2,2009-12-11T16:11:00,6.75,15898,United Kingdom
491640,48184,DOOR MAT ENGLISH ROSE,2,2009-12-11T16:11:00,6.75,15898,United Kingdom
491640,48185,DOOR MAT FAIRY CAKE,1,2009-12-11T16:11:00,6.75,15898,United Kingdom
491640,48187,DOOR MAT NEW ENGLAND,1,2009-12-11T16:11:00,6.75,15898,United Kingdom
491640,48188,DOOR MAT WELCOME PUPPIES,1,2009-12-11T16:11:00,6.75,15898,United Kingdom
491640,48194,DOORMAT HEARTS,2,2009-12-11T16:11:00,6.75,15898,United Kingdom
491640,48197,DOOR MAT BIRD ON THE WIRE,1,2009-12-11T16:11:00,6.75,15898,United Kingdom
491640,72756,FAIRY CAKE CANDLES,18,2009-12-11T16:11:00,1.49,15898,United Kingdom
491640,72801F,S/4 FESTIVE RED DINNER CANDLES,12,2009-12-11T16:11:00,1.25,15898,United Kingdom
491640,82483,WOOD 2 DRAWER CABINET WHITE FINISH,1,2009-12-11T16:11:00,5.95,15898,United Kingdom
491640,84532B,FAIRY CAKES RECTANGLUAR BOXES,1,2009-12-11T16:11:00,5.95,15898,United Kingdom
491640,84837,WHITE SWEETHEARTS CABINET 4 DRAWERS,1,2009-12-11T16:11:00,12.75,15898,United Kingdom
491640,85014A,BLACK/BLUE DOTS RUFFLED UMBRELLA,1,2009-12-11T16:11:00,5.95,15898,United Kingdom
491640,85014C,BLUE/BROWN DOTS RUFFLED UMBRELLA,1,2009-12-11T16:11:00,5.95,15898,United Kingdom
491640,85014D,PINK/BROWN DOTS RUFFLED UMBRELLA,1,2009-12-11T16:11:00,5.95,15898,United Kingdom
491640,85049A,TRADITIONAL CHRISTMAS RIBBONS,1,2009-12-11T16:11:00,1.25,15898,United Kingdom
491640,85049C,ROMANTIC PINKS RIBBONS,2,2009-12-11T16:11:00,1.25,15898,United Kingdom
491640,85049C,ROMANTIC PINKS RIBBONS,2,2009-12-11T16:11:00,1.25,15898,United Kingdom
491640,85049D,BRIGHT BLUES RIBBONS,1,2009-12-11T16:11:00,1.25,15898,United Kingdom
491640,85049E,SCANDINAVIAN REDS RIBBONS,3,2009-12-11T16:11:00,1.25,15898,United Kingdom
491640,85099C,JUMBO  BAG BAROQUE BLACK WHITE,3,2009-12-11T16:11:00,1.95,15898,United Kingdom
491744,TEST001,This is a test product.,5,2009-12-14T11:02:00,4.5,12346,United Kingdom
491893,15034,PAPER POCKET TRAVELING FAN,12,2009-12-14T15:17:00,0.14,16805,United Kingdom
491893,15039,SANDALWOOD FAN,2,2009-12-14T15:17:00,0.85,16805,United Kingdom
491893,17178,FLAT PALM T-LIGHT HOLDER,2,2009-12-14T15:17:00,1.25,16805,United Kingdom
491893,20711,JUMBO BAG TOYS,2,2009-12-14T15:17:00,1.95,16805,United Kingdom
491893,20713,JUMBO BAG OWLS,1,2009-12-14T15:17:00,1.95,16805,United Kingdom
491893,20728,LUNCH BAG CARS BLUE,2,2009-12-14T15:17:00,1.65,16805,United Kingdom
491893,20750,RED/WHITE DOT MINI CASES,1,2009-12-14T15:17:00,7.95,16805,United Kingdom
491893,20775,DAISY NOTEBOOK,1,2009-12-14T15:17:00,1.65,16805,United Kingdom
491893,20828,GLITTER BUTTERFLY CLIPS,2,2009-12-14T15:17:00,2.55,16805,United Kingdom
491893,20829,GLITTER HANGING BUTTERFLY STRING,1,2009-12-14T15:17:00,2.1,16805,United Kingdom
491893,20968,GREEN FLORAL FELTCRAFT SHOULDER BAG,1,2009-12-14T15:17:00,3.75,16805,United Kingdom
491893,20990,SPRING FLOWER CHOPSTICKS SET/5,2,2009-12-14T15:17:00,1.95,16805,United Kingdom
491893,21114,LAVENDER SCENTED FABRIC HEART,10,2009-12-14T15:17:00,1.25,16805,United Kingdom
491893,21116,OWL DOORSTOP,1,2009-12-14T15:17:00,4.95,16805,United Kingdom
491893,21158,MOODY GIRL DOOR HANGER,1,2009-12-14T15:17:00,1.45,16805,United Kingdom
491893,21159,MOODY BOY  DOOR HANGER,1,2009-12-14T15:17:00,1.45,16805,United Kingdom
491893,21160,KEEP OUT GIRLS DOOR HANGER,1,2009-12-14T15:17:00,1.45,16805,United Kingdom
491893,21163,DO NOT TOUCH MY STUFF DOOR HANGER,1,2009-12-14T15:17:00,1.45,16805,United Kingdom
491893,21248,DOOR HANGER  MUM + DADS ROOM,1,2009-12-14T15:17:00,1.45,16805,United Kingdom
491893,21324,HANGING MEDINA LANTERN SMALL,1,2009-12-14T15:17:00,2.95,16805,United Kingdom
491893,21330,WOODLAND ANIMAL  WRITING SET,1,2009-12-14T15:17:00,1.65,16805,United Kingdom
491893,21378,SMALL TALL CAMPHOR WOOD TOADSTOOL,6,2009-12-14T15:17:00,1.65,16805,United Kingdom
491893,21379,CAMPHOR WOOD PORTOBELLO MUSHROOM,6,2009-12-14T15:17:00,1.25,16805,United Kingdom
491893,21411,GINGHAM HEART  DOORSTOP RED,1,2009-12-14T15:17:00,4.25,16805,United Kingdom
491893,21479,WHITE SKULL HOT WATER BOTTLE,2,2009-12-14T15:17:00,3.75,16805,United Kingdom
491893,21480,PINK STRIPE HOT WATER BOTTLE,1,2009-12-14T15:17:00,2.95,16805,United Kingdom
491893,21480,PINK STRIPE HOT WATER BOTTLE,1,2009-12-14T15:17:00,2.95,16805,United Kingdom
491893,21485,RED SPOT HEART HOT WATER BOTTLE,1,2009-12-14T15:17:00,4.95,16805,United Kingdom
491893,21488,RED WHITE SCARF  HOT WATER BOTTLE,1,2009-12-14T15:17:00,3.95,16805,United Kingdom
491893,21556,CERAMIC STRAWBERRY MONEY BOX,1,2009-12-14T15:17:00,2.55,16805,United Kingdom
491893,21587,COSY HOUR GIANT TUBE MATCHES,1,2009-12-14T15:17:00,2.55,16805,United Kingdom
491893,21683,MEDIUM MEDINA STAMPED METAL BOWL,6,2009-12-14T15:17:00,2.95,16805,United Kingdom
491893,21684,SMALL MEDINA STAMPED METAL BOWL,12,2009-12-14T15:17:00,0.85,16805,United Kingdom
491893,21729,SMALL MARAKESH METAL  LANTERN,2,2009-12-14T15:17:00,3.25,16805,United Kingdom
491893,21830,ASSORTED CREEPY CRAWLIES,24,2009-12-14T15:17:00,0.42,16805,United Kingdom
491893,21929,JUMBO BAG PINK VINTAGE PAISLEY,1,2009-12-14T15:17:00,1.95,16805,United Kingdom
491893,21933,PINK VINTAGE PAISLEY PICNIC BAG,1,2009-12-14T15:17:00,2.95,16805,United Kingdom
491893,21973,SET OF 36 MUSHROOM PAPER DOILIES,1,2009-12-14T15:17:00,1.45,16805,United Kingdom
491893,21976,PACK OF 60 MUSHROOM CAKE CASES,2,2009-12-14T15:17:00,0.55,16805,United Kingdom
491893,22112,CHOCOLATE HOT WATER BOTTLE,1,2009-12-14T15:17:00,4.95,16805,United Kingdom
491893,22113,GREY HEART HOT WATER BOTTLE,1,2009-12-14T15:17:00,3.45,16805,United Kingdom
491893,22125,UNION JACK HOT WATER BOTTLE,1,2009-12-14T15:17:00,5.95,16805,United Kingdom
491893,22138,BAKING SET 9 PIECE RETROSPOT,1,2009-12-14T15:17:00,4.95,16805,United Kingdom
491893,22139,RETRO SPOT TEA SET CERAMIC 11 PC,1,2009-12-14T15:17:00,4.95,16805,United Kingdom
491893,22147,FELTCRAFT BUTTERFLY HEARTS,1,2009-12-14T15:17:00,1.45,16805,United Kingdom
491893,22149,FELTCRAFT 6 FLOWER FRIENDS,1,2009-12-14T15:17:00,2.1,16805,United Kingdom
491893,22242,"HOOK, 5 HANGER , MAGIC TOADSTOOL",2,2009-12-14T15:17:00,1.65,16805,United Kingdom
491893,22243,"HOOK, 5 HANGER ,MAGIC TOADSTOOL RED",2,2009-12-14T15:17:00,1.65,16805,United Kingdom
491893,22274,FELTCRAFT DOLL EMILY,1,2009-12-14T15:17:00,2.95,16805,United Kingdom
491893,35160,BUDDHA INCENSE HOLDER ASSORTED,1,2009-12-14T15:17:00,0.85,16805,United Kingdom
491893,44234,ASSORTED CIRCULAR MOBILE,1,2009-12-14T15:17:00,0.21,16805,United Kingdom
491893,44234,ASSORTED CIRCULAR MOBILE,3,2009-12-14T15:17:00,0.21,16805,United Kingdom
491893,47566,PARTY BUNTING,1,2009-12-14T15:17:00,4.65,16805,United Kingdom
491893,72803A,ROSE SCENT CANDLE JEWELLED DRAWER,1,2009-12-14T15:17:00,4.25,16805,United Kingdom
491893,75013B,"STRING OF 8 BUTTERFLIES,PINK",1,2009-12-14T15:17:00,1.65,16805,United Kingdom
491893,79000,MOROCCAN TEA GLASS,12,2009-12-14T15:17:00,0.85,16805,United Kingdom
491893,79323G,GOLD  CHERRY LIGHTS,1,2009-12-14T15:17:00,6.75,16805,United Kingdom
491893,79323S,SILVER CHERRY LIGHTS,1,2009-12-14T15:17:00,6.75,16805,United Kingdom
491893,79342B,BROWN FLOWER LIGHTS,1,2009-12-14T15:17:00,6.75,16805,United Kingdom
491893,82600,NO SINGING METAL SIGN,1,2009-12-14T15:17:00,2.1,16805,United Kingdom
491893,84691,PACK 20 DOLLY PEGS,2,2009-12-14T15:17:00,0.85,16805,United Kingdom
491893,84754,S/15 SILVER GLASS BAUBLES IN BAG,3,2009-12-14T15:17:00,1.25,16805,United Kingdom
491893,84997B,RED 3 PIECE MINI DOTS CUTLERY SET,1,2009-12-14T15:17:00,3.75,16805,United Kingdom
491893,84997C,BLUE 3 PIECE MINI DOTS CUTLERY SET,1,2009-12-14T15:17:00,3.75,16805,United Kingdom
491893,85047,WHITE BEADED GARLAND STRING 20LIGHT,1,2009-12-14T15:17:00,6.35,16805,United Kingdom
491893,85099C,JUMBO  BAG BAROQUE BLACK WHITE,1,2009-12-14T15:17:00,1.95,16805,United Kingdom
491893,85227,SET/6 3D KIT CARDS FOR KIDS,1,2009-12-14T15:17:00,0.85,16805,United Kingdom
491977,72755B,,-23,2009-12-14T18:45:00,0,,United Kingdom
492009,21484,CHICK GREY HOT WATER BOTTLE,2,2009-12-15T11:28:00,3.45,14871,United Kingdom
492009,21485,RED SPOT HEART HOT WATER BOTTLE,1,2009-12-15T11:28:00,4.95,14871,United Kingdom
492009,21590,KINGS CHOICE CIGAR BOX MATCHES,10,2009-12-15T11:28:00,1.25,14871,United Kingdom
492009,21658,GLASS  BEURRE DISH,2,2009-12-15T11:28:00,3.95,14871,United Kingdom
492009,21737,SET 3 WICKER LOG BASKETS,1,2009-12-15T11:28:00,19.95,14871,United Kingdom
492009,21754,HOME BUILDING BLOCK WORD,2,2009-12-15T11:28:00,5.95,14871,United Kingdom
492009,21756,BATH BUILDING BLOCK WORD,2,2009-12-15T11:28:00,5.95,14871,United Kingdom
492009,22091,EMPIRE TISSUE BOX,1,2009-12-15T11:28:00,1.25,14871,United Kingdom
492009,22111,SCOTTIE DOG HOT WATER BOTTLE,1,2009-12-15T11:28:00,4.95,14871,United Kingdom
492009,22112,CHOCOLATE HOT WATER BOTTLE,3,2009-12-15T11:28:00,4.95,14871,United Kingdom
492009,22222,CAKE PLATE LOVEBIRD WHITE,2,2009-12-15T11:28:00,4.95,14871,United Kingdom
492009,22224,WHITE LOVEBIRD LANTERN,3,2009-12-15T11:28:00,2.95,14871,United Kingdom
492009,71477,COLOUR GLASS. STAR T-LIGHT HOLDER,12,2009-12-15T11:28:00,3.25,14871,United Kingdom
492009,85042,ANTIQUE LILY FAIRY LIGHTS,2,2009-12-15T11:28:00,4.95,14871,United Kingdom
492009,85132A,CHARLIE + LOLA BISCUITS TINS,1,2009-12-15T11:28:00,9.95,14871,United Kingdom
492304,21181,PLEASE ONE PERSON  METAL SIGN,6,2009-12-16T11:59:00,2.1,13769,United Kingdom
492304,21494,ROTATING LEAVES T-LIGHT HOLDER,6,2009-12-16T11:59:00,2.55,13769,United Kingdom
492304,21730,GLASS STAR FROSTED T-LIGHT HOLDER,3,2009-12-16T11:59:00,4.95,13769,United Kingdom
492304,21795,SET OF 3 BLUE STRIPE BASKET,2,2009-12-16T11:59:00,12.75,13769,United Kingdom
492304,22112,CHOCOLATE HOT WATER BOTTLE,3,2009-12-16T11:59:00,4.95,13769,United Kingdom
492304,22114,HOT WATER BOTTLE TEA AND SYMPATHY,3,2009-12-16T11:59:00,3.95,13769,United Kingdom
492304,22189,CREAM HEART CARD HOLDER,4,2009-12-16T11:59:00,3.95,13769,United Kingdom
492304,71477,COLOUR GLASS. STAR T-LIGHT HOLDER,24,2009-12-16T11:59:00,2.75,13769,United Kingdom
492304,72799E,IVORY PILLAR CANDLE SILVER FLOCK,6,2009-12-16T11:59:00,2.95,13769,United Kingdom
492304,85174,S/4 CACTI CANDLES,4,2009-12-16T11:59:00,4.95,13769,United Kingdom
492403,21232,STRAWBERRY CERAMIC TRINKET BOX,12,2009-12-16T15:45:00,1.25,17091,United Kingdom
492403,21484,CHICK GREY HOT WATER BOTTLE,4,2009-12-16T15:45:00,3.45,17091,United Kingdom
492403,21485,RED SPOT HEART HOT WATER BOTTLE,6,2009-12-16T15:45:00,4.95,17091,United Kingdom
492403,21486,PINK HEART DOTS HOT WATER BOTTLE,8,2009-12-16T15:45:00,3.75,17091,United Kingdom
492403,22067,CHOC TRUFFLE GOLD TRINKET POT,12,2009-12-16T15:45:00,1.65,17091,United Kingdom
492403,22111,SCOTTIE DOG HOT WATER BOTTLE,6,2009-12-16T15:45:00,4.95,17091,United Kingdom
492403,22112,CHOCOLATE HOT WATER BOTTLE,3,2009-12-16T15:45:00,4.95,17091,United Kingdom
492403,22114,HOT WATER BOTTLE TEA AND SYMPATHY,4,2009-12-16T15:45:00,3.95,17091,United Kingdom
492403,22125,UNION JACK HOT WATER BOTTLE,3,2009-12-16T15:45:00,5.95,17091,United Kingdom
492403,84029C,BROWN FURRY HOT WATER BOTTLE,8,2009-12-16T15:45:00,3.75,17091,United Kingdom
492403,84029E,RED WOOLLY HOTTIE WHITE HEART.,8,2009-12-16T15:45:00,3.75,17091,United Kingdom
492403,84029G,KNITTED UNION FLAG HOT WATER BOTTLE,8,2009-12-16T15:45:00,3.75,17091,United Kingdom
493394,20716,PARTY FOOD SHOPPER BAG,1,2009-12-23T13:36:00,1.25,,United Kingdom
493394,21524,SPOTTY  HOME SWEET HOME DOORMAT,1,2009-12-23T13:36:00,6.75,,United Kingdom
493394,21643,ASSORTED TUTTI FRUTTI MIRROR,3,2009-12-23T13:36:00,1.25,,United Kingdom
493394,35646,VINTAGE BEAD PINK EVENING BAG,1,2009-12-23T13:36:00,4.25,,United Kingdom
493394,84482,BUTTONS DESIGN JEWELLERY BOX,1,2009-12-23T13:36:00,3.75,,United Kingdom
493394,85185B,PINK HORSE SOCK PUPPET,1,2009-12-23T13:36:00,2.95,,United Kingdom
493394,85185F,LION SOCK PUPPET,1,2009-12-23T13:36:00,2.95,,United Kingdom
493516,35990,,2,2010-01-04T15:11:00,0,,United Kingdom
494243,21164,HOME SWEET HOME METAL SIGN,288,2010-01-12T15:57:00,2,18102,United Kingdom
494243,21165,BEWARE OF THE CAT METAL SIGN,264,2010-01-12T15:57:00,1,18102,United Kingdom
494243,21174,POTTERING IN THE SHED METAL SIGN,288,2010-01-12T15:57:00,1.4,18102,United Kingdom
494243,21179,NO JUNK MAIL METAL SIGN,288,2010-01-12T15:57:00,0.7,18102,United Kingdom
494243,21308,LOUVRE VANITY MIRROR,126,2010-01-12T15:57:00,5,18102,United Kingdom
494243,21309,LOUVRE CHALKBOARD,41,2010-01-12T15:57:00,6,18102,United Kingdom
494243,21323,HANGING MEDINA LANTERN LARGE,300,2010-01-12T15:57:00,2.8,18102,United Kingdom
494243,21324,HANGING MEDINA LANTERN SMALL,312,2010-01-12T15:57:00,2,18102,United Kingdom
494243,21338,MARAKESH LANTERN SMALL,163,2010-01-12T15:57:00,4,18102,United Kingdom
494243,21340,CLASSIC METAL BIRDCAGE PLANT HOLDER,24,2010-01-12T15:57:00,7,18102,United Kingdom
494243,21443,OLIVE CHALET BIRDFEEDER,208,2010-01-12T15:57:00,2.5,18102,United Kingdom
494243,21444,BLUE CHALET BIRDFEEDER,208,2010-01-12T15:57:00,2.5,18102,United Kingdom
494243,21545,CERAMIC BIRDHOUSE BUTTERFLY SMALL,225,2010-01-12T15:57:00,2,18102,United Kingdom
494243,21547,CERAMIC BIRDHOUSE CRESTED TIT SMALL,225,2010-01-12T15:57:00,2,18102,United Kingdom
494243,21548,CERAMIC BIRDHOUSE FINCH BLUE ROOF,225,2010-01-12T15:57:00,2,18102,United Kingdom
494243,21549,CERAMIC BIRDHOUSE RED ROOF SMALL,240,2010-01-12T15:57:00,2,18102,United Kingdom
494243,21550,CERAMIC BIRDHOUSE CRESTED TIT LARGE,120,2010-01-12T15:57:00,4,18102,United Kingdom
494243,21551,CERAMIC BIRDHOUSE BUTTERFLY LARGE,104,2010-01-12T15:57:00,4,18102,United Kingdom
494243,21552,CERAMIC BIRDHOUSE BLACK ROSE  LARGE,75,2010-01-12T15:57:00,4,18102,United Kingdom
494243,21553,CERAMIC BIRDHOUSE FINCH BLUE  LARGE,27,2010-01-12T15:57:00,4,18102,United Kingdom
494243,21554,CERAMIC BIRDHOUSE RED ROOF LARGE,120,2010-01-12T15:57:00,4,18102,United Kingdom
494243,21728,METAL MEDINA LANTERN,204,2010-01-12T15:57:00,8,18102,United Kingdom
494243,21745,GAOLERS KEYS DECORATIVE GARDEN,204,2010-01-12T15:57:00,2,18102,United Kingdom
494243,21893,POTTING SHED SEED TIN,120,2010-01-12T15:57:00,2.8,18102,United Kingdom
494243,21895,POTTING SHED SOW 'N' GROW SET,240,2010-01-12T15:57:00,1.4,18102,United Kingdom
494243,21896,POTTING SHED TWINE,216,2010-01-12T15:57:00,1.4,18102,United Kingdom
494243,21910,WAY OUT METAL SIGN,288,2010-01-12T15:57:00,1,18102,United Kingdom
494243,21911,GARDEN METAL SIGN,288,2010-01-12T15:57:00,1.3,18102,United Kingdom
494243,22083,PAPER CHAIN KIT RETRO SPOT,120,2010-01-12T15:57:00,2,18102,United Kingdom
494243,22084,PAPER CHAIN KIT EMPIRE,120,2010-01-12T15:57:00,2,18102,United Kingdom
494243,22088,PAPER BUNTING COLOURED LACE,120,2010-01-12T15:57:00,2,18102,United Kingdom
494243,22089,PAPER BUNTING VINTAGE PAISLEY,120,2010-01-12T15:57:00,2,18102,United Kingdom
494243,22090,PAPER BUNTING RETRO SPOTS,120,2010-01-12T15:57:00,2,18102,United Kingdom
494243,22173,METAL 4 HOOK HANGER FRENCH CHATEAU,224,2010-01-12T15:57:00,2,18102,United Kingdom
494243,84767,ZINC POLICE BOX LANTERN,187,2010-01-12T15:57:00,4,18102,United Kingdom
494243,84792,ENCHANTED BIRD COATHANGER 5 HOOK,120,2010-01-12T15:57:00,2.8,18102,United Kingdom
494243,84830,LARGE ENGLISH ARBORETUM,100,2010-01-12T15:57:00,10,18102,United Kingdom
494243,84838,ANT WHITE HIGH RISE BIRD BOX,45,2010-01-12T15:57:00,6,18102,United Kingdom
494243,84925A,WAKE UP COCKEREL WALL THERMOMETER,144,2010-01-12T15:57:00,1.7,18102,United Kingdom
494243,84925D,LA PALMIERA WALL THERMOMETER,271,2010-01-12T15:57:00,1.7,18102,United Kingdom
494243,84925E,FLOWERS WALL THERMOMETER,72,2010-01-12T15:57:00,1.7,18102,United Kingdom
494243,84925F,PSYCHEDELIC WALL THERMOMETER,200,2010-01-12T15:57:00,1.7,18102,United Kingdom
494243,85119,WATERING CAN SINGLE HOOK PISTACHIO,224,2010-01-12T15:57:00,1.1,18102,United Kingdom
494243,85128,PLANTPOT SINGLE HOOK PISTACHIO,164,2010-01-12T15:57:00,1.1,18102,United Kingdom
494244,21456,2 PICTURE BOOK EGGS EASTER CHICKS,300,2010-01-12T16:02:00,0.7,18102,United Kingdom
494244,21457,2 PICTURE BOOK EGGS EASTER DUCKS,300,2010-01-12T16:02:00,0.7,18102,United Kingdom
494244,21458,2 PICTURE BOOK EGGS EASTER BUNNY,300,2010-01-12T16:02:00,0.7,18102,United Kingdom
494244,22241,GARLAND WOODEN HAPPY EASTER,300,2010-01-12T16:02:00,0.7,18102,United Kingdom
494244,22267,EASTER DECORATION EGG BUNNY,300,2010-01-12T16:02:00,0.7,18102,United Kingdom
494244,22281,EASTER TREE YELLOW BIRDS,160,2010-01-12T16:02:00,4,18102,United Kingdom
494244,22282,12 EGG HOUSE PAINTED WOOD,160,2010-01-12T16:02:00,8,18102,United Kingdom
494244,22283,6 EGG HOUSE PAINTED WOOD,160,2010-01-12T16:02:00,5.85,18102,United Kingdom
494244,22284,HEN HOUSE DECORATION,300,2010-01-12T16:02:00,1,18102,United Kingdom
494244,22285,"DECORATION HEN ON NEST, HANGING",300,2010-01-12T16:02:00,1,18102,United Kingdom
494244,22286,"DECORATION , WOBBLY RABBIT , METAL",300,2010-01-12T16:02:00,1,18102,United Kingdom
494244,22287,"DECORATION , WOBBLY CHICKEN, METAL",300,2010-01-12T16:02:00,1,18102,United Kingdom
494244,22288,"DECORATION , HANGING METAL RABBIT",300,2010-01-12T16:02:00,0.7,18102,United Kingdom
494244,22289,"DECORATION , HANGING METAL CHICKEN",300,2010-01-12T16:02:00,0.7,18102,United Kingdom
494244,22290,STANDING METAL RABBIT WITH EGG,300,2010-01-12T16:02:00,1.4,18102,United Kingdom
494244,22291,"SPRING DEC , HANGING CHICK CREAM",300,2010-01-12T16:02:00,0.85,18102,United Kingdom
494244,22292,"SPRING DEC , HANGING CHICK  YELLOW",300,2010-01-12T16:02:00,0.85,18102,United Kingdom
494244,22293,"SPRING DEC , HANGING CHICK  GREEN",300,2010-01-12T16:02:00,0.85,18102,United Kingdom
494254,84925A,,-38,2010-01-12T16:43:00,0,,United Kingdom
494327,20828,GLITTER BUTTERFLY CLIPS,6,2010-01-13T11:57:00,2.55,13576,United Kingdom
494327,20829,GLITTER HANGING BUTTERFLY STRING,8,2010-01-13T11:57:00,2.1,13576,United Kingdom
494327,21137,BLACK RECORD COVER FRAME,48,2010-01-13T11:57:00,3.39,13576,United Kingdom
494327,21421,PORCELAIN ROSE LARGE,12,2010-01-13T11:57:00,1.25,13576,United Kingdom
494327,22041,"RECORD FRAME 7"" SINGLE SIZE",48,2010-01-13T11:57:00,2.1,13576,United Kingdom
494327,22236,CAKE STAND 3 TIER MAGIC GARDEN,1,2010-01-13T11:57:00,12.75,13576,United Kingdom
494327,72741,GRAND CHOCOLATECANDLE,18,2010-01-13T11:57:00,1.45,13576,United Kingdom
494327,82001S,VINYL RECORD FRAME SILVER,24,2010-01-13T11:57:00,3.39,13576,United Kingdom
494362,10135,COLOURING PENCILS BROWN TUBE,2,2010-01-13T15:56:00,1.25,17757,United Kingdom
494362,20751,FUNKY WASHING UP GLOVES ASSORTED,1,2010-01-13T15:56:00,2.1,17757,United Kingdom
494362,20751,FUNKY WASHING UP GLOVES ASSORTED,1,2010-01-13T15:56:00,2.1,17757,United Kingdom
494362,20773,BLUE PAISLEY NOTEBOOK,4,2010-01-13T15:56:00,1.65,17757,United Kingdom
494362,20914,SET/5 RED SPOTTY LID GLASS BOWLS,8,2010-01-13T15:56:00,2.95,17757,United Kingdom
494362,21121,SET/10 RED SPOTTY PARTY CANDLES,2,2010-01-13T15:56:00,1.25,17757,United Kingdom
494362,21156,RED SPOTTY CHILDS APRON,2,2010-01-13T15:56:00,1.95,17757,United Kingdom
494362,21217,RED SPOTTY ROUND CAKE TINS,2,2010-01-13T15:56:00,9.95,17757,United Kingdom
494362,21538,DAIRY MAID  PUDDING BOWL,1,2010-01-13T15:56:00,3.75,17757,United Kingdom
494362,22139,RETRO SPOT TEA SET CERAMIC 11 PC,1,2010-01-13T15:56:00,4.95,17757,United Kingdom
494362,22190,LOCAL CAFE MUG,1,2010-01-13T15:56:00,2.1,17757,United Kingdom
494362,22279,POCKET BAG BLUE PAISLEY RED SPOT,3,2010-01-13T15:56:00,2.1,17757,United Kingdom
494362,22280,POCKET BAG PINK PAISELY BROWN SPOT,3,2010-01-13T15:56:00,2.1,17757,United Kingdom
494362,22328,ROUND SNACK BOXES SET OF 4 FRUITS,3,2010-01-13T15:56:00,2.95,17757,United Kingdom
494362,22329,ROUND CONTAINER SET OF 5 RETROSPOT,2,2010-01-13T15:56:00,1.65,17757,United Kingdom
494362,22367,CHILDS APRON SPACEBOY DESIGN,1,2010-01-13T15:56:00,1.95,17757,United Kingdom
494362,84007,MAGIC GARDEN MOUNT FUJI,2,2010-01-13T15:56:00,2.55,17757,United Kingdom
494362,84536A,ENGLISH ROSE NOTEBOOK A7 SIZE,4,2010-01-13T15:56:00,0.42,17757,United Kingdom
494362,84916,HAND TOWEL PALE BLUE W FLOWERS,2,2010-01-13T15:56:00,5.95,17757,United Kingdom
494374,20913,,7,2010-01-13T16:37:00,0,,United Kingdom
494440,21523,FANCY FONT HOME SWEET HOME DOORMAT,4,2010-01-14T12:46:00,5.95,17850,United Kingdom
494440,21733,RED HANGING HEART T-LIGHT HOLDER,6,2010-01-14T12:46:00,2.55,17850,United Kingdom
494440,21934,SKULL SHOULDER BAG,10,2010-01-14T12:46:00,1.45,17850,United Kingdom
494440,21935,SUKI  SHOULDER BAG,10,2010-01-14T12:46:00,1.45,17850,United Kingdom
494440,21955,UNION JACK GUNS & ROSES  DOORMAT,4,2010-01-14T12:46:00,5.95,17850,United Kingdom
494440,22087,PAPER BUNTING WHITE LACE,6,2010-01-14T12:46:00,2.55,17850,United Kingdom
494440,22173,METAL 4 HOOK HANGER FRENCH CHATEAU,8,2010-01-14T12:46:00,2.55,17850,United Kingdom
494440,22189,CREAM HEART CARD HOLDER,8,2010-01-14T12:46:00,3.39,17850,United Kingdom
494440,22291,"SPRING DEC , HANGING CHICK CREAM",24,2010-01-14T12:46:00,1.25,17850,United Kingdom
494440,22352,LUNCHBOX WITH CUTLERY RETROSPOT,6,2010-01-14T12:46:00,2.1,17850,United Kingdom
494440,82482,WOODEN PICTURE FRAME WHITE FINISH,6,2010-01-14T12:46:00,2.1,17850,United Kingdom
494440,82483,WOOD 2 DRAWER CABINET WHITE FINISH,4,2010-01-14T12:46:00,4.95,17850,United Kingdom
494440,82486,WOOD S/3 CABINET ANT WHITE FINISH,2,2010-01-14T12:46:00,6.95,17850,United Kingdom
494440,82494L,WOODEN FRAME ANTIQUE WHITE,6,2010-01-14T12:46:00,2.55,17850,United Kingdom
494440,85099C,JUMBO  BAG BAROQUE BLACK WHITE,10,2010-01-14T12:46:00,1.65,17850,United Kingdom
494440,85123A,WHITE HANGING HEART T-LIGHT HOLDER,6,2010-01-14T12:46:00,2.55,17850,United Kingdom
494478,15056N,EDWARDIAN PARASOL NATURAL,12,2010-01-14T15:41:00,5.95,14062,United Kingdom
494478,21165,BEWARE OF THE CAT METAL SIGN,48,2010-01-14T15:41:00,1.45,14062,United Kingdom
494478,21175,GIN + TONIC DIET METAL SIGN,48,2010-01-14T15:41:00,1.85,14062,United Kingdom
494478,21181,PLEASE ONE PERSON  METAL SIGN,48,2010-01-14T15:41:00,1.85,14062,United Kingdom
494478,21485,RED SPOT HEART HOT WATER BOTTLE,12,2010-01-14T15:41:00,4.95,14062,United Kingdom
494478,21563,RED HEART SHAPE LOVE BUCKET,2,2010-01-14T15:41:00,2.95,14062,United Kingdom
494478,21729,SMALL MARAKESH METAL  LANTERN,13,2010-01-14T15:41:00,3.25,14062,United Kingdom
494478,21908,CHOCOLATE THIS WAY METAL SIGN,12,2010-01-14T15:41:00,2.1,14062,United Kingdom
494478,22111,SCOTTIE DOG HOT WATER BOTTLE,12,2010-01-14T15:41:00,4.95,14062,United Kingdom
494478,35004C,SET OF 3 COLOURED  FLYING DUCKS,24,2010-01-14T15:41:00,4.65,14062,United Kingdom
494478,48138,DOOR MAT UNION FLAG,10,2010-01-14T15:41:00,5.95,14062,United Kingdom
494478,79067,CORONA MEXICAN TRAY,7,2010-01-14T15:41:00,3.75,14062,United Kingdom
494478,82583,HOT BATHS METAL SIGN,12,2010-01-14T15:41:00,2.1,14062,United Kingdom
494478,82600,NO SINGING METAL SIGN,12,2010-01-14T15:41:00,2.1,14062,United Kingdom
494478,84029E,RED WOOLLY HOTTIE WHITE HEART.,5,2010-01-14T15:41:00,3.75,14062,United Kingdom
494478,84029G,KNITTED UNION FLAG HOT WATER BOTTLE,24,2010-01-14T15:41:00,3.39,14062,United Kingdom
494478,84378,SET OF 3 HEART COOKIE CUTTERS,34,2010-01-14T15:41:00,1.25,14062,United Kingdom
494478,84832,ZINC WILLIE WINKIE  CANDLE STICK,25,2010-01-14T15:41:00,0.85,14062,United Kingdom
494478,84970L,SINGLE HEART ZINC T-LIGHT HOLDER,24,2010-01-14T15:41:00,0.95,14062,United Kingdom
494478,85150,LADIES & GENTLEMEN METAL SIGN,12,2010-01-14T15:41:00,2.55,14062,United Kingdom
494804,16161P,WRAP ENGLISH ROSE,25,2010-01-18T15:10:00,0.42,15298,United Kingdom
494804,20712,JUMBO BAG WOODLAND ANIMALS,10,2010-01-18T15:10:00,1.95,15298,United Kingdom
494804,20713,JUMBO BAG OWLS,10,2010-01-18T15:10:00,1.95,15298,United Kingdom
494804,20719,WOODLAND CHARLOTTE BAG,10,2010-01-18T15:10:00,0.85,15298,United Kingdom
494804,20723,STRAWBERRY CHARLOTTE BAG,10,2010-01-18T15:10:00,0.85,15298,United Kingdom
494804,20729,RED SPOTTY CANDY BAG,10,2010-01-18T15:10:00,1.25,15298,United Kingdom
494804,20730,STRAWBERRY CANDY BAG,10,2010-01-18T15:10:00,1.25,15298,United Kingdom
494804,21232,STRAWBERRY CERAMIC TRINKET BOX,12,2010-01-18T15:10:00,1.25,15298,United Kingdom
494804,21504,SKULLS GREETING CARD,12,2010-01-18T15:10:00,0.42,15298,United Kingdom
494804,21508,VINTAGE KID DOLLY CARD,12,2010-01-18T15:10:00,0.42,15298,United Kingdom
494804,21577,SAVE THE PLANET COTTON TOTE BAG,6,2010-01-18T15:10:00,2.25,15298,United Kingdom
494804,21578,WOODLAND DESIGN  COTTON TOTE BAG,6,2010-01-18T15:10:00,2.25,15298,United Kingdom
494804,21930,JUMBO STORAGE BAG SKULLS,10,2010-01-18T15:10:00,1.95,15298,United Kingdom
494804,21931,JUMBO STORAGE BAG SUKI,10,2010-01-18T15:10:00,1.95,15298,United Kingdom
494804,22023,EMPIRE BIRTHDAY CARD,12,2010-01-18T15:10:00,0.42,15298,United Kingdom
494804,22027,TEA PARTY BIRTHDAY CARD,12,2010-01-18T15:10:00,0.42,15298,United Kingdom
494804,22046,TEA PARTY  WRAPPING PAPER,25,2010-01-18T15:10:00,0.42,15298,United Kingdom
494804,22064,PINK DOUGHNUT TRINKET POT,12,2010-01-18T15:10:00,1.65,15298,United Kingdom
494804,22243,"HOOK, 5 HANGER ,MAGIC TOADSTOOL RED",12,2010-01-18T15:10:00,1.65,15298,United Kingdom
494804,22244,"HOOK, 3 HANGER ,MAGIC GARDEN",12,2010-01-18T15:10:00,1.95,15298,United Kingdom
494804,22326,ROUND SNACK BOXES SET OF4 WOODLAND,6,2010-01-18T15:10:00,2.95,15298,United Kingdom
494804,22355,"CHARLOTTE BAG , SUKI DESIGN",10,2010-01-18T15:10:00,0.85,15298,United Kingdom
494804,79323P,PINK CHERRY LIGHTS,4,2010-01-18T15:10:00,6.75,15298,United Kingdom
494804,79323W,WHITE CHERRY LIGHTS,4,2010-01-18T15:10:00,6.75,15298,United Kingdom
494804,84247G,"DECOUPAGE,GREETING CARD,",12,2010-01-18T15:10:00,0.42,15298,United Kingdom
494804,84247H,PACK/12 DECOUPAGE CARD,6,2010-01-18T15:10:00,2.95,15298,United Kingdom
494804,84675,FROG KING WATERING CAN,6,2010-01-18T15:10:00,2.95,15298,United Kingdom
494804,84676,BATH DUCK WATERING CAN,6,2010-01-18T15:10:00,2.95,15298,United Kingdom
494804,85099B,JUMBO BAG RED WHITE SPOTTY,10,2010-01-18T15:10:00,1.95,15298,United Kingdom
494804,85099C,JUMBO  BAG BAROQUE BLACK WHITE,10,2010-01-18T15:10:00,1.95,15298,United Kingdom
494804,85099F,JUMBO BAG STRAWBERRY,10,2010-01-18T15:10:00,1.95,15298,United Kingdom
495020,20685,RED SPOTTY COIR DOORMAT,3,2010-01-20T13:24:00,6.75,16200,United Kingdom
495020,20800,LARGE GLASS SUNDAE DISH CLEAR,4,2010-01-20T13:24:00,2.55,16200,United Kingdom
495020,21042,RED SPOTTY APRON,3,2010-01-20T13:24:00,5.95,16200,United Kingdom
495020,21114,LAVENDER SCENTED FABRIC HEART,20,2010-01-20T13:24:00,1.25,16200,United Kingdom
495020,21232,STRAWBERRY CERAMIC TRINKET BOX,2,2010-01-20T13:24:00,1.25,16200,United Kingdom
495020,21232,STRAWBERRY CERAMIC TRINKET BOX,4,2010-01-20T13:24:00,1.25,16200,United Kingdom
495020,21333,CLASSIC WHITE FRAME,4,2010-01-20T13:24:00,2.95,16200,United Kingdom
495020,21443,OLIVE CHALET BIRDFEEDER,3,2010-01-20T13:24:00,3.75,16200,United Kingdom
495020,21444,BLUE CHALET BIRDFEEDER,3,2010-01-20T13:24:00,3.75,16200,United Kingdom
495020,21481,FAWN BLUE HOT WATER BOTTLE,2,2010-01-20T13:24:00,2.95,16200,United Kingdom
495020,21482,MUSHROOM BLUE HOT WATER BOTTLE,2,2010-01-20T13:24:00,2.95,16200,United Kingdom
495020,21494,ROTATING LEAVES T-LIGHT HOLDER,12,2010-01-20T13:24:00,2.55,16200,United Kingdom
495020,21523,FANCY FONT HOME SWEET HOME DOORMAT,4,2010-01-20T13:24:00,6.75,16200,United Kingdom
495020,21524,SPOTTY  HOME SWEET HOME DOORMAT,4,2010-01-20T13:24:00,6.75,16200,United Kingdom
495020,21665,TRIANGULAR RIDGED GLASS POSY HOLDER,36,2010-01-20T13:24:00,0.65,16200,United Kingdom
495020,21733,RED HANGING HEART T-LIGHT HOLDER,15,2010-01-20T13:24:00,2.95,16200,United Kingdom
495020,21754,HOME BUILDING BLOCK WORD,8,2010-01-20T13:24:00,5.95,16200,United Kingdom
495020,21755,LOVE BUILDING BLOCK WORD,6,2010-01-20T13:24:00,5.95,16200,United Kingdom
495020,21955,DOORMAT UNION JACK GUNS AND ROSES,4,2010-01-20T13:24:00,6.75,16200,United Kingdom
495020,22064,PINK DOUGHNUT TRINKET POT,3,2010-01-20T13:24:00,1.65,16200,United Kingdom
495020,22125,UNION JACK HOT WATER BOTTLE,2,2010-01-20T13:24:00,5.95,16200,United Kingdom
495020,22230,JIGSAW TREE WITH WATERING CAN,3,2010-01-20T13:24:00,0.85,16200,United Kingdom
495020,22231,JIGSAW TREE WITH BIRDHOUSE,2,2010-01-20T13:24:00,1.45,16200,United Kingdom
495020,22367,CHILDS APRON SPACEBOY DESIGN,3,2010-01-20T13:24:00,1.95,16200,United Kingdom
495020,35004B,SET OF 3 BLACK FLYING DUCKS,5,2010-01-20T13:24:00,5.45,16200,United Kingdom
495020,35004P,SET OF 3 PINK FLYING DUCKS,4,2010-01-20T13:24:00,5.45,16200,United Kingdom
495020,35809A,ENAMEL PINK TEA CONTAINER,1,2010-01-20T13:24:00,2.1,16200,United Kingdom
495020,48116,DOOR MAT MULTICOLOUR STRIPE,3,2010-01-20T13:24:00,6.75,16200,United Kingdom
495020,48129,DOOR MAT TOPIARY,3,2010-01-20T13:24:00,6.75,16200,United Kingdom
495020,48138,DOOR MAT UNION FLAG,4,2010-01-20T13:24:00,6.75,16200,United Kingdom
495020,48184,DOOR MAT ENGLISH ROSE,3,2010-01-20T13:24:00,6.75,16200,United Kingdom
495020,48185,DOOR MAT FAIRY CAKE,3,2010-01-20T13:24:00,6.75,16200,United Kingdom
495020,48187,DOOR MAT NEW ENGLAND,3,2010-01-20T13:24:00,6.75,16200,United Kingdom
495020,48189,DOOR MAT FRIENDSHIP,2,2010-01-20T13:24:00,6.75,16200,United Kingdom
495020,71459,HANGING JAM JAR T-LIGHT HOLDER,12,2010-01-20T13:24:00,0.85,16200,United Kingdom
495020,79030G,"TUMBLER, NEW ENGLAND",6,2010-01-20T13:24:00,1.65,16200,United Kingdom
495020,84031A,CHARLIE+LOLA RED HOT WATER BOTTLE,2,2010-01-20T13:24:00,4.65,16200,United Kingdom
495020,84031B,CHARLIE LOLA BLUE HOT WATER BOTTLE,2,2010-01-20T13:24:00,4.65,16200,United Kingdom
495020,84755,COLOUR GLASS T-LIGHT HOLDER HANGING,8,2010-01-20T13:24:00,0.65,16200,United Kingdom
495020,84773,RED ROSE AND LACE C/COVER,2,2010-01-20T13:24:00,2.95,16200,United Kingdom
495020,84832,ZINC WILLIE WINKIE  CANDLE STICK,15,2010-01-20T13:24:00,0.85,16200,United Kingdom
495020,84879,ASSORTED COLOUR BIRD ORNAMENT,24,2010-01-20T13:24:00,1.69,16200,United Kingdom
495020,84970S,HANGING HEART ZINC T-LIGHT HOLDER,12,2010-01-20T13:24:00,0.85,16200,United Kingdom
495020,85042,ANTIQUE LILY FAIRY LIGHTS,6,2010-01-20T13:24:00,4.95,16200,United Kingdom
495020,85053,FRENCH ENAMEL CANDLEHOLDER,2,2010-01-20T13:24:00,2.1,16200,United Kingdom
495020,85123A,WHITE HANGING HEART T-LIGHT HOLDER,20,2010-01-20T13:24:00,2.95,16200,United Kingdom
495020,85165,CANDY PINK FRENCH BOUDOIR CLOCK,1,2010-01-20T13:24:00,9.95,16200,United Kingdom
495020,85232A,SET/3 POLKA DOT STACKING TINS,4,2010-01-20T13:24:00,4.95,16200,United Kingdom
495235,M,Manual,1,2010-01-22T09:40:00,1193.89,14156,EIRE
495303,84933C,,4,2010-01-22T13:43:00,0,,United Kingdom
495380,21185,HOME SWEET HOME  BLACKBOARD,3,2010-01-24T13:51:00,6.35,16592,United Kingdom
495380,21355,TOAST ITS - I LOVE YOU,12,2010-01-24T13:51:00,1.25,16592,United Kingdom
495380,21428,SET3 BOOK BOX GREEN GINGHAM FLOWER,4,2010-01-24T13:51:00,4.25,16592,United Kingdom
495380,21429,RED GINGHAM ROSE JEWELLERY BOX,8,2010-01-24T13:51:00,1.65,16592,United Kingdom
495380,21621,VINTAGE UNION JACK BUNTING,2,2010-01-24T13:51:00,8.5,16592,United Kingdom
495380,22058,CERAMIC LOVE HEARTS DESIGN MUG,12,2010-01-24T13:51:00,1.49,16592,United Kingdom
495380,22066,LOVE HEART TRINKET POT,12,2010-01-24T13:51:00,1.45,16592,United Kingdom
495380,22111,SCOTTIE DOG HOT WATER BOTTLE,3,2010-01-24T13:51:00,4.95,16592,United Kingdom
495380,22185,SLATE TILE NATURAL HANGING,12,2010-01-24T13:51:00,1.65,16592,United Kingdom
495380,48138,DOOR MAT UNION FLAG,4,2010-01-24T13:51:00,6.75,16592,United Kingdom
495380,48184,DOOR MAT ENGLISH ROSE,2,2010-01-24T13:51:00,6.75,16592,United Kingdom
495380,84029E,RED WOOLLY HOTTIE WHITE HEART.,12,2010-01-24T13:51:00,3.75,16592,United Kingdom
495380,84029G,KNITTED UNION FLAG HOT WATER BOTTLE,12,2010-01-24T13:51:00,3.75,16592,United Kingdom
495380,85049C,ROMANTIC PINKS RIBBONS,12,2010-01-24T13:51:00,1.25,16592,United Kingdom
495488,20901,VINTAGE KEEPSAKE BOX PINK FLOWER,2,2010-01-25T12:19:00,6.35,14911,EIRE
495488,20906,VINTAGE NOTEBOOK BEAUTY GIRL,6,2010-01-25T12:19:00,2.95,14911,EIRE
495488,20993,JAZZ HEARTS MEMO PAD,12,2010-01-25T12:19:00,0.85,14911,EIRE
495488,21068,VINTAGE BILLBOARD LOVE/HATE MUG,12,2010-01-25T12:19:00,1.25,14911,EIRE
495488,21485,RED SPOT HEART HOT WATER BOTTLE,6,2010-01-25T12:19:00,4.95,14911,EIRE
495488,21843,RETRO SPOT CAKE STAND,5,2010-01-25T12:19:00,10.95,14911,EIRE
495488,22132,RED LOVE HEART SHAPE CUP,24,2010-01-25T12:19:00,0.85,14911,EIRE
495488,35096A,BLUE VICTORIAN FABRIC HEART BOX,24,2010-01-25T12:19:00,0.42,14911,EIRE
495488,37503,TEA TIME CAKE STAND IN GIFT BOX,4,2010-01-25T12:19:00,10.75,14911,EIRE
495488,48129,DOOR MAT TOPIARY,4,2010-01-25T12:19:00,6.75,14911,EIRE
495488,48184,DOOR MAT ENGLISH ROSE,4,2010-01-25T12:19:00,6.75,14911,EIRE
495488,82486,WOOD S/3 CABINET ANT WHITE FINISH,8,2010-01-25T12:19:00,7.95,14911,EIRE
495488,84029E,RED WOOLLY HOTTIE WHITE HEART.,8,2010-01-25T12:19:00,3.75,14911,EIRE
495488,84050,PINK HEART SHAPE EGG FRYING PAN,18,2010-01-25T12:19:00,1.65,14911,EIRE
495488,84791,GINGHAM HEART DECORATION,6,2010-01-25T12:19:00,2.95,14911,EIRE
495488,84912A,PINK ROSE WASHBAG,4,2010-01-25T12:19:00,3.75,14911,EIRE
495488,84937,KASHMIR FOLKART TUMBLERS,12,2010-01-25T12:19:00,2.1,14911,EIRE
495488,84970L,SINGLE HEART ZINC T-LIGHT HOLDER,12,2010-01-25T12:19:00,0.95,14911,EIRE
495488,85016,SET OF 6 VINTAGE NOTELETS KIT,6,2010-01-25T12:19:00,2.55,14911,EIRE
495488,85066,CREAM SWEETHEART MINI CHEST,6,2010-01-25T12:19:00,12.75,14911,EIRE
495488,85184C,S/4 VALENTINE DECOUPAGE HEART BOX,6,2010-01-25T12:19:00,2.95,14911,EIRE
495488,90005A,JADE GREEN ENAMEL HAIR COMB,4,2010-01-25T12:19:00,1.95,14911,EIRE
495488,C2,CARRIAGE,1,2010-01-25T12:19:00,50,14911,EIRE
495514,21663,VINTAGE GLASS SUGAR CADDY,1,2010-01-25T14:26:00,5.95,13564,United Kingdom
495514,21899,"KEY FOB , GARAGE DESIGN",6,2010-01-25T14:26:00,0.65,13564,United Kingdom
495514,21900,"KEY FOB , SHED",5,2010-01-25T14:26:00,0.65,13564,United Kingdom
495514,21901,"KEY FOB , BACK DOOR",10,2010-01-25T14:26:00,0.65,13564,United Kingdom
495514,21902,"KEY FOB , FRONT  DOOR",11,2010-01-25T14:26:00,0.65,13564,United Kingdom
495514,22085,PAPER CHAIN KIT SKULLS,2,2010-01-25T14:26:00,2.95,13564,United Kingdom
495514,22112,CHOCOLATE HOT WATER BOTTLE,2,2010-01-25T14:26:00,4.95,13564,United Kingdom
495514,22172,METAL SHELF WITH RAIL,1,2010-01-25T14:26:00,8.5,13564,United Kingdom
495514,22175,PINK OWL SOFT TOY,3,2010-01-25T14:26:00,2.95,13564,United Kingdom
495514,22176,BLUE OWL SOFT TOY,3,2010-01-25T14:26:00,2.95,13564,United Kingdom
495514,22177,5 HOOK BLACKBOARD ORGANISER,1,2010-01-25T14:26:00,9.95,13564,United Kingdom
495514,37503,TEA TIME CAKE STAND IN GIFT BOX,1,2010-01-25T14:26:00,10.75,13564,United Kingdom
495514,48111,DOOR MAT 3 SMILEY CATS,1,2010-01-25T14:26:00,6.75,13564,United Kingdom
495514,48188,DOOR MAT WELCOME PUPPIES,3,2010-01-25T14:26:00,6.75,13564,United Kingdom
495514,72351A,SET/6 TURQUOISE BUTTERFLY T-LIGHTS,2,2010-01-25T14:26:00,2.1,13564,United Kingdom
495514,72351B,SET/6 PINK  BUTTERFLY T-LIGHTS,2,2010-01-25T14:26:00,2.1,13564,United Kingdom
495514,72728,ROSE SCENT CANDLES IN GLASS,9,2010-01-25T14:26:00,0.85,13564,United Kingdom
495514,82494L,WOODEN FRAME ANTIQUE WHITE,2,2010-01-25T14:26:00,2.95,13564,United Kingdom
495514,82551,LAUNDRY 15C METAL SIGN,2,2010-01-25T14:26:00,1.25,13564,United Kingdom
495514,85049C,ROMANTIC PINKS RIBBONS,1,2010-01-25T14:26:00,1.25,13564,United Kingdom
495514,85049D,BRIGHT BLUES RIBBONS,1,2010-01-25T14:26:00,1.25,13564,United Kingdom
495514,85049H,URBAN BLACK RIBBONS,1,2010-01-25T14:26:00,1.25,13564,United Kingdom
496346,44091C,MULTICOLOUR CRUSOE CHECK LAMPSHADE,1,2010-01-31T15:57:00,0.42,,United Kingdom
496346,47310M,"SMALL POP BOX,FUNKY MONKEY",3,2010-01-31T15:57:00,1.25,,United Kingdom
496489,22139,,1,2010-02-01T17:17:00,0,,United Kingdom
496714,79302C,,-1,2010-02-03T13:55:00,0,,United Kingdom
496816,21136,PAINTED METAL PEARS ASSORTED,8,2010-02-04T09:59:00,1.69,14497,United Kingdom
496816,21388,IVORY HANGING DECORATION  CHICKEN,12,2010-02-04T09:59:00,0.85,14497,United Kingdom
496816,21652,GLASS ETCHED T-LIGHT HOLDER MEDIUM,12,2010-02-04T09:59:00,1.95,14497,United Kingdom
496816,22172,METAL SHELF WITH RAIL,2,2010-02-04T09:59:00,8.5,14497,United Kingdom
496816,22173,METAL 4 HOOK HANGER FRENCH CHATEAU,8,2010-02-04T09:59:00,2.95,14497,United Kingdom
496816,22283,6 EGG HOUSE PAINTED WOOD,2,2010-02-04T09:59:00,7.95,14497,United Kingdom
496816,22297,HEART IVORY TRELLIS SMALL,24,2010-02-04T09:59:00,1.25,14497,United Kingdom
496816,84469,ROSE DES PADDED FLOOR CUSHION,6,2010-02-04T09:59:00,6.95,14497,United Kingdom
496816,84879,ASSORTED COLOUR BIRD ORNAMENT,8,2010-02-04T09:59:00,1.69,14497,United Kingdom
496816,84880,WHITE WIRE EGG HOLDER,3,2010-02-04T09:59:00,5.95,14497,United Kingdom
496816,84971L,LARGE HEART FLOWERS HOOK,12,2010-02-04T09:59:00,1.25,14497,United Kingdom
496919,20725,LUNCH BAG RED SPOTTY,10,2010-02-04T15:41:00,1.65,16986,United Kingdom
496919,20726,LUNCH BAG WOODLAND,10,2010-02-04T15:41:00,1.65,16986,United Kingdom
496919,20914,SET/5 RED SPOTTY LID GLASS BOWLS,6,2010-02-04T15:41:00,2.95,16986,United Kingdom
496919,20972,PINK CREAM FELT CRAFT TRINKET BOX,12,2010-02-04T15:41:00,1.25,16986,United Kingdom
496919,21214,SET OF 72 IVORY PAPER DOILIES,12,2010-02-04T15:41:00,1.45,16986,United Kingdom
496919,21354,TOAST ITS - BEST MUM,12,2010-02-04T15:41:00,1.25,16986,United Kingdom
496919,21355,TOAST ITS - I LOVE YOU,12,2010-02-04T15:41:00,1.25,16986,United Kingdom
496919,21524,SPOTTY  HOME SWEET HOME DOORMAT,4,2010-02-04T15:41:00,6.75,16986,United Kingdom
496919,21977,PACK OF 60 PINK PAISLEY CAKE CASES,24,2010-02-04T15:41:00,0.55,16986,United Kingdom
496919,22021,BLUE FELT EASTER EGG BASKET,6,2010-02-04T15:41:00,1.65,16986,United Kingdom
496919,22147,FELTCRAFT BUTTERFLY HEARTS,12,2010-02-04T15:41:00,1.45,16986,United Kingdom
496919,22150,3 STRIPEY MICE FELTCRAFT,6,2010-02-04T15:41:00,1.95,16986,United Kingdom
496919,22189,CREAM HEART CARD HOLDER,8,2010-02-04T15:41:00,3.95,16986,United Kingdom
496919,22227,"DECORATION, HANGING HEART+MIRROR",24,2010-02-04T15:41:00,0.65,16986,United Kingdom
496919,22318,FIVE HEART HANGING DECORATION,12,2010-02-04T15:41:00,2.95,16986,United Kingdom
496919,22326,ROUND SNACK BOXES SET OF4 WOODLAND,6,2010-02-04T15:41:00,2.95,16986,United Kingdom
496919,22352,LUNCHBOX WITH CUTLERY RETROSPOT,6,2010-02-04T15:41:00,2.55,16986,United Kingdom
496919,22377,BOTTLE BAG RETROSPOT,10,2010-02-04T15:41:00,2.1,16986,United Kingdom
496919,22383,LUNCHBAG SUKI  DESIGN,10,2010-02-04T15:41:00,1.65,16986,United Kingdom
496919,48138,DOOR MAT UNION FLAG,4,2010-02-04T15:41:00,6.75,16986,United Kingdom
496919,48188,DOOR MAT WELCOME PUPPIES,4,2010-02-04T15:41:00,6.75,16986,United Kingdom
496919,84988,SET OF 72 PINK HEART PAPER DOILIES,12,2010-02-04T15:41:00,1.45,16986,United Kingdom
496919,84992,72 SWEETHEART FAIRY CAKE CASES,24,2010-02-04T15:41:00,0.55,16986,United Kingdom
496919,85065,CREAM SWEETHEART TRAYS,2,2010-02-04T15:41:00,12.75,16986,United Kingdom
496919,85206B,PINK FELT EASTER EGG BASKET,12,2010-02-04T15:41:00,1.65,16986,United Kingdom
497179,90197C,,-11,2010-02-05T17:28:00,0,,United Kingdom
497212,20718,RED SPOTTY SHOPPER BAG,10,2010-02-07T13:30:00,1.25,18051,United Kingdom
497212,21843,RETRO SPOT CAKE STAND,2,2010-02-07T13:30:00,10.95,18051,United Kingdom
497212,21935,SUKI  SHOULDER BAG,100,2010-02-07T13:30:00,1.45,18051,United Kingdom
497212,22055,MINI CAKE STAND  HANGING STRAWBERY,32,2010-02-07T13:30:00,1.45,18051,United Kingdom
497212,22356,"CHARLOTTE BAG , PINK/WHITE SPOTS",20,2010-02-07T13:30:00,0.85,18051,United Kingdom
497212,22380,TOY TIDY SPACEBOY,5,2010-02-07T13:30:00,2.1,18051,United Kingdom
497212,22381,TOY TIDY PINK RETROSPOT,5,2010-02-07T13:30:00,2.1,18051,United Kingdom
497212,37450,CERAMIC CAKE BOWL + HANGING CAKES,18,2010-02-07T13:30:00,2.55,18051,United Kingdom
497875,20718,RED SPOTTY SHOPPER BAG,100,2010-02-14T10:19:00,1.06,17029,United Kingdom
497875,85099B,JUMBO BAG RED WHITE SPOTTY,100,2010-02-14T10:19:00,1.65,17029,United Kingdom
498114,17129F,DEEP BLUE GLASS GEMS IN BAG,24,2010-02-16T14:32:00,0.64,15311,United Kingdom
498114,18007,ESSENTIAL BALM 3.5g TIN IN ENVELOPE,4,2010-02-16T14:32:00,0.18,15311,United Kingdom
498114,20685,DOOR MAT RED SPOT,10,2010-02-16T14:32:00,6.35,15311,United Kingdom
498114,20719,WOODLAND CHARLOTTE BAG,100,2010-02-16T14:32:00,0.72,15311,United Kingdom
498114,20723,STRAWBERRY CHARLOTTE BAG,100,2010-02-16T14:32:00,0.72,15311,United Kingdom
498114,20724,RED SPOTTY CHARLOTTE BAG,100,2010-02-16T14:32:00,0.72,15311,United Kingdom
498114,20751,FUNKY WASHING UP GLOVES ASSORTED,2,2010-02-16T14:32:00,2.1,15311,United Kingdom
498114,20892,SET/3 TALL GLASS CANDLE HOLDER PINK,8,2010-02-16T14:32:00,9.95,15311,United Kingdom
498114,20897,VINTAGE NOTEBOOK PARIS DAYS,2,2010-02-16T14:32:00,2.95,15311,United Kingdom
498114,20986,BLUE CALCULATOR RULER,2,2010-02-16T14:32:00,1.25,15311,United Kingdom
498114,21085,SET/6 WOODLAND PAPER CUPS,4,2010-02-16T14:32:00,0.65,15311,United Kingdom
498114,21172,PARTY METAL SIGN,2,2010-02-16T14:32:00,1.45,15311,United Kingdom
498114,21175,GIN + TONIC DIET METAL SIGN,1,2010-02-16T14:32:00,2.1,15311,United Kingdom
498114,21179,NO JUNK MAIL METAL SIGN,2,2010-02-16T14:32:00,1.25,15311,United Kingdom
498114,21211,SET OF 72 SKULL PAPER  DOILIES,1,2010-02-16T14:32:00,1.45,15311,United Kingdom
498114,21247,SET OF RED SALAD SERVERS,1,2010-02-16T14:32:00,1.49,15311,United Kingdom
498114,21258,VICTORIAN SEWING BOX LARGE,8,2010-02-16T14:32:00,10.95,15311,United Kingdom
498114,21272,SALLE DE BAIN HOOK,144,2010-02-16T14:32:00,1.06,15311,United Kingdom
498114,21319,GLASS CHALICE GREEN  SMALL,36,2010-02-16T14:32:00,1.45,15311,United Kingdom
498114,21320,GLASS CHALICE GREEN  LARGE,24,2010-02-16T14:32:00,2.1,15311,United Kingdom
498114,21389,IVORY HANGING DECORATION  BIRD,4,2010-02-16T14:32:00,0.85,15311,United Kingdom
498114,21437,24 HANGING EASTER EGGS FLORAL TUB,72,2010-02-16T14:32:00,2.95,15311,United Kingdom
498114,21439,BASKET OF TOADSTOOLS,2,2010-02-16T14:32:00,1.25,15311,United Kingdom
498114,21456,2 PICTURE BOOK EGGS EASTER CHICKS,1,2010-02-16T14:32:00,1.25,15311,United Kingdom
498114,21485,RED SPOT HEART HOT WATER BOTTLE,24,2010-02-16T14:32:00,4.25,15311,United Kingdom
498114,21557,SET OF 6 FUNKY BEAKERS,2,2010-02-16T14:32:00,2.95,15311,United Kingdom
498114,21864,UNION JACK FLAG PASSPORT COVER,2,2010-02-16T14:32:00,2.1,15311,United Kingdom
498114,21865,PINK UNION JACK  PASSPORT COVER,1,2010-02-16T14:32:00,2.1,15311,United Kingdom
498114,21867,PINK UNION JACK  LUGGAGE TAG,1,2010-02-16T14:32:00,1.25,15311,United Kingdom
498114,21906,PHARMACIE FIRST AID TIN,16,2010-02-16T14:32:00,5.95,15311,United Kingdom
498114,21947,SET OF 6 HEART CHOPSTICKS,6,2010-02-16T14:32:00,1.25,15311,United Kingdom
498114,21949,SET OF 6 STRAWBERRY CHOPSTICKS,6,2010-02-16T14:32:00,1.25,15311,United Kingdom
498114,21955,DOOR MAT UNION JACK GUNS AND ROSES,10,2010-02-16T14:32:00,6.35,15311,United Kingdom
498114,21988,PACK OF 6 SKULL PAPER PLATES,2,2010-02-16T14:32:00,0.85,15311,United Kingdom
498114,21989,PACK OF 20 SKULL PAPER NAPKINS,1,2010-02-16T14:32:00,0.85,15311,United Kingdom
498114,22218,CAKE STAND LACE WHITE,24,2010-02-16T14:32:00,3.75,15311,United Kingdom
498114,22325,MOBILE VINTAGE HEARTS,2,2010-02-16T14:32:00,4.95,15311,United Kingdom
498114,22384,LUNCH BAG PINK RETROSPOT,100,2010-02-16T14:32:00,1.45,15311,United Kingdom
498114,22386,JUMBO BAG PINK WITH WHITE SPOTS,100,2010-02-16T14:32:00,1.65,15311,United Kingdom
498114,35809A,ENAMEL PINK TEA CONTAINER,1,2010-02-16T14:32:00,2.1,15311,United Kingdom
498114,37333,"RETRO ""TEA FOR ONE""",1,2010-02-16T14:32:00,4.95,15311,United Kingdom
498114,37449,CERAMIC CAKE STAND + HANGING CAKES,8,2010-02-16T14:32:00,8.5,15311,United Kingdom
498114,37450,CERAMIC CAKE BOWL + HANGING CAKES,21,2010-02-16T14:32:00,2.55,15311,United Kingdom
498114,37485,ENGLISH ROSE TEA SET IN GIFT BOX,1,2010-02-16T14:32:00,4.65,15311,United Kingdom
498114,37503,TEA TIME CAKE STAND IN GIFT BOX,12,2010-02-16T14:32:00,9.95,15311,United Kingdom
498114,46118,FUNKY MONKEY CUSHION COVER,1,2010-02-16T14:32:00,0.85,15311,United Kingdom
498114,46118,FUNKY MONKEY CUSHION COVER,3,2010-02-16T14:32:00,0.85,15311,United Kingdom
498114,47421,ASSORTED COLOUR LIZARD SUCTION HOOK,120,2010-02-16T14:32:00,0.36,15311,United Kingdom
498114,47556B,TEA TIME TEA TOWELS,3,2010-02-16T14:32:00,2.95,15311,United Kingdom
498114,47559B,TEA TIME OVEN GLOVE,4,2010-02-16T14:32:00,1.25,15311,United Kingdom
498114,47591D,PINK FAIRY CAKE CHILD'S APRON,50,2010-02-16T14:32:00,1.65,15311,United Kingdom
498114,47598,NEW ENGLAND EGG WARMER,4,2010-02-16T14:32:00,0.55,15311,United Kingdom
498114,48111,DOOR MAT 3 SMILEY CATS,10,2010-02-16T14:32:00,6.35,15311,United Kingdom
498114,48129,DOOR MAT TOPIARY,10,2010-02-16T14:32:00,6.35,15311,United Kingdom
498114,48185,DOOR MAT FAIRY CAKE,10,2010-02-16T14:32:00,6.35,15311,United Kingdom
498114,71270,PHOTO CLIP LINE,5,2010-02-16T14:32:00,1.25,15311,United Kingdom
498114,72008,FROSTED BOX 9 WHITE T-LIGHT CANDLES,4,2010-02-16T14:32:00,0.42,15311,United Kingdom
498114,82486,WOOD S/3 CABINET ANT WHITE FINISH,12,2010-02-16T14:32:00,6.95,15311,United Kingdom
498114,82494L,WOODEN FRAME ANTIQUE WHITE,24,2010-02-16T14:32:00,2.55,15311,United Kingdom
498114,82551,LAUNDRY 15C METAL SIGN,96,2010-02-16T14:32:00,1.06,15311,United Kingdom
498114,82613A,"METAL SIGN,CUPCAKE SINGLE HOOK",1,2010-02-16T14:32:00,1.25,15311,United Kingdom
498114,82613C,"METAL SIGN,CUPCAKE SINGLE HOOK",1,2010-02-16T14:32:00,1.25,15311,United Kingdom
498114,82613D,METAL SIGN CUPCAKE SINGLE HOOK,1,2010-02-16T14:32:00,1.25,15311,United Kingdom
498114,84454,WOBBLING METAL CHICKEN EASTER,3,2010-02-16T14:32:00,0.85,15311,United Kingdom
498114,84499,BLACK FLOWER CANDLE PLATE,72,2010-02-16T14:32:00,0.64,15311,United Kingdom
498114,84509A,SET OF 4 ENGLISH ROSE PLACEMATS,24,2010-02-16T14:32:00,2.95,15311,United Kingdom
498114,84510F,SET OF 4 NEW ENGLAND COASTERS,4,2010-02-16T14:32:00,1.25,15311,United Kingdom
498114,84520B,PACK 20 ENGLISH ROSE PAPER NAPKINS,96,2010-02-16T14:32:00,0.64,15311,United Kingdom
498114,84596B,SMALL DOLLY MIX DESIGN ORANGE BOWL,8,2010-02-16T14:32:00,1.25,15311,United Kingdom
498114,84596F,SMALL MARSHMALLOWS PINK BOWL,8,2010-02-16T14:32:00,1.25,15311,United Kingdom
498114,84673A,PINK FLY SWAT,96,2010-02-16T14:32:00,0.53,15311,United Kingdom
498114,84750A,PINK SMALL GLASS CAKE STAND,32,2010-02-16T14:32:00,1.65,15311,United Kingdom
498114,84750B,BLACK SMALL GLASS CAKE STAND,32,2010-02-16T14:32:00,1.65,15311,United Kingdom
498114,84925A,WAKE UP COCKEREL WALL THERMOMETER,2,2010-02-16T14:32:00,2.55,15311,United Kingdom
498114,84926C,FAIRY CAKES TILE COASTER,4,2010-02-16T14:32:00,1.25,15311,United Kingdom
498114,84971S,SMALL HEART FLOWERS HOOK,5,2010-02-16T14:32:00,0.85,15311,United Kingdom
498114,84988,SET OF 72 PINK HEART PAPER DOILIES,1,2010-02-16T14:32:00,1.45,15311,United Kingdom
498114,85032B,BLOSSOM IMAGES GIFT WRAP SET,1,2010-02-16T14:32:00,2.1,15311,United Kingdom
498114,85032C,CURIOUS IMAGES GIFT WRAP SET,2,2010-02-16T14:32:00,2.1,15311,United Kingdom
498114,85065,CREAM SWEETHEART TRAYS,1,2010-02-16T14:32:00,12.75,15311,United Kingdom
498114,85150,LADIES & GENTLEMEN METAL SIGN,3,2010-02-16T14:32:00,2.55,15311,United Kingdom
498114,85196,EASTER BUNNIES ON A STICK,24,2010-02-16T14:32:00,0.55,15311,United Kingdom
498114,85197,SET OF 12 MINI BUNNIES IN A BUCKET,2,2010-02-16T14:32:00,2.1,15311,United Kingdom
498114,85232A,SET/3 POLKA DOT STACKING TINS,1,2010-02-16T14:32:00,4.95,15311,United Kingdom
498114,M,Manual,12,2010-02-16T14:32:00,6.75,15311,United Kingdom
498549,10120,DOGGY RUBBER,1,2010-02-19T18:04:00,0.43,,United Kingdom
498549,15044D,RED PAPER PARASOL,1,2010-02-19T18:04:00,5.91,,United Kingdom
498549,15060B,FAIRY CAKE DESIGN UMBRELLA,1,2010-02-19T18:04:00,8.47,,United Kingdom
498549,16235,RECYCLED PENCIL WITH RABBIT ERASER,6,2010-02-19T18:04:00,0.43,,United Kingdom
498549,20677,PINK SPOTTY BOWL,1,2010-02-19T18:04:00,2.51,,United Kingdom
498549,20685,DOOR MAT RED SPOT,1,2010-02-19T18:04:00,13.57,,United Kingdom
498549,20713,JUMBO BAG OWLS,1,2010-02-19T18:04:00,4.21,,United Kingdom
498549,20723,STRAWBERRY CHARLOTTE BAG,1,2010-02-19T18:04:00,1.66,,United Kingdom
498549,20724,RED SPOTTY CHARLOTTE BAG,2,2010-02-19T18:04:00,1.66,,United Kingdom
498549,20725,LUNCH BAG RED SPOTTY,1,2010-02-19T18:04:00,4.21,,United Kingdom
498549,20726,LUNCH BAG WOODLAND,1,2010-02-19T18:04:00,4.21,,United Kingdom
498549,20730,STRAWBERRY CANDY BAG,1,2010-02-19T18:04:00,0.85,,United Kingdom
498549,20747,PICCADILLY TEA SET,20,2010-02-19T18:04:00,12.72,,United Kingdom
498549,20901,VINTAGE KEEPSAKE BOX PINK FLOWER,1,2010-02-19T18:04:00,12.72,,United Kingdom
498549,20906,VINTAGE NOTEBOOK BEAUTY GIRL,1,2010-02-19T18:04:00,5.91,,United Kingdom
498549,20941,FROG CANDLE,1,2010-02-19T18:04:00,2.51,,United Kingdom
498549,20992,JAZZ HEARTS PURSE NOTEBOOK,1,2010-02-19T18:04:00,1.66,,United Kingdom
498549,21051,RIBBONS PURSE,1,2010-02-19T18:04:00,4.21,,United Kingdom
498549,21071,VINTAGE BILLBOARD DRINK ME MUG,1,2010-02-19T18:04:00,2.51,,United Kingdom
498549,21085,SET/6 WOODLAND PAPER CUPS,1,2010-02-19T18:04:00,1.66,,United Kingdom
498549,21114,LAVENDER SCENTED FABRIC HEART,1,2010-02-19T18:04:00,11.02,,United Kingdom
498549,21174,POTTERING IN THE SHED METAL SIGN,1,2010-02-19T18:04:00,4.21,,United Kingdom
498549,21214,SET OF 72 IVORY PAPER DOILIES,3,2010-02-19T18:04:00,2.98,,United Kingdom
498549,21218,RED SPOTTY BISCUIT TIN,1,2010-02-19T18:04:00,8.47,,United Kingdom
498549,21220,SET/4 BADGES DOGS,1,2010-02-19T18:04:00,2.51,,United Kingdom
498549,21223,SET/4 BADGES WOODLAND ANIMAL,1,2010-02-19T18:04:00,2.51,,United Kingdom
498549,21232,STRAWBERRY CERAMIC TRINKET BOX,2,2010-02-19T18:04:00,2.51,,United Kingdom
498549,21242,RED SPOTTY PLATE,1,2010-02-19T18:04:00,3.36,,United Kingdom
498549,21255,"FRENCH BOTTLE , LAVENDER",1,2010-02-19T18:04:00,3.36,,United Kingdom
498549,21258,VICTORIAN SEWING BOX LARGE,1,2010-02-19T18:04:00,25.49,,United Kingdom
498549,21259,VICTORIAN SEWING BOX SMALL,1,2010-02-19T18:04:00,12.72,,United Kingdom
498549,21260,FIRST AID TIN,1,2010-02-19T18:04:00,6.77,,United Kingdom
498549,21278,VINTAGE KITCHEN PRINT PUDDINGS,4,2010-02-19T18:04:00,5.06,,United Kingdom
498549,21280,VINTAGE KITCHEN PRINT VEGETABLES,1,2010-02-19T18:04:00,5.06,,United Kingdom
498549,21281,VINTAGE KITCHEN PRINT SEAFOOD,2,2010-02-19T18:04:00,5.06,,United Kingdom
498549,21313,GLASS HEART T-LIGHT HOLDER,1,2010-02-19T18:04:00,1.66,,United Kingdom
498549,21314,SMALL GLASS HEART TRINKET POT,1,2010-02-19T18:04:00,4.21,,United Kingdom
498549,21324,HANGING MEDINA LANTERN SMALL,1,2010-02-19T18:04:00,5.91,,United Kingdom
498549,21330,WOODLAND ANIMAL  WRITING SET,1,2010-02-19T18:04:00,3.36,,United Kingdom
498549,21381,MINI WOODEN HAPPY BIRTHDAY GARLAND,1,2010-02-19T18:04:00,3.36,,United Kingdom
498549,21383,PACK OF 12 STICKY BUNNIES,1,2010-02-19T18:04:00,1.66,,United Kingdom
498549,21384,IVORY HANGING DECORATION  BUTTERFLY,1,2010-02-19T18:04:00,1.66,,United Kingdom
498549,21390,FILIGRIS HEART WITH BUTTERFLY,1,2010-02-19T18:04:00,2.51,,United Kingdom
498549,21426,WOODLAND STORAGE BOX SMALL,1,2010-02-19T18:04:00,4.21,,United Kingdom
498549,21442,GREEN BIRDHOUSE DECORATION,1,2010-02-19T18:04:00,1.66,,United Kingdom
498549,21455,PAINTED YELLOW WOODEN DAISY,6,2010-02-19T18:04:00,1.66,,United Kingdom
498549,21472,LADYBIRD + BEE RAFFIA FOOD COVER,1,2010-02-19T18:04:00,7.62,,United Kingdom
498549,21486,PINK HEART DOTS HOT WATER BOTTLE,1,2010-02-19T18:04:00,4.21,,United Kingdom
498549,21523,DOOR MAT FANCY FONT HOME SWEET HOME,2,2010-02-19T18:04:00,13.57,,United Kingdom
498549,21527,RETRO SPOT TRADITIONAL TEAPOT,1,2010-02-19T18:04:00,16.98,,United Kingdom
498549,21531,RETRO SPOT SUGAR JAM BOWL,1,2010-02-19T18:04:00,5.06,,United Kingdom
498549,21535,RETRO SPOT SMALL MILK JUG,1,2010-02-19T18:04:00,5.06,,United Kingdom
498549,21547,CERAMIC BIRDHOUSE CRESTED TIT SMALL,1,2010-02-19T18:04:00,5.91,,United Kingdom
498549,21548,CERAMIC BIRDHOUSE FINCH BLUE ROOF,1,2010-02-19T18:04:00,5.91,,United Kingdom
498549,21550,CERAMIC BIRDHOUSE CRESTED TIT LARGE,2,2010-02-19T18:04:00,12.72,,United Kingdom
498549,21578,WOODLAND DESIGN  COTTON TOTE BAG,1,2010-02-19T18:04:00,5.06,,United Kingdom
498549,21580,RABBIT  DESIGN  COTTON TOTE BAG,1,2010-02-19T18:04:00,5.06,,United Kingdom
498549,21624,VINTAGE UNION JACK DOORSTOP,1,2010-02-19T18:04:00,11.87,,United Kingdom
498549,21637,ASSORTED SANSKRIT MINI NOTEBOOK,4,2010-02-19T18:04:00,2.51,,United Kingdom
498549,21641,ASSORTED TUTTI FRUTTI KEYRING BALL,1,2010-02-19T18:04:00,1.66,,United Kingdom
498549,21644,ASSORTED TUTTI FRUTTI HEART BOX,1,2010-02-19T18:04:00,2.51,,United Kingdom
498549,21648,ASSORTED TUTTI FRUTTI SMALL PURSE,1,2010-02-19T18:04:00,2.51,,United Kingdom
498549,21658,GLASS  BEURRE DISH,1,2010-02-19T18:04:00,8.47,,United Kingdom
498549,21665,TRIANGULAR RIDGED GLASS POSY HOLDER,2,2010-02-19T18:04:00,1.66,,United Kingdom
498549,21668,RED STRIPE CERAMIC DRAWER KNOB,3,2010-02-19T18:04:00,2.51,,United Kingdom
498549,21669,BLUE STRIPE CERAMIC DRAWER KNOB,3,2010-02-19T18:04:00,2.51,,United Kingdom
498549,21670,BLUE SPOT CERAMIC DRAWER KNOB,1,2010-02-19T18:04:00,2.51,,United Kingdom
498549,21671,RED SPOT CERAMIC DRAWER KNOB,2,2010-02-19T18:04:00,2.51,,United Kingdom
498549,21672,WHITE SPOT RED CERAMIC DRAWER KNOB,1,2010-02-19T18:04:00,2.51,,United Kingdom
498549,21673,WHITE SPOT BLUE CERAMIC DRAWER KNOB,4,2010-02-19T18:04:00,2.51,,United Kingdom
498549,21725,SWEETIES  STICKERS,1,2010-02-19T18:04:00,1.66,,United Kingdom
498549,21731,RED TOADSTOOL LED NIGHT LIGHT,10,2010-02-19T18:04:00,3.36,,United Kingdom
498549,21738,COSY SLIPPER SHOES SMALL  RED,1,2010-02-19T18:04:00,5.91,,United Kingdom
498549,21754,HOME BUILDING BLOCK WORD,1,2010-02-19T18:04:00,11.87,,United Kingdom
498549,21755,LOVE BUILDING BLOCK WORD,1,2010-02-19T18:04:00,11.87,,United Kingdom
498549,21770,OPEN CLOSED METAL SIGN,1,2010-02-19T18:04:00,10.17,,United Kingdom
498549,21790,VINTAGE SNAP CARDS,1,2010-02-19T18:04:00,1.66,,United Kingdom
498549,21829,DINOSAUR KEYRINGS ASSORTED,1,2010-02-19T18:04:00,0.43,,United Kingdom
498549,21843,RETRO SPOT CAKE STAND,1,2010-02-19T18:04:00,21.23,,United Kingdom
498549,21844,RETRO SPOT MUG,1,2010-02-19T18:04:00,5.91,,United Kingdom
498549,21901,"KEY FOB , BACK DOOR",1,2010-02-19T18:04:00,1.66,,United Kingdom
498549,21906,PHARMACIE FIRST AID TIN,1,2010-02-19T18:04:00,13.57,,United Kingdom
498549,21907,I'M ON HOLIDAY METAL SIGN,2,2010-02-19T18:04:00,4.21,,United Kingdom
498549,21931,JUMBO STORAGE BAG SUKI,1,2010-02-19T18:04:00,4.21,,United Kingdom
498549,21943,CAKES AND RABBITS DESIGN FLANNEL,2,2010-02-19T18:04:00,0.85,,United Kingdom
498549,21977,PACK OF 60 PINK PAISLEY CAKE CASES,1,2010-02-19T18:04:00,1.28,,United Kingdom
498549,21980,PACK OF 12 RED SPOTTY TISSUES,1,2010-02-19T18:04:00,0.81,,United Kingdom
498549,22027,TEA PARTY BIRTHDAY CARD,1,2010-02-19T18:04:00,0.85,,United Kingdom
498549,22030,SWALLOWS GREETING CARD,2,2010-02-19T18:04:00,0.85,,United Kingdom
498549,22053,EMPIRE DESIGN ROSETTE,1,2010-02-19T18:04:00,2.51,,United Kingdom
498549,22059,CERAMIC STRWBERRY DESIGN MUG,1,2010-02-19T18:04:00,3.36,,United Kingdom
498549,22099,CARAVAN SQUARE TISSUE BOX,2,2010-02-19T18:04:00,2.51,,United Kingdom
498549,22109,FULL ENGLISH BREAKFAST PLATE,2,2010-02-19T18:04:00,7.62,,United Kingdom
498549,22114,HOT WATER BOTTLE TEA AND SYMPATHY,1,2010-02-19T18:04:00,8.47,,United Kingdom
498549,22115,METAL SIGN EMPIRE TEA,1,2010-02-19T18:04:00,5.91,,United Kingdom
498549,22122,SET OF 2 FANCY FONT TEA TOWELS,1,2010-02-19T18:04:00,5.91,,United Kingdom
498549,22146,EASTER CRAFT IVY WREATH WITH CHICK,1,2010-02-19T18:04:00,4.21,,United Kingdom
498549,22148,EASTER CRAFT 4 CHICKS,1,2010-02-19T18:04:00,4.21,,United Kingdom
498549,22173,METAL 4 HOOK HANGER FRENCH CHATEAU,4,2010-02-19T18:04:00,5.91,,United Kingdom
498549,22178,VICTORIAN GLASS HANGING T-LIGHT,3,2010-02-19T18:04:00,2.51,,United Kingdom
498549,22195,LARGE HEART MEASURING SPOONS,1,2010-02-19T18:04:00,3.36,,United Kingdom
498549,22198,"POPCORN HOLDER , LARGE",3,2010-02-19T18:04:00,3.36,,United Kingdom
498549,22200,FRYING PAN PINK POLKADOT,1,2010-02-19T18:04:00,8.47,,United Kingdom
498549,22202,MILK PAN PINK RETROSPOT,1,2010-02-19T18:04:00,7.62,,United Kingdom
498549,22218,CAKE STAND LACE WHITE,1,2010-02-19T18:04:00,8.47,,United Kingdom
498549,22227,"DECORATION, HANGING HEART+MIRROR",1,2010-02-19T18:04:00,1.28,,United Kingdom
498549,22228,BUNNY WOODEN PAINTED WITH BIRD,1,2010-02-19T18:04:00,1.66,,United Kingdom
498549,22241,GARLAND WOODEN HAPPY EASTER,2,2010-02-19T18:04:00,2.51,,United Kingdom
498549,22245,"HOOK, 1 HANGER ,MAGIC GARDEN",1,2010-02-19T18:04:00,1.66,,United Kingdom
498549,22255,FELT TOADSTOOL  SMALL,2,2010-02-19T18:04:00,1.66,,United Kingdom
498549,22257,FELT FARM ANIMAL SHEEP,1,2010-02-19T18:04:00,2.51,,United Kingdom
498549,22258,FELT FARM ANIMAL RABBIT,1,2010-02-19T18:04:00,2.51,,United Kingdom
498549,22259,FELT FARM ANIMAL HEN,1,2010-02-19T18:04:00,2.51,,United Kingdom
498549,22260,FELT EGG COSY BLUE RABBIT,2,2010-02-19T18:04:00,1.66,,United Kingdom
498549,22261,FELT EGG COSY WHITE RABBIT,1,2010-02-19T18:04:00,1.66,,United Kingdom
498549,22297,HEART IVORY TRELLIS SMALL,1,2010-02-19T18:04:00,2.51,,United Kingdom
498549,22302,COFFEE MUG PEARS  DESIGN,1,2010-02-19T18:04:00,5.06,,United Kingdom
498549,22303,COFFEE MUG APPLES DESIGN,1,2010-02-19T18:04:00,5.06,,United Kingdom
498549,22312,OFFICE MUG WARMER POLKADOT,1,2010-02-19T18:04:00,8.47,,United Kingdom
498549,22317,FIVE CATS HANGING DECORATION,1,2010-02-19T18:04:00,5.91,,United Kingdom
498549,22341,LOVE GARLAND PAINTED ZINC,1,2010-02-19T18:04:00,3.36,,United Kingdom
498549,22348,TEA BAG PLATE RED SPOTTY,1,2010-02-19T18:04:00,1.66,,United Kingdom
498549,22356,"CHARLOTTE BAG , PINK/WHITE SPOTS",5,2010-02-19T18:04:00,1.66,,United Kingdom
498549,22365,DOOR MAT RESPECTABLE HOUSE,1,2010-02-19T18:04:00,13.57,,United Kingdom
498549,22377,BOTTLE BAG RETROSPOT,1,2010-02-19T18:04:00,4.21,,United Kingdom
498549,22378,WALL TIDY RETROSPOT,1,2010-02-19T18:04:00,4.21,,United Kingdom
498549,22379,RECYCLING BAG RETROSPOT,2,2010-02-19T18:04:00,4.21,,United Kingdom
498549,22381,TOY TIDY PINK RETROSPOT,2,2010-02-19T18:04:00,4.21,,United Kingdom
498549,22384,LUNCH BAG PINK RETROSPOT,3,2010-02-19T18:04:00,4.21,,United Kingdom
498549,22386,JUMBO BAG PINK WITH WHITE SPOTS,2,2010-02-19T18:04:00,4.21,,United Kingdom
498549,22411,JUMBO SHOPPER VINTAGE RED PAISLEY,1,2010-02-19T18:04:00,4.21,,United Kingdom
498549,22433,WATERING CAN GREEN DINOSAUR,1,2010-02-19T18:04:00,4.21,,United Kingdom
498549,22494,EMERGENCY FIRST AID TIN,1,2010-02-19T18:04:00,2.51,,United Kingdom
498549,22498,WOODEN REGATTA BUNTING,1,2010-02-19T18:04:00,12.72,,United Kingdom
498549,35001W,HAND OPEN SHAPE DECO.WHITE,1,2010-02-19T18:04:00,4.21,,United Kingdom
498549,35095A,BLUE VICTORIAN FABRIC OVAL BOX,1,2010-02-19T18:04:00,0.84,,United Kingdom
498549,35096A,BLUE VICTORIAN FABRIC HEART BOX,1,2010-02-19T18:04:00,0.84,,United Kingdom
498549,35810A,ENAMEL PINK COFFEE CONTAINER,1,2010-02-19T18:04:00,4.21,,United Kingdom
498549,37422,WHITE WITH BLACK CATS BOWL,1,2010-02-19T18:04:00,1.66,,United Kingdom
498549,37448,CERAMIC CAKE DESIGN SPOTTED MUG,1,2010-02-19T18:04:00,3.36,,United Kingdom
498549,37449,CERAMIC CAKE STAND + HANGING CAKES,1,2010-02-19T18:04:00,21.23,,United Kingdom
498549,37462E,"PET MUG, GOLDFISH",1,2010-02-19T18:04:00,0.84,,United Kingdom
498549,37495,FAIRY CAKE BIRTHDAY CANDLE SET,2,2010-02-19T18:04:00,7.62,,United Kingdom
498549,46775E,CANDY POP CHUNKY KNITTED THROW,1,2010-02-19T18:04:00,11.02,,United Kingdom
498549,46776B,WOVEN BERRIES CUSHION COVER,2,2010-02-19T18:04:00,4.21,,United Kingdom
498549,46776F,WOVEN ROSE GARDEN CUSHION COVER,2,2010-02-19T18:04:00,4.21,,United Kingdom
498549,47503J,SET/3 FLORAL GARDEN TOOLS IN BAG,1,2010-02-19T18:04:00,16.13,,United Kingdom
498549,47559B,TEA TIME OVEN GLOVE,1,2010-02-19T18:04:00,2.51,,United Kingdom
498549,48185,DOOR MAT FAIRY CAKE,1,2010-02-19T18:04:00,13.57,,United Kingdom
498549,72800B,S/4 PURPLE DINNER CANDLE BLK FLOCK,3,2010-02-19T18:04:00,5.06,,United Kingdom
498549,72807B,SET/3 OCEAN SCENT CANDLE JEWEL BOX,1,2010-02-19T18:04:00,8.47,,United Kingdom
498549,72807C,SET/3 VANILLA SCENTED CANDLE IN BOX,2,2010-02-19T18:04:00,8.47,,United Kingdom
498549,79323W,WHITE CHERRY LIGHTS,1,2010-02-19T18:04:00,13.57,,United Kingdom
498549,82081,PINK HEARTS PHOTO ALBUM,1,2010-02-19T18:04:00,7.62,,United Kingdom
498549,82551,LAUNDRY 15C METAL SIGN,2,2010-02-19T18:04:00,2.51,,United Kingdom
498549,82578,KITCHEN METAL SIGN,1,2010-02-19T18:04:00,1.28,,United Kingdom
498549,82580,BATHROOM METAL SIGN,2,2010-02-19T18:04:00,1.28,,United Kingdom
498549,82581,TOILET METAL SIGN,2,2010-02-19T18:04:00,1.28,,United Kingdom
498549,82583,HOT BATHS METAL SIGN,1,2010-02-19T18:04:00,4.21,,United Kingdom
498549,82599,FANNY'S REST STOPMETAL SIGN,1,2010-02-19T18:04:00,4.21,,United Kingdom
498549,82613B,"METAL SIGN,CUPCAKE SINGLE HOOK",1,2010-02-19T18:04:00,2.51,,United Kingdom
498549,82613C,"METAL SIGN,CUPCAKE SINGLE HOOK",2,2010-02-19T18:04:00,2.51,,United Kingdom
498549,84231,EASTER BUNNY WITH BASKET ON BACK,1,2010-02-19T18:04:00,1.49,,United Kingdom
498549,84251F,"GREETING CARD, RITA",1,2010-02-19T18:04:00,0.85,,United Kingdom
498549,84378,SET OF 3 HEART COOKIE CUTTERS,2,2010-02-19T18:04:00,2.51,,United Kingdom
498549,84447,6 RABBIT CHAIN EASTER,1,2010-02-19T18:04:00,1.66,,United Kingdom
498549,84450B,PINK/YELLOW RABBIT SAT EASTER,1,2010-02-19T18:04:00,0.81,,United Kingdom
498549,84452,METAL RABBIT LADDER EASTER,1,2010-02-19T18:04:00,1.66,,United Kingdom
498549,84459A,PINK METAL CHICKEN HEART,1,2010-02-19T18:04:00,3.36,,United Kingdom
498549,84510E,SET OF 4 GREEN CAROUSEL COASTERS,1,2010-02-19T18:04:00,2.51,,United Kingdom
498549,84520D,PACK OF 20 FAIRY CAKE PAPER NAPKINS,2,2010-02-19T18:04:00,1.66,,United Kingdom
498549,84532B,FAIRY CAKES RECTANGLUAR BOXES,2,2010-02-19T18:04:00,11.87,,United Kingdom
498549,84596I,WRAP SWEETS LIGHT PINK SMALL BOWL,1,2010-02-19T18:04:00,2.51,,United Kingdom
498549,84596L,BISCUITS SMALL BOWL LIGHT BLUE,1,2010-02-19T18:04:00,2.51,,United Kingdom
498549,84660C,PINK STITCHED WALL CLOCK,2,2010-02-19T18:04:00,7.62,,United Kingdom
498549,84692,BOX OF 24 COCKTAIL PARASOLS,1,2010-02-19T18:04:00,0.81,,United Kingdom
498549,84709B,PINK OVAL JEWELLED MIRROR,1,2010-02-19T18:04:00,5.91,,United Kingdom
498549,84762B,PINK PICNIC BARBECUE BUCKET,1,2010-02-19T18:04:00,8.47,,United Kingdom
498549,84791,GINGHAM HEART DECORATION,2,2010-02-19T18:04:00,5.91,,United Kingdom
498549,84836,ZINC METAL HEART DECORATION,2,2010-02-19T18:04:00,2.51,,United Kingdom
498549,84839,SWEETHEART KEY CABINET,1,2010-02-19T18:04:00,12.72,,United Kingdom
498549,84849A,HELLO SAILOR BLUE SOAP HOLDER,1,2010-02-19T18:04:00,3.36,,United Kingdom
498549,84854,GIRLY PINK TOOL SET,1,2010-02-19T18:04:00,8.47,,United Kingdom
498549,84864A,PINK PAISLEY PHOTO ALBUM,3,2010-02-19T18:04:00,13.57,,United Kingdom
498549,84905,PINK BUTTERFLY C/COVER,1,2010-02-19T18:04:00,10.17,,United Kingdom
498549,84946,ANTIQUE SILVER TEA GLASS ETCHED,2,2010-02-19T18:04:00,2.51,,United Kingdom
498549,84969,ASSORTED COLOUR SET 6 TEASPOONS,1,2010-02-19T18:04:00,8.47,,United Kingdom
498549,84970L,SINGLE HEART ZINC T-LIGHT HOLDER,1,2010-02-19T18:04:00,2.13,,United Kingdom
498549,84970S,HANGING HEART ZINC T-LIGHT HOLDER,1,2010-02-19T18:04:00,2.13,,United Kingdom
498549,84971S,SMALL HEART FLOWERS HOOK,1,2010-02-19T18:04:00,1.66,,United Kingdom
498549,84975,HEART SHAPED MIRROR,1,2010-02-19T18:04:00,3.36,,United Kingdom
498549,84993B,75 BLACK PETIT FOUR CASES,20,2010-02-19T18:04:00,0.84,,United Kingdom
498549,85014B,RED/WHITE DOTS RUFFLED UMBRELLA,1,2010-02-19T18:04:00,12.72,,United Kingdom
498549,85040A,S/4 PINK FLOWER CANDLES IN BOWL,1,2010-02-19T18:04:00,3.36,,United Kingdom
498549,85040B,SET/4 BLUE FLOWER CANDLES IN BOWL,1,2010-02-19T18:04:00,3.36,,United Kingdom
498549,85049D,BRIGHT BLUES RIBBONS,1,2010-02-19T18:04:00,2.51,,United Kingdom
498549,85086A,CANDY SPOT HEART DECORATION,2,2010-02-19T18:04:00,1.66,,United Kingdom
498549,85089,CANDY SPOT BUNNY,1,2010-02-19T18:04:00,5.91,,United Kingdom
498549,85099B,JUMBO BAG RED WHITE SPOTTY,1,2010-02-19T18:04:00,4.21,,United Kingdom
498549,85116,BLACK CANDELABRA T-LIGHT HOLDER,4,2010-02-19T18:04:00,1.66,,United Kingdom
498549,85123A,WHITE HANGING HEART T-LIGHT HOLDER,3,2010-02-19T18:04:00,5.91,,United Kingdom
498549,85129C,BEADED CRYSTAL HEART BLUE SMALL,1,2010-02-19T18:04:00,2.51,,United Kingdom
498549,85186A,EASTER BUNNY GARLAND OF FLOWERS,2,2010-02-19T18:04:00,0.81,,United Kingdom
498549,85186C,BUNNY EGG GARLAND,1,2010-02-19T18:04:00,0.81,,United Kingdom
498549,85188B,PINK METAL SWINGING BUNNY,1,2010-02-19T18:04:00,1.66,,United Kingdom
498549,85199S,SMALL HANGING IVORY/RED WOOD BIRD,1,2010-02-19T18:04:00,0.81,,United Kingdom
498549,85206B,PINK FELT EASTER EGG BASKET,1,2010-02-19T18:04:00,3.36,,United Kingdom
498549,90001B,ANTIQUE MID BLUE FLOWER EARRINGS,1,2010-02-19T18:04:00,4.24,,United Kingdom
498549,90002E,FLOWER BURST SILVER RING GREEN,1,2010-02-19T18:04:00,3.81,,United Kingdom
498549,90038C,GLASS AND BEADS BRACELET IVORY,1,2010-02-19T18:04:00,3.81,,United Kingdom
498549,90053,CRACKED GLAZE EARRINGS IVORY,1,2010-02-19T18:04:00,2.54,,United Kingdom
498549,90144,SILVER DROP EARRINGS WITH FLOWER,1,2010-02-19T18:04:00,3.81,,United Kingdom
498549,90145,SILVER HOOP EARRINGS WITH FLOWER,1,2010-02-19T18:04:00,6.37,,United Kingdom
498549,90200D,PINK SWEETHEART BRACELET,1,2010-02-19T18:04:00,4.24,,United Kingdom
498549,90201B,BLACK ENAMEL FLOWER RING,1,2010-02-19T18:04:00,2.96,,United Kingdom
498549,90201C,RED ENAMEL FLOWER RING,1,2010-02-19T18:04:00,2.96,,United Kingdom
498549,90201D,GREEN ENAMEL FLOWER RING,1,2010-02-19T18:04:00,2.96,,United Kingdom
498549,DOT,DOTCOM POSTAGE,1,2010-02-19T18:04:00,267.6,,United Kingdom
498701,DCGS0037,,-1,2010-02-22T12:35:00,0,,United Kingdom
499471,20736,PINK MINI TAPE MEASURE,5,2010-02-28T12:15:00,0.85,17760,United Kingdom
499471,20738,GREEN MINI TAPE MEASURE,5,2010-02-28T12:15:00,0.85,17760,United Kingdom
499471,21061,PARTY INVITES FOOTBALL,1,2010-02-28T12:15:00,0.85,17760,United Kingdom
499471,21507,"ELEPHANT, BIRTHDAY CARD,",12,2010-02-28T12:15:00,0.42,17760,United Kingdom
499471,21651,HANGING GLASS ETCHED TEALIGHT,6,2010-02-28T12:15:00,1.65,17760,United Kingdom
499471,21656,RIDGED GLASS POSY VASE,6,2010-02-28T12:15:00,1.45,17760,United Kingdom
499471,21713,CITRONELLA CANDLE FLOWERPOT,8,2010-02-28T12:15:00,2.1,17760,United Kingdom
499471,21774,DECORATIVE CATS BATHROOM BOTTLE,12,2010-02-28T12:15:00,1.25,17760,United Kingdom
499471,21790,VINTAGE SNAP CARDS,6,2010-02-28T12:15:00,0.85,17760,United Kingdom
499471,21869,POTTING SHED COFFEE MUG,6,2010-02-28T12:15:00,1.25,17760,United Kingdom
499471,22253,6 CROCHET STRAWBERRIES,1,2010-02-28T12:15:00,1.25,17760,United Kingdom
499471,84750A,PINK SMALL GLASS CAKE STAND,2,2010-02-28T12:15:00,1.95,17760,United Kingdom
499471,84845C,CARNATION SQUARE HANDY TIN,4,2010-02-28T12:15:00,1.25,17760,United Kingdom
499471,85141,JARDIN ETCHED GLASS FRUITBOWL,3,2010-02-28T12:15:00,10.75,17760,United Kingdom
499471,85144,JARDIN ETCHED GLASS BUTTER DISH,3,2010-02-28T12:15:00,7.25,17760,United Kingdom
499491,21114,LAVENDER SCENTED FABRIC HEART,30,2010-02-28T14:03:00,1.25,14064,United Kingdom
499491,21165,BEWARE OF THE CAT METAL SIGN,4,2010-02-28T14:03:00,1.69,14064,United Kingdom
499491,21166,COOK WITH WINE METAL SIGN,12,2010-02-28T14:03:00,1.95,14064,United Kingdom
499491,21166,COOK WITH WINE METAL SIGN,4,2010-02-28T14:03:00,1.95,14064,United Kingdom
499491,21169,YOU'RE CONFUSING ME METAL SIGN,24,2010-02-28T14:03:00,1.69,14064,United Kingdom
499491,21169,YOU'RE CONFUSING ME METAL SIGN,4,2010-02-28T14:03:00,1.69,14064,United Kingdom
499491,21175,GIN + TONIC DIET METAL SIGN,12,2010-02-28T14:03:00,2.1,14064,United Kingdom
499491,21232,STRAWBERRY CERAMIC TRINKET BOX,30,2010-02-28T14:03:00,1.25,14064,United Kingdom
499491,21508,VINTAGE KID DOLLY CARD,12,2010-02-28T14:03:00,0.42,14064,United Kingdom
499491,21907,I'M ON HOLIDAY METAL SIGN,4,2010-02-28T14:03:00,2.1,14064,United Kingdom
499491,22035,VINTAGE CARAVAN GREETING CARD,12,2010-02-28T14:03:00,0.42,14064,United Kingdom
499491,22064,PINK DOUGHNUT TRINKET POT,3,2010-02-28T14:03:00,1.65,14064,United Kingdom
499491,22067,CHOC TRUFFLE GOLD TRINKET POT,4,2010-02-28T14:03:00,1.65,14064,United Kingdom
499491,22068,BLACK PIRATE TREASURE CHEST,6,2010-02-28T14:03:00,1.65,14064,United Kingdom
499491,22219,LOVEBIRD HANGING DECORATION WHITE,3,2010-02-28T14:03:00,0.85,14064,United Kingdom
499491,22272,FELTCRAFT DOLL MARIA,1,2010-02-28T14:03:00,2.95,14064,United Kingdom
499491,22291,"SPRING DEC , HANGING CHICK CREAM",6,2010-02-28T14:03:00,1.45,14064,United Kingdom
499491,22293,"SPRING DEC , HANGING CHICK  GREEN",5,2010-02-28T14:03:00,1.45,14064,United Kingdom
499491,22297,HEART IVORY TRELLIS SMALL,6,2010-02-28T14:03:00,1.25,14064,United Kingdom
499491,22417,PACK OF 60 SPACEBOY CAKE CASES,12,2010-02-28T14:03:00,0.55,14064,United Kingdom
499491,22497,SET OF 2 TINS VINTAGE BATHROOM,2,2010-02-28T14:03:00,4.25,14064,United Kingdom
499491,82494L,WOODEN FRAME ANTIQUE WHITE,6,2010-02-28T14:03:00,2.95,14064,United Kingdom
499491,82597,BOMBS AWAY METAL SIGN,2,2010-02-28T14:03:00,2.1,14064,United Kingdom
499491,85197,SET OF 12 MINI BUNNIES IN A BUCKET,2,2010-02-28T14:03:00,2.1,14064,United Kingdom
499491,85199S,SMALL HANGING IVORY/RED WOOD BIRD,10,2010-02-28T14:03:00,0.42,14064,United Kingdom
499515,21670,BLUE SPOT CERAMIC DRAWER KNOB,24,2010-03-01T09:30:00,1.25,16202,United Kingdom
499533,20685,DOOR MAT RED SPOT,1,2010-03-01T11:34:00,7.49,17362,United Kingdom
499533,21437,24 HANGING EASTER EGGS FLORAL TUB,2,2010-03-01T11:34:00,3.75,17362,United Kingdom
499533,21549,CERAMIC BIRDHOUSE RED ROOF SMALL,2,2010-03-01T11:34:00,2.95,17362,United Kingdom
499533,22228,BUNNY WOODEN PAINTED WITH BIRD,3,2010-03-01T11:34:00,0.85,17362,United Kingdom
499533,22231,JIGSAW TREE WITH BIRDHOUSE,2,2010-03-01T11:34:00,1.45,17362,United Kingdom
499533,22291,"SPRING DEC , HANGING CHICK CREAM",3,2010-03-01T11:34:00,1.45,17362,United Kingdom
499533,22292,"SPRING DEC , HANGING CHICK  YELLOW",3,2010-03-01T11:34:00,1.45,17362,United Kingdom
499533,22293,"SPRING DEC , HANGING CHICK  GREEN",4,2010-03-01T11:34:00,1.45,17362,United Kingdom
499533,22300,COFFEE MUG DOG + BALL DESIGN,3,2010-03-01T11:34:00,2.55,17362,United Kingdom
499533,22301,COFFEE MUG CAT + BIRD DESIGN,2,2010-03-01T11:34:00,2.55,17362,United Kingdom
499533,22302,COFFEE MUG PEARS  DESIGN,2,2010-03-01T11:34:00,2.55,17362,United Kingdom
499533,22303,COFFEE MUG APPLES DESIGN,2,2010-03-01T11:34:00,2.55,17362,United Kingdom
499533,48129,DOOR MAT TOPIARY,1,2010-03-01T11:34:00,7.49,17362,United Kingdom
499533,79323P,PINK CHERRY LIGHTS,2,2010-03-01T11:34:00,6.75,17362,United Kingdom
499533,79323W,WHITE CHERRY LIGHTS,2,2010-03-01T11:34:00,6.75,17362,United Kingdom
499533,84978,HANGING HEART JAR T-LIGHT HOLDER,24,2010-03-01T11:34:00,1.25,17362,United Kingdom
499533,85194S,HANGING SPRING FLOWER EGG SMALL,12,2010-03-01T11:34:00,0.65,17362,United Kingdom
499664,16161P,WRAP ENGLISH ROSE,25,2010-03-01T15:36:00,0.42,14257,United Kingdom
499664,16161U,"WRAP,SUKI AND FRIENDS",25,2010-03-01T15:36:00,0.42,14257,United Kingdom
499664,20717,STRAWBERRY SHOPPER BAG,10,2010-03-01T15:36:00,1.25,14257,United Kingdom
499664,20718,RED SPOTTY SHOPPER BAG,10,2010-03-01T15:36:00,1.25,14257,United Kingdom
499664,20723,STRAWBERRY CHARLOTTE BAG,10,2010-03-01T15:36:00,0.85,14257,United Kingdom
499664,20724,RED SPOTTY CHARLOTTE BAG,10,2010-03-01T15:36:00,0.85,14257,United Kingdom
499664,20725,LUNCH BAG RED SPOTTY,10,2010-03-01T15:36:00,1.65,14257,United Kingdom
499664,20728,LUNCH BAG CARS BLUE,10,2010-03-01T15:36:00,1.65,14257,United Kingdom
499664,20971,PINK BLUE FELT CRAFT TRINKET BOX,12,2010-03-01T15:36:00,1.25,14257,United Kingdom
499664,21078,SET/20 STRAWBERRY PAPER NAPKINS,12,2010-03-01T15:36:00,0.85,14257,United Kingdom
499664,21080,SET/20 RED SPOTTY PAPER NAPKINS,12,2010-03-01T15:36:00,0.85,14257,United Kingdom
499664,21121,SET/10 RED SPOTTY PARTY CANDLES,24,2010-03-01T15:36:00,1.25,14257,United Kingdom
499664,21122,SET/10 PINK SPOTTY PARTY CANDLES,24,2010-03-01T15:36:00,1.25,14257,United Kingdom
499664,21124,SET/10 BLUE SPOTTY PARTY CANDLES,24,2010-03-01T15:36:00,1.25,14257,United Kingdom
499664,21156,RED SPOTTY CHILDS APRON,8,2010-03-01T15:36:00,1.95,14257,United Kingdom
499664,21210,SET OF 72 RETRO SPOT PAPER  DOILIES,12,2010-03-01T15:36:00,1.45,14257,United Kingdom
499664,21380,WOODEN HAPPY BIRTHDAY GARLAND,12,2010-03-01T15:36:00,2.95,14257,United Kingdom
499664,21381,MINI WOODEN HAPPY BIRTHDAY GARLAND,12,2010-03-01T15:36:00,1.69,14257,United Kingdom
499664,21448,12 DAISY PEGS IN WOOD BOX,12,2010-03-01T15:36:00,1.65,14257,United Kingdom
499664,21497,FANCY FONTS BIRTHDAY WRAP,25,2010-03-01T15:36:00,0.42,14257,United Kingdom
499664,21506,"FANCY FONT BIRTHDAY CARD,",12,2010-03-01T15:36:00,0.42,14257,United Kingdom
499664,21507,"ELEPHANT, BIRTHDAY CARD,",12,2010-03-01T15:36:00,0.42,14257,United Kingdom
499664,21509,COWBOYS AND INDIANS BIRTHDAY CARD,12,2010-03-01T15:36:00,0.42,14257,United Kingdom
499664,21651,HANGING GLASS ETCHED TEALIGHT,12,2010-03-01T15:36:00,1.65,14257,United Kingdom
499664,21655,HANGING RIDGE GLASS T-LIGHT HOLDER,12,2010-03-01T15:36:00,1.69,14257,United Kingdom
499664,21658,GLASS  BEURRE DISH,4,2010-03-01T15:36:00,3.95,14257,United Kingdom
499664,21770,OPEN CLOSED METAL SIGN,2,2010-03-01T15:36:00,4.95,14257,United Kingdom
499664,21864,UNION JACK FLAG PASSPORT COVER,12,2010-03-01T15:36:00,2.1,14257,United Kingdom
499664,22023,EMPIRE BIRTHDAY CARD,12,2010-03-01T15:36:00,0.42,14257,United Kingdom
499664,22027,TEA PARTY BIRTHDAY CARD,12,2010-03-01T15:36:00,0.42,14257,United Kingdom
499664,22030,SWALLOWS GREETING CARD,12,2010-03-01T15:36:00,0.42,14257,United Kingdom
499664,22033,BOTANICAL ROSE GREETING CARD,12,2010-03-01T15:36:00,0.42,14257,United Kingdom
499664,22076,6 RIBBONS EMPIRE,12,2010-03-01T15:36:00,1.65,14257,United Kingdom
499664,22078,RIBBON REEL LACE DESIGN,10,2010-03-01T15:36:00,2.1,14257,United Kingdom
499664,22079,RIBBON REEL HEARTS DESIGN,20,2010-03-01T15:36:00,1.65,14257,United Kingdom
499664,22080,RIBBON REEL SPOTS DESIGN,20,2010-03-01T15:36:00,1.65,14257,United Kingdom
499664,22082,RIBBON REEL STRIPES DESIGN,20,2010-03-01T15:36:00,1.65,14257,United Kingdom
499664,22083,PAPER CHAIN KIT RETRO SPOT,40,2010-03-01T15:36:00,2.55,14257,United Kingdom
499664,22084,PAPER CHAIN KIT EMPIRE,40,2010-03-01T15:36:00,2.55,14257,United Kingdom
499664,22087,PAPER BUNTING WHITE LACE,6,2010-03-01T15:36:00,2.95,14257,United Kingdom
499664,22147,FELTCRAFT BUTTERFLY HEARTS,12,2010-03-01T15:36:00,1.45,14257,United Kingdom
499664,22149,FELTCRAFT 6 FLOWER FRIENDS,6,2010-03-01T15:36:00,2.1,14257,United Kingdom
499664,22150,3 STRIPEY MICE FELTCRAFT,6,2010-03-01T15:36:00,1.95,14257,United Kingdom
499664,22208,WOOD STAMP SET THANK YOU,12,2010-03-01T15:36:00,1.65,14257,United Kingdom
499664,22209,WOOD STAMP SET HAPPY BIRTHDAY,12,2010-03-01T15:36:00,1.65,14257,United Kingdom
499664,22211,WOOD STAMP SET FLOWERS,12,2010-03-01T15:36:00,1.65,14257,United Kingdom
499664,22274,FELTCRAFT DOLL EMILY,6,2010-03-01T15:36:00,2.95,14257,United Kingdom
499664,22333,RETRO SPORT PARTY BAG + STICKER SET,16,2010-03-01T15:36:00,1.65,14257,United Kingdom
499664,22379,RECYCLING BAG RETROSPOT,5,2010-03-01T15:36:00,2.1,14257,United Kingdom
499664,47591D,PINK FAIRY CAKE CHILD'S APRON,8,2010-03-01T15:36:00,1.95,14257,United Kingdom
499664,82578,KITCHEN METAL SIGN,12,2010-03-01T15:36:00,0.55,14257,United Kingdom
499664,82580,BATHROOM METAL SIGN,12,2010-03-01T15:36:00,0.55,14257,United Kingdom
499664,82581,TOILET METAL SIGN,12,2010-03-01T15:36:00,0.55,14257,United Kingdom
499664,84987,SET OF 36 TEATIME PAPER DOILIES,12,2010-03-01T15:36:00,1.45,14257,United Kingdom
499664,85042,ANTIQUE LILY FAIRY LIGHTS,8,2010-03-01T15:36:00,4.95,14257,United Kingdom
499664,85047,WHITE BEADED GARLAND STRING 20LIGHT,6,2010-03-01T15:36:00,6.35,14257,United Kingdom
499664,85049B,LUSH GREENS RIBBONS,12,2010-03-01T15:36:00,1.25,14257,United Kingdom
499664,85049D,BRIGHT BLUES RIBBONS,12,2010-03-01T15:36:00,1.25,14257,United Kingdom
499664,85049E,SCANDINAVIAN REDS RIBBONS,12,2010-03-01T15:36:00,1.25,14257,United Kingdom
499664,85049F,BABY BOOM RIBBONS,12,2010-03-01T15:36:00,1.25,14257,United Kingdom
499664,85049H,URBAN BLACK RIBBONS,12,2010-03-01T15:36:00,1.25,14257,United Kingdom
500362,10120,DOGGY RUBBER,2,2010-03-07T16:12:00,0.21,17449,United Kingdom
500362,17178,FLAT PALM T-LIGHT HOLDER,4,2010-03-07T16:12:00,1.25,17449,United Kingdom
500362,18097C,WHITE TALL PORCELAIN T-LIGHT HOLDER,2,2010-03-07T16:12:00,2.55,17449,United Kingdom
500362,18098C,PORCELAIN BUTTERFLY OIL BURNER,1,2010-03-07T16:12:00,2.95,17449,United Kingdom
500362,18098C,PORCELAIN BUTTERFLY OIL BURNER,1,2010-03-07T16:12:00,2.95,17449,United Kingdom
500362,21076,SET/20 COLLAGE PAPER NAPKIN,1,2010-03-07T16:12:00,0.85,17449,United Kingdom
500362,21164,HOME SWEET HOME METAL SIGN,2,2010-03-07T16:12:00,2.95,17449,United Kingdom
500362,21166,COOK WITH WINE METAL SIGN,2,2010-03-07T16:12:00,1.95,17449,United Kingdom
500362,21172,PARTY METAL SIGN,2,2010-03-07T16:12:00,1.45,17449,United Kingdom
500362,21174,POTTERING IN THE SHED METAL SIGN,1,2010-03-07T16:12:00,1.95,17449,United Kingdom
500362,21333,CLASSIC WHITE FRAME,4,2010-03-07T16:12:00,2.95,17449,United Kingdom
500362,21361,LOVE LARGE WOOD LETTERS,1,2010-03-07T16:12:00,12.75,17449,United Kingdom
500362,21363,HOME SMALL WOOD LETTERS,1,2010-03-07T16:12:00,4.95,17449,United Kingdom
500362,21385,IVORY HANGING DECORATION  HEART,10,2010-03-07T16:12:00,0.85,17449,United Kingdom
500362,21386,IVORY HANGING DECORATION  EGG,2,2010-03-07T16:12:00,0.85,17449,United Kingdom
500362,21386,IVORY HANGING DECORATION  EGG,3,2010-03-07T16:12:00,0.85,17449,United Kingdom
500362,21411,GINGHAM HEART  DOORSTOP RED,1,2010-03-07T16:12:00,4.25,17449,United Kingdom
500362,21439,BASKET OF TOADSTOOLS,1,2010-03-07T16:12:00,1.25,17449,United Kingdom
500362,21612,SET 12 WILDFLOWER BOTANICAL T-LIGHT,1,2010-03-07T16:12:00,2.95,17449,United Kingdom
500362,21716,BOYS VINTAGE TIN SEASIDE BUCKET,1,2010-03-07T16:12:00,2.55,17449,United Kingdom
500362,21718,RED METAL BEACH SPADE,1,2010-03-07T16:12:00,1.25,17449,United Kingdom
500362,21773,DECORATIVE ROSE BATHROOM BOTTLE,1,2010-03-07T16:12:00,1.25,17449,United Kingdom
500362,21773,DECORATIVE ROSE BATHROOM BOTTLE,1,2010-03-07T16:12:00,1.25,17449,United Kingdom
500362,21773,DECORATIVE ROSE BATHROOM BOTTLE,2,2010-03-07T16:12:00,1.25,17449,United Kingdom
500362,21774,DECORATIVE CATS BATHROOM BOTTLE,2,2010-03-07T16:12:00,1.25,17449,United Kingdom
500362,21774,DECORATIVE CATS BATHROOM BOTTLE,2,2010-03-07T16:12:00,1.25,17449,United Kingdom
500362,21868,POTTING SHED TEA MUG,6,2010-03-07T16:12:00,1.25,17449,United Kingdom
500362,21955,DOOR MAT UNION JACK GUNS AND ROSES,1,2010-03-07T16:12:00,7.49,17449,United Kingdom
500362,22163,HEART STRING MEMO HOLDER HANGING,1,2010-03-07T16:12:00,2.95,17449,United Kingdom
500362,22169,FAMILY ALBUM WHITE PICTURE FRAME,1,2010-03-07T16:12:00,8.5,17449,United Kingdom
500362,22172,METAL SHELF WITH RAIL,1,2010-03-07T16:12:00,8.5,17449,United Kingdom
500362,22173,METAL 4 HOOK HANGER FRENCH CHATEAU,2,2010-03-07T16:12:00,2.95,17449,United Kingdom
500362,22174,PHOTO CUBE,1,2010-03-07T16:12:00,1.65,17449,United Kingdom
500362,22178,VICTORIAN GLASS HANGING T-LIGHT,6,2010-03-07T16:12:00,1.25,17449,United Kingdom
500362,22178,VICTORIAN GLASS HANGING T-LIGHT,6,2010-03-07T16:12:00,1.25,17449,United Kingdom
500362,22209,WOOD STAMP SET HAPPY BIRTHDAY,1,2010-03-07T16:12:00,1.65,17449,United Kingdom
500362,22211,WOOD STAMP SET FLOWERS,2,2010-03-07T16:12:00,1.65,17449,United Kingdom
500362,22264,FELT FARM ANIMAL WHITE BUNNY,6,2010-03-07T16:12:00,0.85,17449,United Kingdom
500362,22265,EASTER DECORATION NATURAL CHICK,12,2010-03-07T16:12:00,0.65,17449,United Kingdom
500362,22266,EASTER DECORATION HANGING BUNNY,11,2010-03-07T16:12:00,0.65,17449,United Kingdom
500362,22268,EASTER DECORATION SITTING BUNNY,6,2010-03-07T16:12:00,0.85,17449,United Kingdom
500362,22269,EGG CUP NATURAL CHICKEN,10,2010-03-07T16:12:00,1.25,17449,United Kingdom
500362,22286,"DECORATION , WOBBLY RABBIT , METAL",3,2010-03-07T16:12:00,1.65,17449,United Kingdom
500362,22293,"SPRING DEC , HANGING CHICK  GREEN",6,2010-03-07T16:12:00,1.45,17449,United Kingdom
500362,22297,HEART IVORY TRELLIS SMALL,9,2010-03-07T16:12:00,1.25,17449,United Kingdom
500362,22432,WATERING CAN PINK BUNNY,2,2010-03-07T16:12:00,1.95,17449,United Kingdom
500362,22487,WHITE WOOD GARDEN PLANT LADDER,1,2010-03-07T16:12:00,9.95,17449,United Kingdom
500362,22498,WOODEN REGATTA BUNTING,1,2010-03-07T16:12:00,5.95,17449,United Kingdom
500362,37422,WHITE WITH BLACK CATS BOWL,4,2010-03-07T16:12:00,0.85,17449,United Kingdom
500362,72796B,S/3 FRENCH VANILLA SQU CANDLE,1,2010-03-07T16:12:00,1.65,17449,United Kingdom
500362,82494L,WOODEN FRAME ANTIQUE WHITE,4,2010-03-07T16:12:00,2.95,17449,United Kingdom
500362,82551,LAUNDRY 15C METAL SIGN,1,2010-03-07T16:12:00,1.25,17449,United Kingdom
500362,82578,KITCHEN METAL SIGN,4,2010-03-07T16:12:00,0.55,17449,United Kingdom
500362,82580,BATHROOM METAL SIGN,4,2010-03-07T16:12:00,0.55,17449,United Kingdom
500362,82581,TOILET METAL SIGN,4,2010-03-07T16:12:00,0.55,17449,United Kingdom
500362,84535B,FAIRY CAKES NOTEBOOK A6 SIZE,1,2010-03-07T16:12:00,0.65,17449,United Kingdom
500362,84535B,FAIRY CAKES NOTEBOOK A6 SIZE,2,2010-03-07T16:12:00,0.65,17449,United Kingdom
500362,84536A,ENGLISH ROSE NOTEBOOK A7 SIZE,1,2010-03-07T16:12:00,0.42,17449,United Kingdom
500362,84536A,ENGLISH ROSE NOTEBOOK A7 SIZE,2,2010-03-07T16:12:00,0.42,17449,United Kingdom
500362,84536B,FAIRY CAKES NOTEBOOK A7 SIZE,3,2010-03-07T16:12:00,0.42,17449,United Kingdom
500362,84836,ZINC METAL HEART DECORATION,6,2010-03-07T16:12:00,1.25,17449,United Kingdom
500362,84839,SWEETHEART KEY CABINET,2,2010-03-07T16:12:00,6.75,17449,United Kingdom
500362,84951A,SET OF 4 PISTACHIO LOVEBIRD COASTER,2,2010-03-07T16:12:00,2.55,17449,United Kingdom
500362,84968B,S/16 VINTAGE IVORY CUTLERY,1,2010-03-07T16:12:00,12.75,17449,United Kingdom
500362,84970L,SINGLE HEART ZINC T-LIGHT HOLDER,12,2010-03-07T16:12:00,0.95,17449,United Kingdom
500362,84977,WIRE FLOWER T-LIGHT HOLDER,4,2010-03-07T16:12:00,1.25,17449,United Kingdom
500362,84978,HANGING HEART JAR T-LIGHT HOLDER,6,2010-03-07T16:12:00,1.25,17449,United Kingdom
500362,84978,HANGING HEART JAR T-LIGHT HOLDER,6,2010-03-07T16:12:00,1.25,17449,United Kingdom
500362,84993A,75 GREEN PETIT FOUR CASES,1,2010-03-07T16:12:00,0.42,17449,United Kingdom
500362,85038,6 CHOCOLATE LOVE HEART T-LIGHTS,6,2010-03-07T16:12:00,2.1,17449,United Kingdom
500362,85049B,LUSH GREENS RIBBONS,1,2010-03-07T16:12:00,1.25,17449,United Kingdom
500362,85049D,BRIGHT BLUES RIBBONS,1,2010-03-07T16:12:00,1.25,17449,United Kingdom
500362,85061W,WHITE JEWELLED HEART DECORATION,6,2010-03-07T16:12:00,0.85,17449,United Kingdom
500362,85199L,LARGE HANGING IVORY & RED WOOD BIRD,6,2010-03-07T16:12:00,0.65,17449,United Kingdom
500364,84564,6 SEGMENT COLOURED SNACK BOWL,2,2010-03-07T16:20:00,7.95,,United Kingdom
500559,22125,,2,2010-03-08T15:35:00,0,,United Kingdom
500570,51012C,,-1,2010-03-08T15:53:00,0,,United Kingdom
500911,22035,,-100,2010-03-11T10:22:00,0,,United Kingdom
501147,20725,LUNCH BAG RED SPOTTY,1,2010-03-14T13:28:00,1.65,17905,United Kingdom
501147,21165,BEWARE OF THE CAT METAL SIGN,1,2010-03-14T13:28:00,1.69,17905,United Kingdom
501147,21238,RED SPOTTY CUP,1,2010-03-14T13:28:00,0.85,17905,United Kingdom
501147,21239,PINK  SPOTTY CUP,1,2010-03-14T13:28:00,0.85,17905,United Kingdom
501147,21240,BLUE  SPOTTY CUP,1,2010-03-14T13:28:00,0.85,17905,United Kingdom
501147,21241,GREEN SPOTTY CUP,1,2010-03-14T13:28:00,0.85,17905,United Kingdom
501147,21401,BLUE PUDDING SPOON,1,2010-03-14T13:28:00,0.42,17905,United Kingdom
501147,21402,RED  EGG  SPOON,1,2010-03-14T13:28:00,0.42,17905,United Kingdom
501147,22047,EMPIRE GIFT WRAP,25,2010-03-14T13:28:00,0.42,17905,United Kingdom
501147,22078,RIBBON REEL LACE DESIGN,2,2010-03-14T13:28:00,2.1,17905,United Kingdom
501147,22485,SET OF 2 WOODEN MARKET CRATES,2,2010-03-14T13:28:00,12.75,17905,United Kingdom
501147,51014A,"FEATHER PEN,HOT PINK",96,2010-03-14T13:28:00,0.85,17905,United Kingdom
501147,84691,PACK 20 DOLLY PEGS,2,2010-03-14T13:28:00,0.85,17905,United Kingdom
501147,84925A,WAKE UP COCKEREL WALL THERMOMETER,1,2010-03-14T13:28:00,2.55,17905,United Kingdom
501147,84937,KASHMIR FOLKART TUMBLERS,6,2010-03-14T13:28:00,2.1,17905,United Kingdom
501147,85049A,TRADITIONAL CHRISTMAS RIBBONS,1,2010-03-14T13:28:00,1.25,17905,United Kingdom
501147,85049B,LUSH GREENS RIBBONS,1,2010-03-14T13:28:00,1.25,17905,United Kingdom
501147,85049D,BRIGHT BLUES RIBBONS,1,2010-03-14T13:28:00,1.25,17905,United Kingdom
501147,85049E,SCANDINAVIAN REDS RIBBONS,1,2010-03-14T13:28:00,1.25,17905,United Kingdom
501147,85099C,JUMBO  BAG BAROQUE BLACK WHITE,2,2010-03-14T13:28:00,1.95,17905,United Kingdom
501147,85152,HAND OVER THE CHOCOLATE   SIGN,1,2010-03-14T13:28:00,2.1,17905,United Kingdom
501147,M,Manual,25,2010-03-14T13:28:00,0.42,17905,United Kingdom
501162,20989,,1,2010-03-15T09:32:00,0,,United Kingdom
501186,20747,PICCADILLY TEA SET,2,2010-03-15T12:07:00,14.95,14527,United Kingdom
501186,21258,VICTORIAN SEWING BOX LARGE,8,2010-03-15T12:07:00,10.95,14527,United Kingdom
501186,21485,RED SPOT HEART HOT WATER BOTTLE,1,2010-03-15T12:07:00,4.95,14527,United Kingdom
501186,21528,DAIRY MAID TRADITIONAL TEAPOT,1,2010-03-15T12:07:00,6.95,14527,United Kingdom
501186,21532,DAIRY MAID SUGAR JAM BOWL,1,2010-03-15T12:07:00,2.1,14527,United Kingdom
501186,21536,DAIRY MAID  SMALL  MILK JUG,1,2010-03-15T12:07:00,2.1,14527,United Kingdom
501186,21757,LIGHTHOUSE PRINTED METAL SIGN,1,2010-03-15T12:07:00,4.95,14527,United Kingdom
501186,21777,RECIPE BOX WITH METAL HEART,1,2010-03-15T12:07:00,7.95,14527,United Kingdom
501186,21906,PHARMACIE FIRST AID TIN,4,2010-03-15T12:07:00,6.75,14527,United Kingdom
501186,21937,STRAWBERRY   PICNIC BAG,1,2010-03-15T12:07:00,2.95,14527,United Kingdom
501186,22111,SCOTTIE DOG HOT WATER BOTTLE,1,2010-03-15T12:07:00,4.95,14527,United Kingdom
501186,22193,RED DINER WALL CLOCK,1,2010-03-15T12:07:00,8.5,14527,United Kingdom
501186,22498,WOODEN REGATTA BUNTING,4,2010-03-15T12:07:00,5.95,14527,United Kingdom
501186,22499,WOODEN UNION JACK BUNTING,1,2010-03-15T12:07:00,5.95,14527,United Kingdom
501186,37502,TEA TIME MUG IN GIFT BOX,1,2010-03-15T12:07:00,2.95,14527,United Kingdom
501186,47505,MINATURE COLOURED GARDENING SET,1,2010-03-15T12:07:00,4.95,14527,United Kingdom
501186,47562,ENGLISH ROSE IRONING BOARD COVER,1,2010-03-15T12:07:00,3.75,14527,United Kingdom
501186,47562,ENGLISH ROSE IRONING BOARD COVER,2,2010-03-15T12:07:00,3.75,14527,United Kingdom
501186,47566,PARTY BUNTING,3,2010-03-15T12:07:00,4.65,14527,United Kingdom
501186,47566B,TEA TIME PARTY BUNTING,3,2010-03-15T12:07:00,4.65,14527,United Kingdom
501186,79323S,SILVER CHERRY LIGHTS,1,2010-03-15T12:07:00,6.75,14527,United Kingdom
501186,79341,WILLOW BRANCH LIGHTS.,2,2010-03-15T12:07:00,6.75,14527,United Kingdom
501186,82578,KITCHEN METAL SIGN,2,2010-03-15T12:07:00,0.55,14527,United Kingdom
501186,82580,BATHROOM METAL SIGN,4,2010-03-15T12:07:00,0.55,14527,United Kingdom
501186,82581,TOILET METAL SIGN,2,2010-03-15T12:07:00,0.55,14527,United Kingdom
501186,84657,GREEN ROSE CUSHION COVER,1,2010-03-15T12:07:00,5.95,14527,United Kingdom
501186,84660C,PINK STITCHED WALL CLOCK,2,2010-03-15T12:07:00,3.75,14527,United Kingdom
501186,84691,PACK 20 DOLLY PEGS,4,2010-03-15T12:07:00,0.85,14527,United Kingdom
501186,84795C,OCEAN STRIPE HAMMOCK,2,2010-03-15T12:07:00,7.95,14527,United Kingdom
501186,84795D,SEASIDE STRIPE HAMMOCK,1,2010-03-15T12:07:00,7.95,14527,United Kingdom
501669,20975,12 PENCILS SMALL TUBE RED SPOTTY,24,2010-03-18T14:40:00,0.65,17512,United Kingdom
501669,21077,SET/20 WOODLAND PAPER NAPKINS,12,2010-03-18T14:40:00,0.85,17512,United Kingdom
501669,21078,SET/20 STRAWBERRY PAPER NAPKINS,12,2010-03-18T14:40:00,0.85,17512,United Kingdom
501669,21080,SET/20 RED SPOTTY PAPER NAPKINS,12,2010-03-18T14:40:00,0.85,17512,United Kingdom
501669,21082,SET/20 FRUIT SALAD PAPER NAPKINS,12,2010-03-18T14:40:00,0.85,17512,United Kingdom
501669,21181,PLEASE ONE PERSON METAL SIGN,48,2010-03-18T14:40:00,1.85,17512,United Kingdom
501669,21212,PACK OF 72 RETRO SPOT CAKE CASES,24,2010-03-18T14:40:00,0.55,17512,United Kingdom
501669,21587,COSY HOUR GIANT TUBE MATCHES,12,2010-03-18T14:40:00,2.55,17512,United Kingdom
501669,21870,I CAN ONLY PLEASE ONE PERSON MUG,12,2010-03-18T14:40:00,1.25,17512,United Kingdom
501669,21900,"KEY FOB , SHED",24,2010-03-18T14:40:00,0.65,17512,United Kingdom
501669,21901,"KEY FOB , BACK DOOR",24,2010-03-18T14:40:00,0.65,17512,United Kingdom
501669,21902,"KEY FOB , FRONT  DOOR",24,2010-03-18T14:40:00,0.65,17512,United Kingdom
501669,22072,TEA CUP AND SAUCER RETRO SPOT,4,2010-03-18T14:40:00,3.75,17512,United Kingdom
501669,22188,BLACK HEART CARD HOLDER,4,2010-03-18T14:40:00,3.95,17512,United Kingdom
501669,22413,METAL SIGN TAKE IT OR LEAVE IT,6,2010-03-18T14:40:00,2.95,17512,United Kingdom
501669,22494,EMERGENCY FIRST AID TIN,12,2010-03-18T14:40:00,1.25,17512,United Kingdom
501669,84755,COLOUR GLASS T-LIGHT HOLDER HANGING,144,2010-03-18T14:40:00,0.55,17512,United Kingdom
501669,84991,60 TEATIME FAIRY CAKE CASES,24,2010-03-18T14:40:00,0.55,17512,United Kingdom
502272,20689,RETRO SISTERS EXPRESSO CUPS,2,2010-03-23T15:47:00,5.95,14344,United Kingdom
502272,21035,SET/2 RED SPOTTY TEA TOWELS,2,2010-03-23T15:47:00,2.95,14344,United Kingdom
502272,21040,MODERN VINTAGE COTTON SHOPPING BAG,5,2010-03-23T15:47:00,2.55,14344,United Kingdom
502272,21108,FAIRY CAKE FLANNEL ASSORTED COLOUR,4,2010-03-23T15:47:00,2.55,14344,United Kingdom
502272,21154,RED SPOTTY OVEN GLOVE,2,2010-03-23T15:47:00,1.25,14344,United Kingdom
502272,21155,RED SPOTTY PEG BAG,5,2010-03-23T15:47:00,2.1,14344,United Kingdom
502272,21158,MOODY GIRL DOOR HANGER,3,2010-03-23T15:47:00,1.45,14344,United Kingdom
502272,21162,TOXIC AREA  DOOR HANGER,3,2010-03-23T15:47:00,1.45,14344,United Kingdom
502272,21163,DO NOT TOUCH MY STUFF DOOR HANGER,3,2010-03-23T15:47:00,1.45,14344,United Kingdom
502272,21166,COOK WITH WINE METAL SIGN,1,2010-03-23T15:47:00,1.95,14344,United Kingdom
502272,21174,POTTERING IN THE SHED METAL SIGN,3,2010-03-23T15:47:00,1.95,14344,United Kingdom
502272,21212,PACK OF 72 RETRO SPOT CAKE CASES,3,2010-03-23T15:47:00,0.55,14344,United Kingdom
502272,21255,"FRENCH BOTTLE , LAVENDER",4,2010-03-23T15:47:00,1.65,14344,United Kingdom
502272,21272,SALLE DE BAIN HOOK,2,2010-03-23T15:47:00,1.25,14344,United Kingdom
502272,21407,BROWN CHECK CAT DOORSTOP,2,2010-03-23T15:47:00,4.25,14344,United Kingdom
502272,21429,RED GINGHAM ROSE JEWELLERY BOX,2,2010-03-23T15:47:00,1.65,14344,United Kingdom
502272,21431,GREEN GINGHAM FLOWER JEWELLERY BOX,2,2010-03-23T15:47:00,1.65,14344,United Kingdom
502272,21754,HOME BUILDING BLOCK WORD,2,2010-03-23T15:47:00,5.95,14344,United Kingdom
502272,21756,BATH BUILDING BLOCK WORD,1,2010-03-23T15:47:00,5.95,14344,United Kingdom
502272,21868,POTTING SHED TEA MUG,4,2010-03-23T15:47:00,1.25,14344,United Kingdom
502272,21869,POTTING SHED COFFEE MUG,4,2010-03-23T15:47:00,1.25,14344,United Kingdom
502272,21897,POTTING SHED CANDLE CITRONELLA,4,2010-03-23T15:47:00,2.95,14344,United Kingdom
502272,22080,RIBBON REEL SPOTS DESIGN,5,2010-03-23T15:47:00,1.65,14344,United Kingdom
502272,22090,PAPER BUNTING RETRO SPOTS,1,2010-03-23T15:47:00,2.95,14344,United Kingdom
502272,22177,5 HOOK BLACKBOARD ORGANISER,2,2010-03-23T15:47:00,9.95,14344,United Kingdom
502272,22185,SLATE TILE NATURAL HANGING,4,2010-03-23T15:47:00,1.65,14344,United Kingdom
502272,22348,TEA BAG PLATE RED SPOTTY,4,2010-03-23T15:47:00,0.85,14344,United Kingdom
502272,22360,GLASS JAR ENGLISH CONFECTIONERY,4,2010-03-23T15:47:00,2.95,14344,United Kingdom
502272,22364,GLASS JAR DIGESTIVE BISCUITS,4,2010-03-23T15:47:00,2.95,14344,United Kingdom
502272,22464,HANGING METAL HEART LANTERN,3,2010-03-23T15:47:00,1.65,14344,United Kingdom
502272,22465,HANGING METAL STAR LANTERN,3,2010-03-23T15:47:00,1.65,14344,United Kingdom
502272,22483,RED GINGHAM TEDDY BEAR,3,2010-03-23T15:47:00,2.95,14344,United Kingdom
502272,22497,SET OF 2 TINS VINTAGE BATHROOM,2,2010-03-23T15:47:00,4.25,14344,United Kingdom
502272,22500,SET OF 2 TINS JARDIN DE PROVENCE,2,2010-03-23T15:47:00,4.95,14344,United Kingdom
502272,22508,DOORSTOP RETROSPOT HEART,2,2010-03-23T15:47:00,3.75,14344,United Kingdom
502272,37503,TEA TIME CAKE STAND IN GIFT BOX,2,2010-03-23T15:47:00,10.75,14344,United Kingdom
502272,47556B,TEA TIME TEA TOWELS,2,2010-03-23T15:47:00,2.95,14344,United Kingdom
502272,47559B,TEA TIME OVEN GLOVE,2,2010-03-23T15:47:00,1.25,14344,United Kingdom
502272,72741,GRAND CHOCOLATECANDLE,9,2010-03-23T15:47:00,1.45,14344,United Kingdom
502272,82580,BATHROOM METAL SIGN,3,2010-03-23T15:47:00,0.55,14344,United Kingdom
502272,82581,TOILET METAL SIGN,3,2010-03-23T15:47:00,0.55,14344,United Kingdom
502272,84279B,CHERRY BLOSSOM DECORATIVE FLASK,3,2010-03-23T15:47:00,3.75,14344,United Kingdom
502272,84849B,FAIRY SOAP SOAP HOLDER,3,2010-03-23T15:47:00,1.69,14344,United Kingdom
502272,84880,WHITE WIRE EGG HOLDER,2,2010-03-23T15:47:00,5.95,14344,United Kingdom
502272,84991,60 TEATIME FAIRY CAKE CASES,5,2010-03-23T15:47:00,0.55,14344,United Kingdom
502272,84997B,RED 3 PIECE MINI DOTS CUTLERY SET,3,2010-03-23T15:47:00,3.75,14344,United Kingdom
502272,85071B,RED CHARLIE+LOLA PERSONAL DOORSIGN,3,2010-03-23T15:47:00,2.95,14344,United Kingdom
502272,85123A,WHITE HANGING HEART T-LIGHT HOLDER,3,2010-03-23T15:47:00,2.95,14344,United Kingdom
502528,21274,EMBOSSED HEART 3 DRAWER SHELF,1,2010-03-25T11:29:00,12.75,14947,United Kingdom
502528,21275,ZINC TOP  2 DOOR WOODEN SHELF,2,2010-03-25T11:29:00,16.95,14947,United Kingdom
502528,21361,LOVE LARGE WOOD LETTERS,1,2010-03-25T11:29:00,12.75,14947,United Kingdom
502528,21454,PAINTED PINK RABBIT,12,2010-03-25T11:29:00,0.85,14947,United Kingdom
502528,21754,HOME BUILDING BLOCK WORD,3,2010-03-25T11:29:00,5.95,14947,United Kingdom
502528,21755,LOVE BUILDING BLOCK WORD,3,2010-03-25T11:29:00,5.95,14947,United Kingdom
502528,22228,BUNNY WOODEN PAINTED WITH BIRD,12,2010-03-25T11:29:00,0.85,14947,United Kingdom
502528,22457,NATURAL SLATE HEART CHALKBOARD,6,2010-03-25T11:29:00,2.95,14947,United Kingdom
502528,22483,RED GINGHAM TEDDY BEAR,6,2010-03-25T11:29:00,2.95,14947,United Kingdom
502528,22485,SET OF 2 WOODEN MARKET CRATES,4,2010-03-25T11:29:00,12.75,14947,United Kingdom
502528,84837,WHITE SWEETHEARTS CABINET 4 DRAWERS,4,2010-03-25T11:29:00,12.75,14947,United Kingdom
502528,85031C,CURIOUS IMAGES SCRAP BOOK SET,3,2010-03-25T11:29:00,4.95,14947,United Kingdom
502528,85063,CREAM SWEETHEART MAGAZINE RACK,1,2010-03-25T11:29:00,16.95,14947,United Kingdom
502528,85067,CREAM SWEETHEART WALL CABINET,2,2010-03-25T11:29:00,18.95,14947,United Kingdom
502636,21080,SET/20 RED SPOTTY PAPER NAPKINS,36,2010-03-25T16:25:00,0.85,12726,France
502636,21086,SET/6 RED SPOTTY PAPER CUPS,36,2010-03-25T16:25:00,0.65,12726,France
502636,21094,SET/6 RED SPOTTY PAPER PLATES,36,2010-03-25T16:25:00,0.85,12726,France
502636,21121,SET/10 RED SPOTTY PARTY CANDLES,48,2010-03-25T16:25:00,1.25,12726,France
502636,21122,SET/10 PINK SPOTTY PARTY CANDLES,48,2010-03-25T16:25:00,1.25,12726,France
502636,21124,SET/10 BLUE SPOTTY PARTY CANDLES,48,2010-03-25T16:25:00,1.25,12726,France
502636,21544,SKULLS  WATER TRANSFER TATTOOS,36,2010-03-25T16:25:00,0.85,12726,France
502636,21791,VINTAGE HEADS AND TAILS CARD GAME,24,2010-03-25T16:25:00,1.25,12726,France
502636,22544,MINI JIGSAW SPACEBOY,48,2010-03-25T16:25:00,0.42,12726,France
502636,POST,POSTAGE,2,2010-03-25T16:25:00,18,12726,France
502755,46000M,POLYESTER FILLER PAD 45x45cm,20,2010-03-26T13:39:00,1.55,16601,United Kingdom
502755,46000S,POLYESTER FILLER PAD 40x40cm,25,2010-03-26T13:39:00,1.45,16601,United Kingdom
503238,46000M,,-20,2010-03-30T17:52:00,0,,United Kingdom
503570,21034,REX CASH+CARRY JUMBO SHOPPER,2,2010-04-01T15:40:00,0.95,15863,United Kingdom
503570,21186,WHITE DOVE HONEYCOMB PAPER GARLAND,6,2010-04-01T15:40:00,1.65,15863,United Kingdom
503570,21187,WHITE BELL HONEYCOMB PAPER GARLAND,7,2010-04-01T15:40:00,1.65,15863,United Kingdom
503570,21201,TROPICAL  HONEYCOMB PAPER GARLAND,3,2010-04-01T15:40:00,2.55,15863,United Kingdom
503570,21293,MIRRORED DOVE WALL DECORATION,3,2010-04-01T15:40:00,2.1,15863,United Kingdom
503570,21448,12 DAISY PEGS IN WOOD BOX,1,2010-04-01T15:40:00,1.65,15863,United Kingdom
503570,21749,LARGE RED RETROSPOT WINDMILL,3,2010-04-01T15:40:00,2.1,15863,United Kingdom
503570,21755,LOVE BUILDING BLOCK WORD,1,2010-04-01T15:40:00,5.95,15863,United Kingdom
503570,22087,PAPER BUNTING WHITE LACE,1,2010-04-01T15:40:00,2.95,15863,United Kingdom
503570,22088,PAPER BUNTING COLOURED LACE,4,2010-04-01T15:40:00,2.95,15863,United Kingdom
503570,47574B,ENGLISH ROSE SCENTED HANGING HEART,1,2010-04-01T15:40:00,4.25,15863,United Kingdom
503570,84879,ASSORTED COLOUR BIRD ORNAMENT,9,2010-04-01T15:40:00,1.69,15863,United Kingdom
503570,84916,HAND TOWEL PALE BLUE W FLOWERS,2,2010-04-01T15:40:00,5.95,15863,United Kingdom
503570,85199L,LARGE HANGING IVORY & RED WOOD BIRD,48,2010-04-01T15:40:00,0.65,15863,United Kingdom
503835,22364,GLASS JAR DIGESTIVE BISCUITS,24,2010-04-07T16:16:00,2.55,12482,Sweden
503835,22399,MAGNETS PACK OF 4 CHILDHOOD MEMORY,108,2010-04-07T16:16:00,1.06,12482,Sweden
503835,22402,MAGNETS PACK OF 4 VINTAGE COLLAGE,108,2010-04-07T16:16:00,1.06,12482,Sweden
503835,22434,BALLOON PUMP WITH 10 BALLOONS,72,2010-04-07T16:16:00,1.65,12482,Sweden
503835,22436,12 COLOURED PARTY BALLOONS,100,2010-04-07T16:16:00,0.55,12482,Sweden
503835,22530,MAGIC DRAWING SLATE DOLLY GIRL,192,2010-04-07T16:16:00,0.36,12482,Sweden
503835,22534,MAGIC DRAWING SLATE SPACEBOY,192,2010-04-07T16:16:00,0.36,12482,Sweden
503835,22537,MAGIC DRAWING SLATE DINOSAUR,192,2010-04-07T16:16:00,0.36,12482,Sweden
503835,22560,TRADITIONAL MODELLING CLAY,48,2010-04-07T16:16:00,1.06,12482,Sweden
503835,22562,MONSTERS STENCIL CRAFT,72,2010-04-07T16:16:00,1.06,12482,Sweden
503835,22563,HAPPY STENCIL CRAFT,72,2010-04-07T16:16:00,1.06,12482,Sweden
503856,21787,RAIN PONCHO WITH RED SPOTS,24,2010-04-08T10:19:00,0.85,17426,United Kingdom
503856,21967,PACK OF 12 SKULL TISSUES,48,2010-04-08T10:19:00,0.29,17426,United Kingdom
503856,21981,PACK OF 12 WOODLAND TISSUES,48,2010-04-08T10:19:00,0.29,17426,United Kingdom
503856,21982,PACK OF 12 SUKI TISSUES,48,2010-04-08T10:19:00,0.29,17426,United Kingdom
503856,21984,PACK OF 12 PINK PAISLEY TISSUES,48,2010-04-08T10:19:00,0.29,17426,United Kingdom
503856,22405,MONEY BOX POCKET MONEY DESIGN,12,2010-04-08T10:19:00,1.25,17426,United Kingdom
503856,22409,MONEY BOX BISCUITS DESIGN,12,2010-04-08T10:19:00,1.25,17426,United Kingdom
503856,22410,MONEY BOX HOUSEKEEPING DESIGN,12,2010-04-08T10:19:00,1.25,17426,United Kingdom
503856,22434,BALLOON PUMP WITH 10 BALLOONS,8,2010-04-08T10:19:00,1.95,17426,United Kingdom
503856,22436,12 COLOURED PARTY BALLOONS,20,2010-04-08T10:19:00,0.65,17426,United Kingdom
503856,22480,RED TEA TOWEL CLASSIC DESIGN,12,2010-04-08T10:19:00,1.25,17426,United Kingdom
503856,22482,BLUE TEA TOWEL CLASSIC DESIGN,12,2010-04-08T10:19:00,1.25,17426,United Kingdom
503856,22562,MONSTERS STENCIL CRAFT,12,2010-04-08T10:19:00,1.25,17426,United Kingdom
503856,22563,HAPPY STENCIL CRAFT,12,2010-04-08T10:19:00,1.25,17426,United Kingdom
503856,22564,ALPHABET STENCIL CRAFT,12,2010-04-08T10:19:00,1.25,17426,United Kingdom
503856,22568,FELTCRAFT CUSHION OWL,4,2010-04-08T10:19:00,3.75,17426,United Kingdom
503856,22569,FELTCRAFT CUSHION BUTTERFLY,4,2010-04-08T10:19:00,3.75,17426,United Kingdom
503856,22570,FELTCRAFT CUSHION RABBIT,4,2010-04-08T10:19:00,3.75,17426,United Kingdom
503856,40001,WHITE BAMBOO RIBS LAMPSHADE,144,2010-04-08T10:19:00,0.64,17426,United Kingdom
503856,40003,WHITE BAMBOO RIBS LAMPSHADE,96,2010-04-08T10:19:00,0.95,17426,United Kingdom
503946,21174,POTTERING IN THE SHED METAL SIGN,12,2010-04-08T15:35:00,1.95,16168,United Kingdom
503946,21868,POTTING SHED TEA MUG,12,2010-04-08T15:35:00,1.25,16168,United Kingdom
503946,21869,POTTING SHED COFFEE MUG,12,2010-04-08T15:35:00,1.25,16168,United Kingdom
503946,21876,POTTERING MUG,12,2010-04-08T15:35:00,1.25,16168,United Kingdom
503946,21907,I'M ON HOLIDAY METAL SIGN,12,2010-04-08T15:35:00,2.1,16168,United Kingdom
503946,22528,GARDENERS KNEELING PAD,12,2010-04-08T15:35:00,1.25,16168,United Kingdom
503946,84836,ZINC METAL HEART DECORATION,12,2010-04-08T15:35:00,1.25,16168,United Kingdom
504104,21071,VINTAGE BILLBOARD DRINK ME MUG,1,2010-04-09T14:54:00,2.51,,United Kingdom
504104,21533,RETRO SPOT LARGE MILK JUG,1,2010-04-09T14:54:00,10.17,,United Kingdom
504104,21539,RETRO SPOTS BUTTER DISH,1,2010-04-09T14:54:00,10.17,,United Kingdom
504104,21557,SET OF 6 FUNKY BEAKERS,1,2010-04-09T14:54:00,5.74,,United Kingdom
504104,21658,GLASS  BEURRE DISH,1,2010-04-09T14:54:00,8.47,,United Kingdom
504104,21700,BIG DOUGHNUT FRIDGE MAGNETS,2,2010-04-09T14:54:00,8.47,,United Kingdom
504104,21992,VINTAGE PAISLEY STATIONERY SET,1,2010-04-09T14:54:00,5.91,,United Kingdom
504104,22041,"RECORD FRAME 7"" SINGLE SIZE",5,2010-04-09T14:54:00,5.06,,United Kingdom
504104,22077,6 RIBBONS RUSTIC CHARM,1,2010-04-09T14:54:00,3.36,,United Kingdom
504104,22094,RED POLKA DOT TISSUE BOX,1,2010-04-09T14:54:00,2.51,,United Kingdom
504104,22138,BAKING SET 9 PIECE RETROSPOT,1,2010-04-09T14:54:00,11.02,,United Kingdom
504104,22398,MAGNETS PACK OF 4 SWALLOWS,1,2010-04-09T14:54:00,0,,United Kingdom
504104,22611,VINTAGE UNION JACK SHOPPING BAG,1,2010-04-09T14:54:00,10.17,,United Kingdom
504104,35004G,SET OF 3 GOLD FLYING DUCKS,1,2010-04-09T14:54:00,12.72,,United Kingdom
504104,47566,PARTY BUNTING,2,2010-04-09T14:54:00,8.47,,United Kingdom
504104,84873a,FUNKY FLOWER PICNIC BAG FOR 4,1,2010-04-09T14:54:00,11.02,,United Kingdom
504104,84879,ASSORTED COLOUR BIRD ORNAMENT,8,2010-04-09T14:54:00,25.49,,United Kingdom
504104,85215,ASSORTED CHEESE FRIDGE MAGNETS,1,2010-04-09T14:54:00,7.62,,United Kingdom
504104,DOT,DOTCOM POSTAGE,1,2010-04-09T14:54:00,30,,United Kingdom
504109,20975,12 PENCILS SMALL TUBE RED SPOTTY,4,2010-04-09T14:58:00,1.28,,United Kingdom
504109,21067,VINTAGE RED TEATIME MUG,1,2010-04-09T14:58:00,2.51,,United Kingdom
504109,21557,SET OF 6 FUNKY BEAKERS,1,2010-04-09T14:58:00,5.74,,United Kingdom
504109,21658,GLASS  BEURRE DISH,1,2010-04-09T14:58:00,8.47,,United Kingdom
504109,21955,DOOR MAT UNION JACK GUNS AND ROSES,1,2010-04-09T14:58:00,13.57,,United Kingdom
504109,22023,EMPIRE BIRTHDAY CARD,1,2010-04-09T14:58:00,0.85,,United Kingdom
504109,22069,BROWN  PIRATE TREASURE CHEST,1,2010-04-09T14:58:00,3.36,,United Kingdom
504109,22087,PAPER BUNTING WHITE LACE,1,2010-04-09T14:58:00,5.91,,United Kingdom
504109,22110,BIRD HOUSE HOT WATER BOTTLE,1,2010-04-09T14:58:00,7.62,,United Kingdom
504109,22283,6 EGG HOUSE PAINTED WOOD,1,2010-04-09T14:58:00,16.13,,United Kingdom
504109,22423,REGENCY CAKESTAND 3 TIER,1,2010-04-09T14:58:00,25.49,,United Kingdom
504109,35979,SIX STRING SCANDINAVIAN HEART DECS,1,2010-04-09T14:58:00,5.91,,United Kingdom
504109,48129,DOOR MAT TOPIARY,1,2010-04-09T14:58:00,13.57,,United Kingdom
504109,72351a,SET/6 TURQUOISE BUTTERFLY T-LIGHTS,1,2010-04-09T14:58:00,4.21,,United Kingdom
504109,72801c,S/4 ROSE PINK DINNER CANDLES,2,2010-04-09T14:58:00,2.51,,United Kingdom
504109,84873a,FUNKY FLOWER PICNIC BAG FOR 4,2,2010-04-09T14:58:00,11.02,,United Kingdom
504109,DOT,DOTCOM POSTAGE,1,2010-04-09T14:58:00,30,,United Kingdom
504166,21928,JUMBO BAG SCANDINAVIAN PAISLEY,100,2010-04-12T07:14:00,1.65,16029,United Kingdom
504166,22057,CERAMIC PLATE STRAWBERRY DESIGN,96,2010-04-12T07:14:00,1.25,16029,United Kingdom
504166,22059,CERAMIC STRWBERRY DESIGN MUG,48,2010-04-12T07:14:00,1.25,16029,United Kingdom
504166,22061,LARGE CAKE STAND  HANGING STRAWBERY,36,2010-04-12T07:14:00,8.5,16029,United Kingdom
504166,22063,CERAMIC BOWL WITH STRAWBERRY DESIGN,108,2010-04-12T07:14:00,2.55,16029,United Kingdom
504166,37503,TEA TIME CAKE STAND IN GIFT BOX,60,2010-04-12T07:14:00,9.45,16029,United Kingdom
504166,85099B,RED RETROSPOT JUMBO BAG,300,2010-04-12T07:14:00,1.65,16029,United Kingdom
504166,85099C,JUMBO  BAG BAROQUE BLACK WHITE,200,2010-04-12T07:14:00,1.65,16029,United Kingdom
504194,84467,,-40,2010-04-12T10:12:00,0,,United Kingdom
504531,47570,,-20,2010-04-14T11:40:00,0,,United Kingdom
504546,85099B,RED RETROSPOT JUMBO BAG,7,2010-04-14T12:26:00,1.95,17961,United Kingdom
504569,21135,VICTORIAN  METAL POSTCARD SPRING,8,2010-04-14T14:20:00,1.69,17146,United Kingdom
504569,21363,HOME SMALL WOOD LETTERS,3,2010-04-14T14:20:00,4.95,17146,United Kingdom
504569,21411,GINGHAM HEART  DOORSTOP RED,3,2010-04-14T14:20:00,4.25,17146,United Kingdom
504569,21462,"NURSERY A,B,C PAINTED LETTERS",2,2010-04-14T14:20:00,6.75,17146,United Kingdom
504569,21524,DOOR MAT SPOTTY HOME SWEET HOME,2,2010-04-14T14:20:00,7.49,17146,United Kingdom
504569,21621,VINTAGE UNION JACK BUNTING,4,2010-04-14T14:20:00,8.5,17146,United Kingdom
504569,21624,VINTAGE UNION JACK DOORSTOP,3,2010-04-14T14:20:00,5.95,17146,United Kingdom
504569,21626,VINTAGE UNION JACK PENNANT,12,2010-04-14T14:20:00,1.95,17146,United Kingdom
504569,21713,CITRONELLA CANDLE FLOWERPOT,8,2010-04-14T14:20:00,2.1,17146,United Kingdom
504569,21955,DOOR MAT UNION JACK GUNS AND ROSES,4,2010-04-14T14:20:00,7.49,17146,United Kingdom
504569,22061,LARGE CAKE STAND  HANGING STRAWBERY,2,2010-04-14T14:20:00,9.95,17146,United Kingdom
504569,22082,RIBBON REEL STRIPES DESIGN,10,2010-04-14T14:20:00,1.65,17146,United Kingdom
504569,22169,FAMILY ALBUM WHITE PICTURE FRAME,2,2010-04-14T14:20:00,8.5,17146,United Kingdom
504569,22170,PICTURE FRAME WOOD TRIPLE PORTRAIT,4,2010-04-14T14:20:00,6.75,17146,United Kingdom
504569,22611,VINTAGE UNION JACK SHOPPING BAG,3,2010-04-14T14:20:00,4.95,17146,United Kingdom
504569,37449,CERAMIC CAKE STAND + HANGING CAKES,2,2010-04-14T14:20:00,9.95,17146,United Kingdom
504569,47566,PARTY BUNTING,5,2010-04-14T14:20:00,4.65,17146,United Kingdom
504569,47566B,TEA TIME PARTY BUNTING,5,2010-04-14T14:20:00,4.65,17146,United Kingdom
504569,47568,ENGLISH ROSE DESIGN PEG BAG,6,2010-04-14T14:20:00,2.1,17146,United Kingdom
504569,47570,ENGLISH ROSE TABLE CLOTH,2,2010-04-14T14:20:00,10.65,17146,United Kingdom
504569,47570B,TEA TIME TABLE CLOTH,2,2010-04-14T14:20:00,10.65,17146,United Kingdom
504569,48129,DOOR MAT TOPIARY,4,2010-04-14T14:20:00,7.49,17146,United Kingdom
504569,48138,DOOR MAT UNION FLAG,4,2010-04-14T14:20:00,7.49,17146,United Kingdom
504569,48187,DOOR MAT NEW ENGLAND,4,2010-04-14T14:20:00,7.49,17146,United Kingdom
504569,84824,DANISH ROSE UMBRELLA STAND,4,2010-04-14T14:20:00,12.75,17146,United Kingdom
504569,84880,WHITE WIRE EGG HOLDER,3,2010-04-14T14:20:00,5.95,17146,United Kingdom
504569,84946,ANTIQUE SILVER TEA GLASS ETCHED,12,2010-04-14T14:20:00,1.25,17146,United Kingdom
504838,20658,RED SPOTTY LUGGAGE TAG,12,2010-04-16T15:18:00,1.25,15078,United Kingdom
504838,20711,JUMBO BAG TOYS,20,2010-04-16T15:18:00,1.95,15078,United Kingdom
504838,20713,JUMBO BAG OWLS,20,2010-04-16T15:18:00,1.95,15078,United Kingdom
504838,20718,RED SPOTTY SHOPPER BAG,10,2010-04-16T15:18:00,1.25,15078,United Kingdom
504838,20725,LUNCH BAG RED SPOTTY,10,2010-04-16T15:18:00,1.65,15078,United Kingdom
504838,20914,SET/5 RED SPOTTY LID GLASS BOWLS,6,2010-04-16T15:18:00,2.95,15078,United Kingdom
504838,21166,COOK WITH WINE METAL SIGN,12,2010-04-16T15:18:00,1.95,15078,United Kingdom
504838,21175,GIN + TONIC DIET METAL SIGN,12,2010-04-16T15:18:00,2.1,15078,United Kingdom
504838,21181,PLEASE ONE PERSON METAL SIGN,12,2010-04-16T15:18:00,2.1,15078,United Kingdom
504838,21523,DOOR MAT FANCY FONT HOME SWEET HOME,2,2010-04-16T15:18:00,7.49,15078,United Kingdom
504838,21904,HOUSE WRECKING METAL SIGN,6,2010-04-16T15:18:00,2.1,15078,United Kingdom
504838,21929,JUMBO BAG PINK VINTAGE PAISLEY,10,2010-04-16T15:18:00,1.95,15078,United Kingdom
504838,21930,JUMBO STORAGE BAG SKULLS,10,2010-04-16T15:18:00,1.95,15078,United Kingdom
504838,21931,JUMBO STORAGE BAG SUKI,20,2010-04-16T15:18:00,1.95,15078,United Kingdom
504838,22378,WALL TIDY RETROSPOT,10,2010-04-16T15:18:00,2.1,15078,United Kingdom
504838,22384,LUNCH BAG PINK RETROSPOT,10,2010-04-16T15:18:00,1.65,15078,United Kingdom
504838,22386,JUMBO BAG PINK WITH WHITE SPOTS,20,2010-04-16T15:18:00,1.95,15078,United Kingdom
504838,22411,JUMBO SHOPPER VINTAGE RED PAISLEY,10,2010-04-16T15:18:00,1.95,15078,United Kingdom
504838,37503,TEA TIME CAKE STAND IN GIFT BOX,4,2010-04-16T15:18:00,10.75,15078,United Kingdom
504838,48187,DOOR MAT NEW ENGLAND,2,2010-04-16T15:18:00,7.49,15078,United Kingdom
504838,48194,DOOR MAT HEARTS,2,2010-04-16T15:18:00,7.49,15078,United Kingdom
504838,82567,"AIRLINE LOUNGE,METAL SIGN",6,2010-04-16T15:18:00,2.1,15078,United Kingdom
504838,82582,AREA PATROLLED METAL SIGN,6,2010-04-16T15:18:00,2.1,15078,United Kingdom
504838,85014B,RED/WHITE DOTS RUFFLED UMBRELLA,4,2010-04-16T15:18:00,5.95,15078,United Kingdom
504838,85099B,RED RETROSPOT JUMBO BAG,20,2010-04-16T15:18:00,1.95,15078,United Kingdom
504838,85099F,JUMBO BAG STRAWBERRY,10,2010-04-16T15:18:00,1.95,15078,United Kingdom
504885,15030,FAN BLACK FRAME,10,2010-04-18T13:31:00,0.29,17969,United Kingdom
504885,18094C,WHITE AND BLUE CERAMIC OIL BURNER,12,2010-04-18T13:31:00,1.25,17969,United Kingdom
504885,21324,HANGING MEDINA LANTERN SMALL,1,2010-04-18T13:31:00,2.95,17969,United Kingdom
504885,21713,CITRONELLA CANDLE FLOWERPOT,1,2010-04-18T13:31:00,2.1,17969,United Kingdom
504885,21923,RED/CREAM STRIPE FRINGE HAMMOCK,1,2010-04-18T13:31:00,7.95,17969,United Kingdom
504885,21924,BLUE/CREAM STRIPE FRINGE HAMMOCK,1,2010-04-18T13:31:00,7.95,17969,United Kingdom
504885,22605,WOODEN CROQUET GARDEN SET,1,2010-04-18T13:31:00,12.75,17969,United Kingdom
504885,84795A,PASTEL STRIPE HAMMOCK,1,2010-04-18T13:31:00,7.95,17969,United Kingdom
504885,84795B,SUNSET CHECK HAMMOCK,1,2010-04-18T13:31:00,7.95,17969,United Kingdom
504885,84795C,OCEAN STRIPE HAMMOCK,1,2010-04-18T13:31:00,7.95,17969,United Kingdom
504885,84795D,SEASIDE STRIPE HAMMOCK,1,2010-04-18T13:31:00,7.95,17969,United Kingdom
504885,84795E,RIO PINK STRIPE HAMMOCK,1,2010-04-18T13:31:00,7.95,17969,United Kingdom
504885,84795E,RIO PINK STRIPE HAMMOCK,3,2010-04-18T13:31:00,7.95,17969,United Kingdom
505016,15056N,EDWARDIAN PARASOL NATURAL,2,2010-04-19T13:52:00,12.72,,United Kingdom
505016,17096,ASSORTED LAQUERED INCENSE HOLDERS,1,2010-04-19T13:52:00,0.43,,United Kingdom
505016,17129F,DEEP BLUE GLASS GEMS IN BAG,8,2010-04-19T13:52:00,1.66,,United Kingdom
505016,20674,GREEN SPOTTY BOWL,2,2010-04-19T13:52:00,2.51,,United Kingdom
505016,20677,PINK SPOTTY BOWL,2,2010-04-19T13:52:00,2.51,,United Kingdom
505016,20712,JUMBO BAG WOODLAND ANIMALS,7,2010-04-19T13:52:00,4.21,,United Kingdom
505016,20713,JUMBO BAG OWLS,2,2010-04-19T13:52:00,4.21,,United Kingdom
505016,20719,WOODLAND CHARLOTTE BAG,3,2010-04-19T13:52:00,1.66,,United Kingdom
505016,20724,RED SPOTTY CHARLOTTE BAG,1,2010-04-19T13:52:00,1.66,,United Kingdom
505016,20727,LUNCH BAG  BLACK SKULL.,1,2010-04-19T13:52:00,4.21,,United Kingdom
505016,20754,RETRO RED SPOTTY WASHING UP GLOVES,1,2010-04-19T13:52:00,4.21,,United Kingdom
505016,20832,RED FLOCK LOVE HEART PHOTO FRAME,1,2010-04-19T13:52:00,1.66,,United Kingdom
505016,20901,VINTAGE KEEPSAKE BOX PINK FLOWER,1,2010-04-19T13:52:00,12.72,,United Kingdom
505016,20941,FROG CANDLE,1,2010-04-19T13:52:00,2.51,,United Kingdom
505016,21000,ROSE DU SUD COSMETICS BAG,1,2010-04-19T13:52:00,3.36,,United Kingdom
505016,21002,ROSE DU SUD DRAWSTRING BAG,4,2010-04-19T13:52:00,3.36,,United Kingdom
505016,21003,ROSE DU SUD CUSHION COVER,1,2010-04-19T13:52:00,5.91,,United Kingdom
505016,21004,ROSE DU SUD CHILDS APRON,1,2010-04-19T13:52:00,4.21,,United Kingdom
505016,21035,SET/2 RED SPOTTY TEA TOWELS,2,2010-04-19T13:52:00,5.91,,United Kingdom
505016,21042,RED SPOTTY APRON,1,2010-04-19T13:52:00,12.72,,United Kingdom
505016,21080,SET/20 RED SPOTTY PAPER NAPKINS,1,2010-04-19T13:52:00,1.66,,United Kingdom
505016,21086,SET/6 RED SPOTTY PAPER CUPS,1,2010-04-19T13:52:00,1.66,,United Kingdom
505016,21094,SET/6 RED SPOTTY PAPER PLATES,1,2010-04-19T13:52:00,1.66,,United Kingdom
505016,21115,ROSE CARAVAN DOORSTOP,1,2010-04-19T13:52:00,14.43,,United Kingdom
505016,21155,RED SPOTTY PEG BAG,1,2010-04-19T13:52:00,4.21,,United Kingdom
505016,21156,RED SPOTTY CHILDS APRON,1,2010-04-19T13:52:00,4.21,,United Kingdom
505016,21186,WHITE DOVE HONEYCOMB PAPER GARLAND,2,2010-04-19T13:52:00,3.36,,United Kingdom
505016,21215,IVORY PAPER CUP CAKE CASES,1,2010-04-19T13:52:00,1.28,,United Kingdom
505016,21216,"SET 3 RED SPOT TIN TEA,COFFEE,SUGAR",2,2010-04-19T13:52:00,11.02,,United Kingdom
505016,21231,SWEETHEART CERAMIC TRINKET BOX,3,2010-04-19T13:52:00,2.51,,United Kingdom
505016,21232,STRAWBERRY CERAMIC TRINKET BOX,4,2010-04-19T13:52:00,2.51,,United Kingdom
505016,21238,RED SPOTTY CUP,2,2010-04-19T13:52:00,1.66,,United Kingdom
505016,21239,PINK  SPOTTY CUP,4,2010-04-19T13:52:00,1.66,,United Kingdom
505016,21240,BLUE  SPOTTY CUP,3,2010-04-19T13:52:00,1.66,,United Kingdom
505016,21241,GREEN SPOTTY CUP,3,2010-04-19T13:52:00,1.66,,United Kingdom
505016,21245,GREEN  SPOTTY PLATE,1,2010-04-19T13:52:00,3.36,,United Kingdom
505016,21272,SALLE DE BAIN HOOK,1,2010-04-19T13:52:00,2.51,,United Kingdom
505016,21313,GLASS HEART T-LIGHT HOLDER,3,2010-04-19T13:52:00,1.66,,United Kingdom
505016,21381,MINI WOODEN HAPPY BIRTHDAY GARLAND,1,2010-04-19T13:52:00,3.36,,United Kingdom
505016,21390,FILIGRIS HEART WITH BUTTERFLY,1,2010-04-19T13:52:00,2.51,,United Kingdom
505016,21422,PORCELAIN ROSE SMALL,2,2010-04-19T13:52:00,1.66,,United Kingdom
505016,21429,RED GINGHAM ROSE JEWELLERY BOX,1,2010-04-19T13:52:00,3.36,,United Kingdom
505016,21445,12 PINK ROSE PEG PLACE SETTINGS,1,2010-04-19T13:52:00,2.51,,United Kingdom
505016,21454,PAINTED PINK RABBIT,1,2010-04-19T13:52:00,1.66,,United Kingdom
505016,21484,CHICK GREY HOT WATER BOTTLE,2,2010-04-19T13:52:00,7.62,,United Kingdom
505016,21519,GIN & TONIC DIET GREETING CARD,1,2010-04-19T13:52:00,0.85,,United Kingdom
505016,21532,DAIRY MAID SUGAR JAM BOWL,1,2010-04-19T13:52:00,4.21,,United Kingdom
505016,21539,RED RETROSPOT BUTTER DISH,1,2010-04-19T13:52:00,10.17,,United Kingdom
505016,21544,SKULLS  WATER TRANSFER TATTOOS,1,2010-04-19T13:52:00,1.66,,United Kingdom
505016,21557,SET OF 6 FUNKY BEAKERS,1,2010-04-19T13:52:00,5.91,,United Kingdom
505016,21690,SILVER  CANDLEPOT JARDIN,1,2010-04-19T13:52:00,8.47,,United Kingdom
505016,21731,RED TOADSTOOL LED NIGHT LIGHT,1,2010-04-19T13:52:00,3.36,,United Kingdom
505016,21733,RED HANGING HEART T-LIGHT HOLDER,1,2010-04-19T13:52:00,5.91,,United Kingdom
505016,21735,TWO DOOR CURIO CABINET,1,2010-04-19T13:52:00,25.49,,United Kingdom
505016,21746,SMALL RED RETROSPOT WINDMILL,1,2010-04-19T13:52:00,2.51,,United Kingdom
505016,21754,HOME BUILDING BLOCK WORD,1,2010-04-19T13:52:00,11.87,,United Kingdom
505016,21843,RED RETROSPOT CAKE STAND,2,2010-04-19T13:52:00,21.23,,United Kingdom
505016,21868,POTTING SHED TEA MUG,1,2010-04-19T13:52:00,3.36,,United Kingdom
505016,21869,POTTING SHED COFFEE MUG,1,2010-04-19T13:52:00,3.36,,United Kingdom
505016,21912,VINTAGE SNAKES & LADDERS,1,2010-04-19T13:52:00,7.62,,United Kingdom
505016,21927,BLUE/CREAM STRIPE CUSHION COVER,2,2010-04-19T13:52:00,5.91,,United Kingdom
505016,21936,RED RETROSPOT PICNIC BAG,1,2010-04-19T13:52:00,5.91,,United Kingdom
505016,21943,CAKES AND RABBITS DESIGN FLANNEL,1,2010-04-19T13:52:00,0.85,,United Kingdom
505016,21945,STRAWBERRIES  DESIGN FLANNEL,1,2010-04-19T13:52:00,1.66,,United Kingdom
505016,21977,PACK OF 60 PINK PAISLEY CAKE CASES,3,2010-04-19T13:52:00,1.28,,United Kingdom
505016,22037,ROBOT BIRTHDAY CARD,1,2010-04-19T13:52:00,0.85,,United Kingdom
505016,22063,CERAMIC BOWL WITH STRAWBERRY DESIGN,1,2010-04-19T13:52:00,5.91,,United Kingdom
505016,22088,PAPER BUNTING COLOURED LACE,1,2010-04-19T13:52:00,5.91,,United Kingdom
505016,22090,PAPER BUNTING RETRO SPOTS,1,2010-04-19T13:52:00,5.91,,United Kingdom
505016,22108,PING! MICROWAVE PLATE,1,2010-04-19T13:52:00,3.36,,United Kingdom
505016,22110,BIRD HOUSE HOT WATER BOTTLE,1,2010-04-19T13:52:00,7.62,,United Kingdom
505016,22112,CHOCOLATE HOT WATER BOTTLE,1,2010-04-19T13:52:00,11.02,,United Kingdom
505016,22178,VICTORIAN GLASS HANGING T-LIGHT,2,2010-04-19T13:52:00,2.51,,United Kingdom
505016,22188,BLACK HEART CARD HOLDER,1,2010-04-19T13:52:00,8.47,,United Kingdom
505016,22219,LOVEBIRD HANGING DECORATION WHITE,3,2010-04-19T13:52:00,1.66,,United Kingdom
505016,22228,BUNNY WOODEN PAINTED WITH BIRD,4,2010-04-19T13:52:00,1.66,,United Kingdom
505016,22229,BUNNY WOODEN PAINTED WITH FLOWER,1,2010-04-19T13:52:00,1.66,,United Kingdom
505016,22231,JIGSAW TREE WITH BIRDHOUSE,1,2010-04-19T13:52:00,3.36,,United Kingdom
505016,22244,"HOOK, 3 HANGER ,MAGIC GARDEN",2,2010-04-19T13:52:00,4.21,,United Kingdom
505016,22245,"HOOK, 1 HANGER ,MAGIC GARDEN",2,2010-04-19T13:52:00,1.66,,United Kingdom
505016,22272,FELTCRAFT DOLL MARIA,1,2010-04-19T13:52:00,5.91,,United Kingdom
505016,22294,HEART FILIGREE DOVE  SMALL,1,2010-04-19T13:52:00,2.51,,United Kingdom
505016,22295,HEART FILIGREE DOVE LARGE,1,2010-04-19T13:52:00,3.36,,United Kingdom
505016,22323,PINK POLKADOT KIDS BAG,2,2010-04-19T13:52:00,4.21,,United Kingdom
505016,22324,BLUE POLKADOT KIDS BAG,1,2010-04-19T13:52:00,4.21,,United Kingdom
505016,22332,SKULLS PARTY BAG + STICKER SET,1,2010-04-19T13:52:00,3.36,,United Kingdom
505016,22333,RETRO SPORT PARTY BAG + STICKER SET,2,2010-04-19T13:52:00,3.36,,United Kingdom
505016,22359,GLASS JAR KINGS CHOICE,2,2010-04-19T13:52:00,5.91,,United Kingdom
505016,22360,GLASS JAR ENGLISH CONFECTIONERY,2,2010-04-19T13:52:00,5.91,,United Kingdom
505016,22361,GLASS JAR DAISY FRESH COTTON WOOL,3,2010-04-19T13:52:00,5.91,,United Kingdom
505016,22362,GLASS JAR PEACOCK BATH SALTS,2,2010-04-19T13:52:00,5.91,,United Kingdom
505016,22363,GLASS JAR MARMALADE,2,2010-04-19T13:52:00,5.91,,United Kingdom
505016,22364,GLASS JAR DIGESTIVE BISCUITS,2,2010-04-19T13:52:00,5.91,,United Kingdom
505016,22379,RECYCLING BAG RETROSPOT,2,2010-04-19T13:52:00,4.21,,United Kingdom
505016,22381,TOY TIDY PINK RETROSPOT,2,2010-04-19T13:52:00,4.21,,United Kingdom
505016,22396,MAGNETS PACK OF 4 RETRO PHOTO,1,2010-04-19T13:52:00,2.51,,United Kingdom
505016,22402,MAGNETS PACK OF 4 VINTAGE COLLAGE,1,2010-04-19T13:52:00,2.51,,United Kingdom
505016,22407,MONEY BOX FIRST ADE DESIGN,1,2010-04-19T13:52:00,2.51,,United Kingdom
505016,22409,MONEY BOX BISCUITS DESIGN,1,2010-04-19T13:52:00,2.51,,United Kingdom
505016,22410,MONEY BOX HOUSEKEEPING DESIGN,1,2010-04-19T13:52:00,2.51,,United Kingdom
505016,22413,METAL SIGN TAKE IT OR LEAVE IT,1,2010-04-19T13:52:00,5.91,,United Kingdom
505016,22423,REGENCY CAKESTAND 3 TIER,1,2010-04-19T13:52:00,25.49,,United Kingdom
505016,22434,BALLOON PUMP WITH 10 BALLOONS,1,2010-04-19T13:52:00,4.21,,United Kingdom
505016,22438,BALLOON ART MAKE YOUR OWN FLOWERS,1,2010-04-19T13:52:00,4.21,,United Kingdom
505016,22441,GROW YOUR OWN BASIL IN ENAMEL MUG,1,2010-04-19T13:52:00,4.21,,United Kingdom
505016,22456,NATURAL SLATE CHALKBOARD LARGE,1,2010-04-19T13:52:00,10.17,,United Kingdom
505016,22498,WOODEN REGATTA BUNTING,1,2010-04-19T13:52:00,12.72,,United Kingdom
505016,22519,CHILDS GARDEN BRUSH PINK,1,2010-04-19T13:52:00,4.21,,United Kingdom
505016,22525,CHILDRENS GARDEN GLOVES PINK,1,2010-04-19T13:52:00,2.51,,United Kingdom
505016,22528,GARDENERS KNEELING PAD,5,2010-04-19T13:52:00,2.51,,United Kingdom
505016,22607,WOODEN ROUNDERS GARDEN SET,2,2010-04-19T13:52:00,8.5,,United Kingdom
505016,35004C,SET OF 3 COLOURED  FLYING DUCKS,1,2010-04-19T13:52:00,12.72,,United Kingdom
505016,35471A,SET OF 3 BIRD L.BLUE FEATHER,3,2010-04-19T13:52:00,2.51,,United Kingdom
505016,46000P,POLYESTER FILLER PAD 65CMx65CM,10,2010-04-19T13:52:00,0,,United Kingdom
505016,46307,ROSES BLUE BASE CUSHION COVER,1,2010-04-19T13:52:00,5.91,,United Kingdom
505016,47367B,PAIR PADDED HANGERS PINK CHECK,1,2010-04-19T13:52:00,3.36,,United Kingdom
505016,47566,PARTY BUNTING,2,2010-04-19T13:52:00,8.47,,United Kingdom
505016,47566B,TEA TIME PARTY BUNTING,1,2010-04-19T13:52:00,8.47,,United Kingdom
505016,47568,ENGLISH ROSE DESIGN PEG BAG,1,2010-04-19T13:52:00,4.21,,United Kingdom
505016,47592A,CAROUSEL DES CHILD'S OVERALL,2,2010-04-19T13:52:00,1.66,,United Kingdom
505016,47592B,SCOTTIES DESIGN CHILD'S OVERALL,2,2010-04-19T13:52:00,1.66,,United Kingdom
505016,47593A,CAROUSEL DESIGN BABY BIB,1,2010-04-19T13:52:00,0.85,,United Kingdom
505016,47597,NEW ENGLAND TEATOWELS,2,2010-04-19T13:52:00,1.66,,United Kingdom
505016,48185,DOOR MAT FAIRY CAKE,1,2010-04-19T13:52:00,13.57,,United Kingdom
505016,48189,DOOR MAT FRIENDSHIP,2,2010-04-19T13:52:00,13.57,,United Kingdom
505016,62096B,PURPLE/TURQ FLOWERS HANDBAG,2,2010-04-19T13:52:00,3.36,,United Kingdom
505016,72800E,4 IVORY DINNER CANDLES SILVER FLOCK,2,2010-04-19T13:52:00,5.06,,United Kingdom
505016,72801C,S/4 ROSE PINK DINNER CANDLES,1,2010-04-19T13:52:00,2.51,,United Kingdom
505016,79067,CORONA MEXICAN TRAY,2,2010-04-19T13:52:00,8.47,,United Kingdom
505016,79321,CHILLI LIGHTS,1,2010-04-19T13:52:00,10.17,,United Kingdom
505016,82483,WOOD 2 DRAWER CABINET WHITE FINISH,1,2010-04-19T13:52:00,12.72,,United Kingdom
505016,82580,BATHROOM METAL SIGN,2,2010-04-19T13:52:00,1.28,,United Kingdom
505016,84270,ASSTD DESIGN BUBBLE GUM RING,4,2010-04-19T13:52:00,0.43,,United Kingdom
505016,84375,SET OF 20 KIDS COOKIE CUTTERS,1,2010-04-19T13:52:00,4.21,,United Kingdom
505016,84459A,PINK METAL CHICKEN HEART,1,2010-04-19T13:52:00,3.36,,United Kingdom
505016,84472,PINK AND LILAC QUILTED THROW,2,2010-04-19T13:52:00,34,,United Kingdom
505016,84520B,PACK 20 ENGLISH ROSE PAPER NAPKINS,6,2010-04-19T13:52:00,1.66,,United Kingdom
505016,84529A,PINK KNITTED KIDS RUCKSACK,8,2010-04-19T13:52:00,4.21,,United Kingdom
505016,84529B,BLUE KNITTED KID'S RUCKSACK,1,2010-04-19T13:52:00,4.21,,United Kingdom
505016,84529C,YELLOW KNITTED KIDS RUCKSACK,2,2010-04-19T13:52:00,4.21,,United Kingdom
505016,84659A,WHITE TRAVEL ALARM CLOCK,4,2010-04-19T13:52:00,2.51,,United Kingdom
505016,84678,CLASSICAL ROSE SMALL VASE,1,2010-04-19T13:52:00,5.06,,United Kingdom
505016,84683,CLASSICAL ROSE CANDLESTAND,1,2010-04-19T13:52:00,2.51,,United Kingdom
505016,84709B,PINK OVAL JEWELLED MIRROR,2,2010-04-19T13:52:00,5.91,,United Kingdom
505016,84849B,FAIRY SOAP SOAP HOLDER,1,2010-04-19T13:52:00,3.36,,United Kingdom
505016,84912A,PINK ROSE WASHBAG,1,2010-04-19T13:52:00,3.36,,United Kingdom
505016,84913A,SOFT PINK ROSE TOWEL,3,2010-04-19T13:52:00,3.36,,United Kingdom
505016,84913B,MINT GREEN ROSE TOWEL,3,2010-04-19T13:52:00,3.36,,United Kingdom
505016,84916,HAND TOWEL PALE BLUE W FLOWERS,2,2010-04-19T13:52:00,4.21,,United Kingdom
505016,84918,CREAM CUSHION COVER WITH FLOWERS,2,2010-04-19T13:52:00,5.91,,United Kingdom
505016,84922,PINK BUTTERFLY WASHBAG,1,2010-04-19T13:52:00,8.47,,United Kingdom
505016,84923,PINK BUTTERFLY HANDBAG W BOBBLES,1,2010-04-19T13:52:00,4.21,,United Kingdom
505016,84988,SET OF 72 PINK HEART PAPER DOILIES,1,2010-04-19T13:52:00,2.98,,United Kingdom
505016,84991,60 TEATIME FAIRY CAKE CASES,1,2010-04-19T13:52:00,1.28,,United Kingdom
505016,84992,72 SWEETHEART FAIRY CAKE CASES,1,2010-04-19T13:52:00,1.28,,United Kingdom
505016,84997A,GREEN 3 PIECE MINI DOTS CUTLERY SET,1,2010-04-19T13:52:00,7.62,,United Kingdom
505016,85015,SET OF 12  VINTAGE POSTCARD SET,1,2010-04-19T13:52:00,2.51,,United Kingdom
505016,85031B,BLOSSOM IMAGES SCRAP BOOK SET,1,2010-04-19T13:52:00,3.36,,United Kingdom
505016,85099B,RED RETROSPOT JUMBO BAG,2,2010-04-19T13:52:00,4.21,,United Kingdom
505016,85099F,JUMBO BAG STRAWBERRY,6,2010-04-19T13:52:00,4.21,,United Kingdom
505016,85117,NIGHTINGALE COATHOOK WHITE,1,2010-04-19T13:52:00,3.36,,United Kingdom
505016,85123A,WHITE HANGING HEART T-LIGHT HOLDER,2,2010-04-19T13:52:00,5.91,,United Kingdom
505016,85165,CANDY PINK FRENCH BOUDOIR CLOCK,1,2010-04-19T13:52:00,8.47,,United Kingdom
505016,85170C,SET/6 EAU DE NIL BIRD T-LIGHTS,5,2010-04-19T13:52:00,4.21,,United Kingdom
505016,85170D,SET/6 PINK BIRD T-LIGHT CANDLES,5,2010-04-19T13:52:00,4.21,,United Kingdom
505016,85198,ASSORTED FARMYARD ANIMALS IN BUCKET,2,2010-04-19T13:52:00,1.66,,United Kingdom
505016,85214,TUB 24 PINK FLOWER PEGS,1,2010-04-19T13:52:00,3.36,,United Kingdom
505016,85232D,SET/3 DECOUPAGE STACKING TINS,1,2010-04-19T13:52:00,10.17,,United Kingdom
505016,90050,CRACKED GLAZE NECKLACE IVORY,1,2010-04-19T13:52:00,7.22,,United Kingdom
505016,90161D,ANT COPPER PINK BOUDICCA BRACELET,1,2010-04-19T13:52:00,5.09,,United Kingdom
505016,90167,BEADED LOVE HEART JEWELLERY SET,1,2010-04-19T13:52:00,1.66,,United Kingdom
505016,90214N,"LETTER ""N"" BLING KEY RING",1,2010-04-19T13:52:00,2.51,,United Kingdom
505016,DOT,DOTCOM POSTAGE,1,2010-04-19T13:52:00,211.58,,United Kingdom
505332,20717,STRAWBERRY SHOPPER BAG,1,2010-04-21T12:43:00,1.25,15719,United Kingdom
505332,20717,STRAWBERRY SHOPPER BAG,1,2010-04-21T12:43:00,1.25,15719,United Kingdom
505332,20718,RED SPOTTY SHOPPER BAG,4,2010-04-21T12:43:00,1.25,15719,United Kingdom
505332,21080,SET/20 RED SPOTTY PAPER NAPKINS,2,2010-04-21T12:43:00,0.85,15719,United Kingdom
505332,21114,LAVENDER SCENTED FABRIC HEART,5,2010-04-21T12:43:00,1.25,15719,United Kingdom
505332,21136,PAINTED METAL PEARS ASSORTED,8,2010-04-21T12:43:00,1.69,15719,United Kingdom
505332,21174,POTTERING IN THE SHED METAL SIGN,2,2010-04-21T12:43:00,1.95,15719,United Kingdom
505332,21212,PACK OF 72 RETRO SPOT CAKE CASES,6,2010-04-21T12:43:00,0.55,15719,United Kingdom
505332,21429,RED GINGHAM ROSE JEWELLERY BOX,1,2010-04-21T12:43:00,1.65,15719,United Kingdom
505332,21431,GREEN GINGHAM FLOWER JEWELLERY BOX,1,2010-04-21T12:43:00,1.65,15719,United Kingdom
505332,21621,VINTAGE UNION JACK BUNTING,2,2010-04-21T12:43:00,8.5,15719,United Kingdom
505332,21625,VINTAGE UNION JACK APRON,1,2010-04-21T12:43:00,6.95,15719,United Kingdom
505332,21713,CITRONELLA CANDLE FLOWERPOT,4,2010-04-21T12:43:00,2.1,15719,United Kingdom
505332,21714,CITRONELLA CANDLE GARDEN POT,6,2010-04-21T12:43:00,1.25,15719,United Kingdom
505332,21906,PHARMACIE FIRST AID TIN,1,2010-04-21T12:43:00,6.75,15719,United Kingdom
505332,21931,JUMBO STORAGE BAG SUKI,1,2010-04-21T12:43:00,1.95,15719,United Kingdom
505332,22077,6 RIBBONS RUSTIC CHARM,1,2010-04-21T12:43:00,1.65,15719,United Kingdom
505332,22178,VICTORIAN GLASS HANGING T-LIGHT,6,2010-04-21T12:43:00,1.25,15719,United Kingdom
505332,22189,CREAM HEART CARD HOLDER,1,2010-04-21T12:43:00,3.95,15719,United Kingdom
505332,22437,SET OF 9 BLACK SKULL BALLOONS,1,2010-04-21T12:43:00,0.85,15719,United Kingdom
505332,22439,6 ROCKET BALLOONS,1,2010-04-21T12:43:00,0.65,15719,United Kingdom
505332,22442,GROW YOUR OWN FLOWERS SET OF 3,1,2010-04-21T12:43:00,7.95,15719,United Kingdom
505332,22443,GROW YOUR OWN HERBS SET OF 3,1,2010-04-21T12:43:00,7.95,15719,United Kingdom
505332,22456,NATURAL SLATE CHALKBOARD LARGE,1,2010-04-21T12:43:00,4.95,15719,United Kingdom
505332,22508,DOORSTOP RETROSPOT HEART,1,2010-04-21T12:43:00,3.75,15719,United Kingdom
505332,22520,CHILDS GARDEN TROWEL BLUE,1,2010-04-21T12:43:00,0.85,15719,United Kingdom
505332,22521,CHILDS GARDEN TROWEL PINK,1,2010-04-21T12:43:00,0.85,15719,United Kingdom
505332,22521,CHILDS GARDEN TROWEL PINK,1,2010-04-21T12:43:00,0.85,15719,United Kingdom
505332,22524,CHILDRENS GARDEN GLOVES BLUE,1,2010-04-21T12:43:00,1.25,15719,United Kingdom
505332,22525,CHILDRENS GARDEN GLOVES PINK,2,2010-04-21T12:43:00,1.25,15719,United Kingdom
505332,22551,PLASTERS IN TIN SPACEBOY,1,2010-04-21T12:43:00,1.65,15719,United Kingdom
505332,22553,PLASTERS IN TIN SKULLS,1,2010-04-21T12:43:00,1.65,15719,United Kingdom
505332,22554,PLASTERS IN TIN WOODLAND ANIMALS,1,2010-04-21T12:43:00,1.65,15719,United Kingdom
505332,22555,PLASTERS IN TIN STRONGMAN,1,2010-04-21T12:43:00,1.65,15719,United Kingdom
505332,22561,WOODEN SCHOOL COLOURING SET,2,2010-04-21T12:43:00,1.65,15719,United Kingdom
505332,22562,MONSTERS STENCIL CRAFT,1,2010-04-21T12:43:00,1.25,15719,United Kingdom
505332,22563,HAPPY STENCIL CRAFT,1,2010-04-21T12:43:00,1.25,15719,United Kingdom
505332,22564,ALPHABET STENCIL CRAFT,1,2010-04-21T12:43:00,1.25,15719,United Kingdom
505332,47566,PARTY BUNTING,3,2010-04-21T12:43:00,4.65,15719,United Kingdom
505332,47568,ENGLISH ROSE DESIGN PEG BAG,2,2010-04-21T12:43:00,2.1,15719,United Kingdom
505332,48138,DOOR MAT UNION FLAG,2,2010-04-21T12:43:00,7.49,15719,United Kingdom
505332,48184,DOOR MAT ENGLISH ROSE,1,2010-04-21T12:43:00,7.49,15719,United Kingdom
505332,48187,DOOR MAT NEW ENGLAND,1,2010-04-21T12:43:00,7.49,15719,United Kingdom
505332,48189,DOOR MAT FRIENDSHIP,1,2010-04-21T12:43:00,7.49,15719,United Kingdom
505332,79029,GLASS HONEYPOT WASP CATCHER,3,2010-04-21T12:43:00,1.95,15719,United Kingdom
505332,82482,WOODEN PICTURE FRAME WHITE FINISH,2,2010-04-21T12:43:00,2.55,15719,United Kingdom
505332,82484,WOOD BLACK BOARD ANT WHITE FINISH,3,2010-04-21T12:43:00,6.45,15719,United Kingdom
505332,82486,WOOD S/3 CABINET ANT WHITE FINISH,1,2010-04-21T12:43:00,7.95,15719,United Kingdom
505332,82552,WASHROOM METAL SIGN,1,2010-04-21T12:43:00,1.25,15719,United Kingdom
505332,82580,BATHROOM METAL SIGN,3,2010-04-21T12:43:00,0.55,15719,United Kingdom
505332,82581,TOILET METAL SIGN,3,2010-04-21T12:43:00,0.55,15719,United Kingdom
505332,82583,HOT BATHS METAL SIGN,3,2010-04-21T12:43:00,2.1,15719,United Kingdom
505332,84033,FLAG OF ST GEORGE,5,2010-04-21T12:43:00,1.65,15719,United Kingdom
505332,84520B,PACK 20 ENGLISH ROSE PAPER NAPKINS,1,2010-04-21T12:43:00,0.85,15719,United Kingdom
505332,84978,HANGING HEART JAR T-LIGHT HOLDER,6,2010-04-21T12:43:00,1.25,15719,United Kingdom
505332,84991,60 TEATIME FAIRY CAKE CASES,9,2010-04-21T12:43:00,0.55,15719,United Kingdom
505332,84997B,RED 3 PIECE MINI DOTS CUTLERY SET,2,2010-04-21T12:43:00,3.75,15719,United Kingdom
505332,84997D,PINK 3 PIECE MINI DOTS CUTLERY SET,2,2010-04-21T12:43:00,3.75,15719,United Kingdom
505332,85065,CREAM SWEETHEART TRAYS,1,2010-04-21T12:43:00,12.75,15719,United Kingdom
505332,85099B,RED RETROSPOT JUMBO BAG,9,2010-04-21T12:43:00,1.95,15719,United Kingdom
505332,85099F,JUMBO BAG STRAWBERRY,3,2010-04-21T12:43:00,1.95,15719,United Kingdom
505332,85123A,WHITE HANGING HEART T-LIGHT HOLDER,5,2010-04-21T12:43:00,2.95,15719,United Kingdom
505332,85152,HAND OVER THE CHOCOLATE   SIGN,3,2010-04-21T12:43:00,2.1,15719,United Kingdom
505702,15036,ASSORTED COLOURS SILK FAN,12,2010-04-25T11:43:00,0.75,14549,United Kingdom
505702,15044A,PINK PAPER PARASOL,2,2010-04-25T11:43:00,2.95,14549,United Kingdom
505702,15044B,BLUE PAPER PARASOL,2,2010-04-25T11:43:00,2.95,14549,United Kingdom
505702,15044C,PURPLE PAPER PARASOL,2,2010-04-25T11:43:00,2.95,14549,United Kingdom
505702,15044D,RED PAPER PARASOL,2,2010-04-25T11:43:00,2.95,14549,United Kingdom
505702,21155,RED SPOTTY PEG BAG,2,2010-04-25T11:43:00,2.1,14549,United Kingdom
505702,21621,VINTAGE UNION JACK BUNTING,2,2010-04-25T11:43:00,8.5,14549,United Kingdom
505702,21897,POTTING SHED CANDLE CITRONELLA,1,2010-04-25T11:43:00,2.95,14549,United Kingdom
505702,21928,JUMBO BAG SCANDINAVIAN PAISLEY,4,2010-04-25T11:43:00,1.95,14549,United Kingdom
505702,21929,JUMBO BAG PINK VINTAGE PAISLEY,4,2010-04-25T11:43:00,1.95,14549,United Kingdom
505702,21931,JUMBO STORAGE BAG SUKI,4,2010-04-25T11:43:00,1.95,14549,United Kingdom
505702,22080,RIBBON REEL SPOTS DESIGN,2,2010-04-25T11:43:00,1.65,14549,United Kingdom
505702,22371,AIRLINE BAG VINTAGE TOKYO 78,1,2010-04-25T11:43:00,6.35,14549,United Kingdom
505702,22374,AIRLINE BAG VINTAGE JET SET RED,1,2010-04-25T11:43:00,6.35,14549,United Kingdom
505702,22386,JUMBO BAG PINK WITH WHITE SPOTS,4,2010-04-25T11:43:00,1.95,14549,United Kingdom
505702,22411,JUMBO SHOPPER VINTAGE RED PAISLEY,4,2010-04-25T11:43:00,1.95,14549,United Kingdom
505702,22499,WOODEN UNION JACK BUNTING,2,2010-04-25T11:43:00,5.95,14549,United Kingdom
505702,22558,CLOTHES PEGS RETROSPOT PACK 24,4,2010-04-25T11:43:00,1.25,14549,United Kingdom
505702,22560,TRADITIONAL MODELLING CLAY,1,2010-04-25T11:43:00,1.25,14549,United Kingdom
505702,47566,PARTY BUNTING,4,2010-04-25T11:43:00,4.65,14549,United Kingdom
505702,47566B,TEA TIME PARTY BUNTING,2,2010-04-25T11:43:00,4.65,14549,United Kingdom
505702,47568,ENGLISH ROSE DESIGN PEG BAG,2,2010-04-25T11:43:00,2.1,14549,United Kingdom
505702,48184,DOOR MAT ENGLISH ROSE,1,2010-04-25T11:43:00,7.49,14549,United Kingdom
505702,82482,WOODEN PICTURE FRAME WHITE FINISH,2,2010-04-25T11:43:00,2.55,14549,United Kingdom
505702,85099B,RED RETROSPOT JUMBO BAG,4,2010-04-25T11:43:00,1.95,14549,United Kingdom
505702,85099C,JUMBO  BAG BAROQUE BLACK WHITE,4,2010-04-25T11:43:00,1.95,14549,United Kingdom
505702,85099F,JUMBO BAG STRAWBERRY,2,2010-04-25T11:43:00,1.95,14549,United Kingdom
505733,20749,ASSORTED COLOUR MINI CASES,2,2010-04-25T15:32:00,7.95,13021,United Kingdom
505733,20972,PINK CREAM FELT CRAFT TRINKET BOX,12,2010-04-25T15:32:00,1.25,13021,United Kingdom
505733,21108,FAIRY CAKE FLANNEL ASSORTED COLOUR,9,2010-04-25T15:32:00,2.55,13021,United Kingdom
505733,21238,RED SPOTTY CUP,8,2010-04-25T15:32:00,0.85,13021,United Kingdom
505733,21314,SMALL GLASS HEART TRINKET POT,8,2010-04-25T15:32:00,2.1,13021,United Kingdom
505733,22167,"WALL MIRROR , DIAMANTE OVAL SHAPE",1,2010-04-25T15:32:00,9.95,13021,United Kingdom
505733,22276,WASH BAG VINTAGE ROSE PAISLEY,6,2010-04-25T15:32:00,2.55,13021,United Kingdom
505733,22329,ROUND CONTAINER SET OF 5 RETROSPOT,12,2010-04-25T15:32:00,1.65,13021,United Kingdom
505733,22444,GROW YOUR OWN PLANT IN A CAN,24,2010-04-25T15:32:00,1.25,13021,United Kingdom
505733,22497,SET OF 2 TINS VINTAGE BATHROOM,4,2010-04-25T15:32:00,4.25,13021,United Kingdom
505733,37330,SPOTS MUG,12,2010-04-25T15:32:00,1.95,13021,United Kingdom
505733,48184,DOOR MAT ENGLISH ROSE,2,2010-04-25T15:32:00,7.49,13021,United Kingdom
505733,79164,BLACK WINE GLASS,12,2010-04-25T15:32:00,1.65,13021,United Kingdom
505733,84968B,S/16 VINTAGE IVORY CUTLERY,2,2010-04-25T15:32:00,12.75,13021,United Kingdom
505733,84969,ASSORTED COLOUR SET 6 TEASPOONS,6,2010-04-25T15:32:00,4.25,13021,United Kingdom
505733,85216,ASSORTED CAKES FRIDGE MAGNETS,24,2010-04-25T15:32:00,0.65,13021,United Kingdom
505733,85232A,SET/3 POLKA DOT STACKING TINS,3,2010-04-25T15:32:00,4.95,13021,United Kingdom
505772,21504,SKULLS GREETING CARD,12,2010-04-26T10:32:00,0.42,12925,United Kingdom
505772,21916,SET 12 RETRO WHITE CHALK STICKS,24,2010-04-26T10:32:00,0.42,12925,United Kingdom
505772,22029,SPACEBOY BIRTHDAY CARD,12,2010-04-26T10:32:00,0.42,12925,United Kingdom
505772,22035,VINTAGE CARAVAN GREETING CARD,12,2010-04-26T10:32:00,0.42,12925,United Kingdom
505772,84077,WORLD WAR 2 GLIDERS ASSTD DESIGNS,48,2010-04-26T10:32:00,0.21,12925,United Kingdom
506113,21137,BLACK RECORD COVER FRAME,96,2010-04-27T13:48:00,3.39,16210,United Kingdom
506113,21282,NATURAL BARK CANDLE LARGE,3,2010-04-27T13:48:00,4.25,16210,United Kingdom
506113,21283,NATURAL BARK CANDLE SMALL,3,2010-04-27T13:48:00,3.25,16210,United Kingdom
506113,21284,RETRO SPOT CANDLE  SMALL,12,2010-04-27T13:48:00,1.69,16210,United Kingdom
506113,21286,RETRO SPOT CANDLE  LARGE,12,2010-04-27T13:48:00,2.55,16210,United Kingdom
506113,21616,4 PEAR BOTANICAL DINNER CANDLES,6,2010-04-27T13:48:00,3.75,16210,United Kingdom
506113,21688,SILVER PLATE CANDLE BOWL SMALL,6,2010-04-27T13:48:00,2.95,16210,United Kingdom
506113,21691,SILVER VANILLA FLOWER CANDLE POT,4,2010-04-27T13:48:00,3.75,16210,United Kingdom
506113,21737,SET 3 WICKER LOG BASKETS,1,2010-04-27T13:48:00,19.95,16210,United Kingdom
506113,21936,RED RETROSPOT PICNIC BAG,10,2010-04-27T13:48:00,2.95,16210,United Kingdom
506113,22043,CHRISTMAS CARD SCREEN PRINT,12,2010-04-27T13:48:00,0.42,16210,United Kingdom
506113,22044,CHRISTMAS CARD STACK OF PRESENTS,12,2010-04-27T13:48:00,0.42,16210,United Kingdom
506113,84247C,PACK/12 BLUE REINDEER CARD,6,2010-04-27T13:48:00,2.95,16210,United Kingdom
506113,85047,WHITE BEADED GARLAND STRING 20LIGHT,3,2010-04-27T13:48:00,6.35,16210,United Kingdom
506296,22405,MONEY BOX POCKET MONEY DESIGN,2,2010-04-29T10:20:00,1.25,17377,United Kingdom
506296,22406,MONEY BOX KINGS CHOICE DESIGN,2,2010-04-29T10:20:00,1.25,17377,United Kingdom
506296,22409,MONEY BOX BISCUITS DESIGN,2,2010-04-29T10:20:00,1.25,17377,United Kingdom
506296,22410,MONEY BOX HOUSEKEEPING DESIGN,1,2010-04-29T10:20:00,1.25,17377,United Kingdom
506344,17164B,ASS COL SMALL SAND GECKO P'WEIGHT,36,2010-04-29T11:48:00,0.42,17730,United Kingdom
506344,21414,SCALLOP SHELL SOAP DISH,6,2010-04-29T11:48:00,2.1,17730,United Kingdom
506344,21417,COCKLE SHELL DISH,6,2010-04-29T11:48:00,2.1,17730,United Kingdom
506344,21439,BASKET OF TOADSTOOLS,12,2010-04-29T11:48:00,1.25,17730,United Kingdom
506344,21544,SKULLS  WATER TRANSFER TATTOOS,12,2010-04-29T11:48:00,0.85,17730,United Kingdom
506344,21584,RETRO SPOT SMALL TUBE MATCHES,20,2010-04-29T11:48:00,1.65,17730,United Kingdom
506344,22149,FELTCRAFT 6 FLOWER FRIENDS,6,2010-04-29T11:48:00,2.1,17730,United Kingdom
506344,22469,HEART OF WICKER SMALL,24,2010-04-29T11:48:00,1.65,17730,United Kingdom
506344,22470,HEART OF WICKER LARGE,6,2010-04-29T11:48:00,2.95,17730,United Kingdom
506344,79321,CHILLI LIGHTS,4,2010-04-29T11:48:00,4.95,17730,United Kingdom
506344,84795C,OCEAN STRIPE HAMMOCK,4,2010-04-29T11:48:00,7.95,17730,United Kingdom
506344,84795D,SEASIDE STRIPE HAMMOCK,4,2010-04-29T11:48:00,7.95,17730,United Kingdom
506344,84970L,SINGLE HEART ZINC T-LIGHT HOLDER,12,2010-04-29T11:48:00,0.95,17730,United Kingdom
506344,84970S,HANGING HEART ZINC T-LIGHT HOLDER,12,2010-04-29T11:48:00,0.85,17730,United Kingdom
506344,84971S,SMALL HEART FLOWERS HOOK,24,2010-04-29T11:48:00,0.85,17730,United Kingdom
506344,85042,ANTIQUE LILY FAIRY LIGHTS,8,2010-04-29T11:48:00,4.95,17730,United Kingdom
506344,85230E,STRAWBRY SCENTED VOTIVE CANDLE,24,2010-04-29T11:48:00,0.29,17730,United Kingdom
506344,85230G,ORANGE VOTIVE CANDLE,24,2010-04-29T11:48:00,0.29,17730,United Kingdom
506577,15056N,EDWARDIAN PARASOL NATURAL,1,2010-04-30T13:45:00,12.72,,United Kingdom
506577,15060B,FAIRY CAKE DESIGN UMBRELLA,2,2010-04-30T13:45:00,8.47,,United Kingdom
506577,20661,BLUE SPOTTY PURSE,1,2010-04-30T13:45:00,2.51,,United Kingdom
506577,20682,RED SPOTTY CHILDS UMBRELLA,1,2010-04-30T13:45:00,6.77,,United Kingdom
506577,20689,RETRO SISTERS EXPRESSO CUPS,1,2010-04-30T13:45:00,12.72,,United Kingdom
506577,20695,FLORAL BLUE MONSTER,1,2010-04-30T13:45:00,8.47,,United Kingdom
506577,20696,FLORAL SOFT CAR TOY,1,2010-04-30T13:45:00,7.62,,United Kingdom
506577,20712,JUMBO BAG WOODLAND ANIMALS,1,2010-04-30T13:45:00,4.21,,United Kingdom
506577,20719,WOODLAND CHARLOTTE BAG,1,2010-04-30T13:45:00,1.66,,United Kingdom
506577,20754,RETRO RED SPOTTY WASHING UP GLOVES,1,2010-04-30T13:45:00,4.21,,United Kingdom
506577,20795,LARGE BLUE PROVENCAL CERAMIC BALL,3,2010-04-30T13:45:00,4.21,,United Kingdom
506577,20829,GLITTER HANGING BUTTERFLY STRING,4,2010-04-30T13:45:00,4.21,,United Kingdom
506577,20997,ROSE DU SUD CUSHION COVER,1,2010-04-30T13:45:00,4.21,,United Kingdom
506577,21002,ROSE DU SUD DRAWSTRING BAG,1,2010-04-30T13:45:00,3.36,,United Kingdom
506577,21035,SET/2 RED SPOTTY TEA TOWELS,1,2010-04-30T13:45:00,5.91,,United Kingdom
506577,21067,VINTAGE RED TEATIME MUG,1,2010-04-30T13:45:00,2.51,,United Kingdom
506577,21068,VINTAGE BILLBOARD LOVE/HATE MUG,2,2010-04-30T13:45:00,2.51,,United Kingdom
506577,21069,VINTAGE BILLBOARD TEA MUG,1,2010-04-30T13:45:00,2.51,,United Kingdom
506577,21171,BATHROOM METAL SIGN,1,2010-04-30T13:45:00,3.36,,United Kingdom
506577,21174,POTTERING IN THE SHED METAL SIGN,1,2010-04-30T13:45:00,4.21,,United Kingdom
506577,21175,GIN + TONIC DIET METAL SIGN,1,2010-04-30T13:45:00,4.21,,United Kingdom
506577,21204,DAISIES  HONEYCOMB GARLAND,1,2010-04-30T13:45:00,3.36,,United Kingdom
506577,21210,SET OF 72 RETRO SPOT PAPER  DOILIES,1,2010-04-30T13:45:00,2.98,,United Kingdom
506577,21212,PACK OF 72 RETRO SPOT CAKE CASES,1,2010-04-30T13:45:00,1.28,,United Kingdom
506577,21214,SET OF 72 IVORY PAPER DOILIES,1,2010-04-30T13:45:00,2.98,,United Kingdom
506577,21216,"SET 3 RED SPOT TIN TEA,COFFEE,SUGAR",1,2010-04-30T13:45:00,11.02,,United Kingdom
506577,21231,SWEETHEART CERAMIC TRINKET BOX,1,2010-04-30T13:45:00,2.51,,United Kingdom
506577,21232,STRAWBERRY CERAMIC TRINKET BOX,1,2010-04-30T13:45:00,2.51,,United Kingdom
506577,21274,EMBOSSED HEART 3 DRAWER SHELF,1,2010-04-30T13:45:00,25.49,,United Kingdom
506577,21286,RETRO SPOT CANDLE  LARGE,1,2010-04-30T13:45:00,5.06,,United Kingdom
506577,21408,SPOTTY PINK DUCK DOORSTOP,1,2010-04-30T13:45:00,8.47,,United Kingdom
506577,21509,COWBOYS AND INDIANS BIRTHDAY CARD,1,2010-04-30T13:45:00,0.85,,United Kingdom
506577,21527,RED RETROSPOT TRADITIONAL TEAPOT,1,2010-04-30T13:45:00,16.98,,United Kingdom
506577,21529,RED RETROSPOT TOASTRACK,1,2010-04-30T13:45:00,5.91,,United Kingdom
506577,21537,RED RETROSPOT PUDDING BOWL,1,2010-04-30T13:45:00,8.47,,United Kingdom
506577,21622,VINTAGE UNION JACK CUSHION COVER,1,2010-04-30T13:45:00,13.57,,United Kingdom
506577,21719,LOVELY BONBON STICKER SHEET,2,2010-04-30T13:45:00,1.66,,United Kingdom
506577,21720,CAKE SHOP  STICKER SHEET,2,2010-04-30T13:45:00,1.66,,United Kingdom
506577,21721,CANDY SHOP  STICKER SHEET,3,2010-04-30T13:45:00,1.66,,United Kingdom
506577,21722,SWEET PUDDING STICKER SHEET,2,2010-04-30T13:45:00,1.66,,United Kingdom
506577,21724,PANDA AND BUNNIES STICKER SHEET,2,2010-04-30T13:45:00,1.66,,United Kingdom
506577,21725,SWEETIES  STICKERS,2,2010-04-30T13:45:00,1.66,,United Kingdom
506577,21726,MULTI HEARTS  STICKERS,1,2010-04-30T13:45:00,1.66,,United Kingdom
506577,21739,COSY SLIPPER SHOES SMALL GREEN,1,2010-04-30T13:45:00,5.91,,United Kingdom
506577,21747,SMALL SKULL WINDMILL,2,2010-04-30T13:45:00,2.51,,United Kingdom
506577,21843,RED RETROSPOT CAKE STAND,1,2010-04-30T13:45:00,21.23,,United Kingdom
506577,21864,UNION JACK FLAG PASSPORT COVER,1,2010-04-30T13:45:00,4.21,,United Kingdom
506577,21911,GARDEN METAL SIGN,1,2010-04-30T13:45:00,3.36,,United Kingdom
506577,21983,PACK OF 12 BLUE PAISLEY TISSUES,2,2010-04-30T13:45:00,0.81,,United Kingdom
506577,21984,PACK OF 12 PINK PAISLEY TISSUES,2,2010-04-30T13:45:00,0.81,,United Kingdom
506577,22041,"RECORD FRAME 7"" SINGLE SIZE",1,2010-04-30T13:45:00,5.06,,United Kingdom
506577,22072,RED RETROSPOT TEA CUP AND SAUCER,1,2010-04-30T13:45:00,7.62,,United Kingdom
506577,22077,6 RIBBONS RUSTIC CHARM,1,2010-04-30T13:45:00,3.36,,United Kingdom
506577,22083,PAPER CHAIN KIT RETRO SPOT,1,2010-04-30T13:45:00,5.91,,United Kingdom
506577,22181,SNOWSTORM PHOTO FRAME FRIDGE MAGNET,1,2010-04-30T13:45:00,1.66,,United Kingdom
506577,22189,CREAM HEART CARD HOLDER,1,2010-04-30T13:45:00,8.47,,United Kingdom
506577,22197,SMALL POPCORN HOLDER,2,2010-04-30T13:45:00,1.66,,United Kingdom
506577,22198,LARGE POPCORN HOLDER,1,2010-04-30T13:45:00,3.36,,United Kingdom
506577,22218,CAKE STAND LACE WHITE,2,2010-04-30T13:45:00,8.47,,United Kingdom
506577,22219,LOVEBIRD HANGING DECORATION WHITE,10,2010-04-30T13:45:00,1.66,,United Kingdom
506577,22227,"DECORATION, HANGING HEART+MIRROR",10,2010-04-30T13:45:00,1.28,,United Kingdom
506577,22250,DECORATION  BUTTERFLY  MAGIC GARDEN,10,2010-04-30T13:45:00,1.66,,United Kingdom
506577,22354,RETROSPOT PADDED SEAT CUSHION,2,2010-04-30T13:45:00,7.62,,United Kingdom
506577,22355,"CHARLOTTE BAG , SUKI DESIGN",1,2010-04-30T13:45:00,1.66,,United Kingdom
506577,22379,RECYCLING BAG RETROSPOT,2,2010-04-30T13:45:00,4.21,,United Kingdom
506577,22383,LUNCH BAG SUKI  DESIGN,1,2010-04-30T13:45:00,4.21,,United Kingdom
506577,22413,METAL SIGN TAKE IT OR LEAVE IT,2,2010-04-30T13:45:00,5.91,,United Kingdom
506577,22465,HANGING METAL STAR LANTERN,1,2010-04-30T13:45:00,3.36,,United Kingdom
506577,22477,WATERING CAN GARDEN MARKER,1,2010-04-30T13:45:00,2.51,,United Kingdom
506577,22488,NATURAL SLATE RECTANGLE CHALKBOARD,2,2010-04-30T13:45:00,3.36,,United Kingdom
506577,22514,CHILDS GARDEN SPADE BLUE,1,2010-04-30T13:45:00,4.21,,United Kingdom
506577,22516,CHILDS GARDEN RAKE BLUE,1,2010-04-30T13:45:00,4.21,,United Kingdom
506577,22518,CHILDS GARDEN BRUSH BLUE,1,2010-04-30T13:45:00,4.21,,United Kingdom
506577,22519,CHILDS GARDEN BRUSH PINK,1,2010-04-30T13:45:00,4.21,,United Kingdom
506577,22524,CHILDRENS GARDEN GLOVES BLUE,1,2010-04-30T13:45:00,2.51,,United Kingdom
506577,22530,MAGIC DRAWING SLATE DOLLY GIRL,1,2010-04-30T13:45:00,0.85,,United Kingdom
506577,22533,MAGIC DRAWING SLATE BAKE A CAKE,1,2010-04-30T13:45:00,0.85,,United Kingdom
506577,22550,HOLIDAY FUN LUDO,1,2010-04-30T13:45:00,7.62,,United Kingdom
506577,22556,PLASTERS IN TIN CIRCUS PARADE,1,2010-04-30T13:45:00,3.36,,United Kingdom
506577,22557,PLASTERS IN TIN VINTAGE PAISLEY,1,2010-04-30T13:45:00,3.36,,United Kingdom
506577,22582,PACK OF 6 SWEETIE GIFT BOXES,3,2010-04-30T13:45:00,5.06,,United Kingdom
506577,22583,PACK OF 6 HANDBAG GIFT BOXES,1,2010-04-30T13:45:00,5.06,,United Kingdom
506577,22584,PACK OF 6 PANNETONE GIFT BOXES,1,2010-04-30T13:45:00,5.06,,United Kingdom
506577,22585,PACK OF 6 BIRDY GIFT TAGS,1,2010-04-30T13:45:00,2.51,,United Kingdom
506577,35001W,HAND OPEN SHAPE DECO.WHITE,1,2010-04-30T13:45:00,4.21,,United Kingdom
506577,37449,CERAMIC CAKE STAND + HANGING CAKES,1,2010-04-30T13:45:00,21.23,,United Kingdom
506577,47505,MINATURE COLOURED GARDENING SET,1,2010-04-30T13:45:00,11.02,,United Kingdom
506577,47566,PARTY BUNTING,5,2010-04-30T13:45:00,8.47,,United Kingdom
506577,47568,ENGLISH ROSE DESIGN PEG BAG,1,2010-04-30T13:45:00,4.21,,United Kingdom
506577,47592A,CAROUSEL DES CHILD'S OVERALL,2,2010-04-30T13:45:00,1.66,,United Kingdom
506577,47593A,CAROUSEL DESIGN BABY BIB,2,2010-04-30T13:45:00,0.85,,United Kingdom
506577,48185,DOOR MAT FAIRY CAKE,1,2010-04-30T13:45:00,13.57,,United Kingdom
506577,79320,FLAMINGO LIGHTS,2,2010-04-30T13:45:00,11.02,,United Kingdom
506577,82551,LAUNDRY 15C METAL SIGN,1,2010-04-30T13:45:00,2.51,,United Kingdom
506577,82552,WASHROOM METAL SIGN,1,2010-04-30T13:45:00,2.51,,United Kingdom
506577,84247L,FAWN AND MUSHROOM GREETING CARD,1,2010-04-30T13:45:00,0.85,,United Kingdom
506577,84510A,SET OF 4 ENGLISH ROSE COASTERS,1,2010-04-30T13:45:00,2.51,,United Kingdom
506577,84691,PACK 20 DOLLY PEGS,1,2010-04-30T13:45:00,1.66,,United Kingdom
506577,84913A,SOFT PINK ROSE TOWEL,2,2010-04-30T13:45:00,3.36,,United Kingdom
506577,84913B,MINT GREEN ROSE TOWEL,1,2010-04-30T13:45:00,3.36,,United Kingdom
506577,84991,60 TEATIME FAIRY CAKE CASES,24,2010-04-30T13:45:00,0.42,,United Kingdom
506577,84992,72 SWEETHEART FAIRY CAKE CASES,1,2010-04-30T13:45:00,1.28,,United Kingdom
506577,84997C,BLUE 3 PIECE MINI DOTS CUTLERY SET,1,2010-04-30T13:45:00,7.62,,United Kingdom
506577,84997D,PINK 3 PIECE MINI DOTS CUTLERY SET,1,2010-04-30T13:45:00,7.62,,United Kingdom
506577,85015,SET OF 12  VINTAGE POSTCARD SET,1,2010-04-30T13:45:00,2.51,,United Kingdom
506577,85016,SET OF 6 VINTAGE NOTELETS KIT,1,2010-04-30T13:45:00,2.51,,United Kingdom
506577,85150,LADIES & GENTLEMEN METAL SIGN,1,2010-04-30T13:45:00,5.06,,United Kingdom
506577,85152,HAND OVER THE CHOCOLATE   SIGN,1,2010-04-30T13:45:00,4.21,,United Kingdom
506577,85232B,SET/3 RUSSIAN DOLL STACKING TINS,1,2010-04-30T13:45:00,10.17,,United Kingdom
506577,90016A,SILVER/M.O.P PENDANT ORBIT NECKLACE,1,2010-04-30T13:45:00,8.49,,United Kingdom
506577,90019A,SILVER M.O.P ORBIT BRACELET,1,2010-04-30T13:45:00,5.51,,United Kingdom
506577,90158,ST TROPEZ NECKLACE,1,2010-04-30T13:45:00,5.09,,United Kingdom
506577,90195B,BLACK GEMSTONE BRACELET,1,2010-04-30T13:45:00,9.32,,United Kingdom
506577,90196B,BLACK GEMSTONE NECKLACE 45CM,1,2010-04-30T13:45:00,12.75,,United Kingdom
506577,90214D,"LETTER ""D"" BLING KEY RING",1,2010-04-30T13:45:00,2.51,,United Kingdom
506577,DOT,DOTCOM POSTAGE,1,2010-04-30T13:45:00,148.39,,United Kingdom
506577,gift_0001_20,Dotcomgiftshop Gift Voucher £20.00,1,2010-04-30T13:45:00,17.02,,United Kingdom
506577,gift_0001_30,Dotcomgiftshop Gift Voucher £30.00,1,2010-04-30T13:45:00,25.53,,United Kingdom
506741,20719,WOODLAND CHARLOTTE BAG,100,2010-05-04T10:43:00,0.72,15311,United Kingdom
506741,20723,STRAWBERRY CHARLOTTE BAG,100,2010-05-04T10:43:00,0.72,15311,United Kingdom
506741,20724,RED SPOTTY CHARLOTTE BAG,100,2010-05-04T10:43:00,0.72,15311,United Kingdom
506741,21077,SET/20 WOODLAND PAPER NAPKINS,2,2010-05-04T10:43:00,0.85,15311,United Kingdom
506741,21078,SET/20 STRAWBERRY PAPER NAPKINS,2,2010-05-04T10:43:00,0.85,15311,United Kingdom
506741,21085,SET/6 WOODLAND PAPER CUPS,2,2010-05-04T10:43:00,0.65,15311,United Kingdom
506741,21212,PACK OF 72 RETRO SPOT CAKE CASES,120,2010-05-04T10:43:00,0.42,15311,United Kingdom
506741,21313,GLASS HEART T-LIGHT HOLDER,96,2010-05-04T10:43:00,0.64,15311,United Kingdom
506741,21319,GLASS CHALICE GREEN  SMALL,36,2010-05-04T10:43:00,1.45,15311,United Kingdom
506741,21555,CERAMIC STRAWBERRY TRINKET TRAY,3,2010-05-04T10:43:00,2.55,15311,United Kingdom
506741,22103,MIRROR MOSAIC T-LIGHT HOLDER ROUND,72,2010-05-04T10:43:00,1.45,15311,United Kingdom
506741,22315,200 RED + WHITE BENDY STRAWS,5,2010-05-04T10:43:00,1.25,15311,United Kingdom
506741,22355,"CHARLOTTE BAG , SUKI DESIGN",100,2010-05-04T10:43:00,0.72,15311,United Kingdom
506741,22386,JUMBO BAG PINK WITH WHITE SPOTS,100,2010-05-04T10:43:00,1.65,15311,United Kingdom
506741,22432,WATERING CAN PINK BUNNY,1,2010-05-04T10:43:00,1.95,15311,United Kingdom
506741,22479,DAISY GARDEN MARKER,2,2010-05-04T10:43:00,1.25,15311,United Kingdom
506741,37446,MINI CAKE STAND WITH HANGING CAKES,32,2010-05-04T10:43:00,1.25,15311,United Kingdom
506741,47421,ASSORTED COLOUR LIZARD SUCTION HOOK,120,2010-05-04T10:43:00,0.36,15311,United Kingdom
506741,84795D,SEASIDE STRIPE HAMMOCK,12,2010-05-04T10:43:00,6.95,15311,United Kingdom
506741,84970L,SINGLE HEART ZINC T-LIGHT HOLDER,2,2010-05-04T10:43:00,0.95,15311,United Kingdom
506741,85068,CREAM SWEETHEART SHELF + HOOKS,6,2010-05-04T10:43:00,6.95,15311,United Kingdom
506741,85088,CANDY SPOT HAND BAG,2,2010-05-04T10:43:00,2.1,15311,United Kingdom
506906,21186,WHITE DOVE HONEYCOMB PAPER GARLAND,12,2010-05-05T10:30:00,1.65,15513,United Kingdom
506906,21679,SKULLS  STICKERS,12,2010-05-05T10:30:00,0.85,15513,United Kingdom
506906,22084,PAPER CHAIN KIT EMPIRE,12,2010-05-05T10:30:00,2.95,15513,United Kingdom
506906,22087,PAPER BUNTING WHITE LACE,6,2010-05-05T10:30:00,2.95,15513,United Kingdom
506906,22090,PAPER BUNTING RETRO SPOTS,6,2010-05-05T10:30:00,2.95,15513,United Kingdom
506906,22127,PARTY CONES CARNIVAL ASSORTED,24,2010-05-05T10:30:00,1.25,15513,United Kingdom
506906,22437,SET OF 9 BLACK SKULL BALLOONS,20,2010-05-05T10:30:00,0.85,15513,United Kingdom
506906,22530,MAGIC DRAWING SLATE DOLLY GIRL,48,2010-05-05T10:30:00,0.42,15513,United Kingdom
506906,22534,MAGIC DRAWING SLATE SPACEBOY,48,2010-05-05T10:30:00,0.42,15513,United Kingdom
506906,22536,MAGIC DRAWING SLATE PURDEY,48,2010-05-05T10:30:00,0.42,15513,United Kingdom
506906,22538,MINI JIGSAW GO TO THE FAIR,48,2010-05-05T10:30:00,0.42,15513,United Kingdom
506906,22545,MINI JIGSAW BUNNIES,48,2010-05-05T10:30:00,0.42,15513,United Kingdom
506906,22547,MINI JIGSAW DINOSAUR,48,2010-05-05T10:30:00,0.42,15513,United Kingdom
506906,84559A,3D SHEET OF DOG STICKERS,24,2010-05-05T10:30:00,0.85,15513,United Kingdom
506906,84559B,3D SHEET OF CAT STICKERS,24,2010-05-05T10:30:00,0.85,15513,United Kingdom
507028,20707,CRAZY DAISY HEART DECORATION,6,2010-05-05T14:51:00,1.25,15704,United Kingdom
507028,21260,FIRST AID TIN,6,2010-05-05T14:51:00,3.25,15704,United Kingdom
507028,21410,COUNTRY COTTAGE  DOORSTOP GREEN,4,2010-05-05T14:51:00,4.25,15704,United Kingdom
507028,21713,CITRONELLA CANDLE FLOWERPOT,2,2010-05-05T14:51:00,2.1,15704,United Kingdom
507028,21755,LOVE BUILDING BLOCK WORD,6,2010-05-05T14:51:00,5.95,15704,United Kingdom
507028,21756,BATH BUILDING BLOCK WORD,4,2010-05-05T14:51:00,5.95,15704,United Kingdom
507028,21980,PACK OF 12 RED SPOTTY TISSUES,24,2010-05-05T14:51:00,0.29,15704,United Kingdom
507028,21984,PACK OF 12 PINK PAISLEY TISSUES,24,2010-05-05T14:51:00,0.29,15704,United Kingdom
507028,21985,PACK OF 12 HEARTS DESIGN TISSUES,24,2010-05-05T14:51:00,0.29,15704,United Kingdom
507028,21986,PACK OF 12 PINK SPOT TISSUES,24,2010-05-05T14:51:00,0.29,15704,United Kingdom
507028,22077,6 RIBBONS RUSTIC CHARM,12,2010-05-05T14:51:00,1.65,15704,United Kingdom
507028,22079,RIBBON REEL HEARTS DESIGN,5,2010-05-05T14:51:00,1.65,15704,United Kingdom
507028,22080,RIBBON REEL SPOTS DESIGN,5,2010-05-05T14:51:00,1.65,15704,United Kingdom
507028,22081,RIBBON REEL FLORA + FAUNA,5,2010-05-05T14:51:00,1.65,15704,United Kingdom
507028,22082,RIBBON REEL STRIPES DESIGN,5,2010-05-05T14:51:00,1.65,15704,United Kingdom
507028,22147,FELTCRAFT BUTTERFLY HEARTS,1,2010-05-05T14:51:00,1.45,15704,United Kingdom
507028,22294,HEART FILIGREE DOVE  SMALL,24,2010-05-05T14:51:00,1.25,15704,United Kingdom
507028,22297,HEART IVORY TRELLIS SMALL,24,2010-05-05T14:51:00,1.25,15704,United Kingdom
507028,22318,FIVE HEART HANGING DECORATION,6,2010-05-05T14:51:00,2.95,15704,United Kingdom
507028,22384,LUNCH BAG PINK RETROSPOT,1,2010-05-05T14:51:00,1.65,15704,United Kingdom
507028,22443,GROW YOUR OWN HERBS SET OF 3,4,2010-05-05T14:51:00,7.95,15704,United Kingdom
507028,22444,GROW YOUR OWN PLANT IN A CAN,24,2010-05-05T14:51:00,1.25,15704,United Kingdom
507028,22456,NATURAL SLATE CHALKBOARD LARGE,6,2010-05-05T14:51:00,4.95,15704,United Kingdom
507028,22464,HANGING METAL HEART LANTERN,12,2010-05-05T14:51:00,1.65,15704,United Kingdom
507028,22465,HANGING METAL STAR LANTERN,12,2010-05-05T14:51:00,1.65,15704,United Kingdom
507028,22469,HEART OF WICKER SMALL,8,2010-05-05T14:51:00,1.65,15704,United Kingdom
507028,22470,HEART OF WICKER LARGE,8,2010-05-05T14:51:00,2.95,15704,United Kingdom
507028,22477,WATERING CAN GARDEN MARKER,2,2010-05-05T14:51:00,1.25,15704,United Kingdom
507028,22479,DAISY GARDEN MARKER,1,2010-05-05T14:51:00,1.25,15704,United Kingdom
507028,22522,CHILDS GARDEN FORK BLUE,2,2010-05-05T14:51:00,0.85,15704,United Kingdom
507028,22524,CHILDRENS GARDEN GLOVES BLUE,2,2010-05-05T14:51:00,1.25,15704,United Kingdom
507028,22525,CHILDRENS GARDEN GLOVES PINK,1,2010-05-05T14:51:00,1.25,15704,United Kingdom
507028,22617,BAKING SET SPACEBOY DESIGN,2,2010-05-05T14:51:00,4.95,15704,United Kingdom
507028,35961,FOLKART ZINC HEART CHRISTMAS DEC,24,2010-05-05T14:51:00,0.85,15704,United Kingdom
507028,47566,PARTY BUNTING,8,2010-05-05T14:51:00,4.65,15704,United Kingdom
507028,47566B,TEA TIME PARTY BUNTING,8,2010-05-05T14:51:00,4.65,15704,United Kingdom
507028,48129,DOOR MAT TOPIARY,4,2010-05-05T14:51:00,7.49,15704,United Kingdom
507028,48184,DOOR MAT ENGLISH ROSE,1,2010-05-05T14:51:00,7.49,15704,United Kingdom
507028,48187,DOOR MAT NEW ENGLAND,4,2010-05-05T14:51:00,7.49,15704,United Kingdom
507028,48189,DOOR MAT FRIENDSHIP,4,2010-05-05T14:51:00,7.49,15704,United Kingdom
507028,48194,DOOR MAT HEARTS,4,2010-05-05T14:51:00,7.49,15704,United Kingdom
507028,82552,WASHROOM METAL SIGN,8,2010-05-05T14:51:00,1.25,15704,United Kingdom
507028,82613A,"METAL SIGN,CUPCAKE SINGLE HOOK",8,2010-05-05T14:51:00,1.25,15704,United Kingdom
507028,82613B,"METAL SIGN,CUPCAKE SINGLE HOOK",8,2010-05-05T14:51:00,1.25,15704,United Kingdom
507028,82613D,METAL SIGN CUPCAKE SINGLE HOOK,8,2010-05-05T14:51:00,1.25,15704,United Kingdom
507028,84879,ASSORTED COLOUR BIRD ORNAMENT,32,2010-05-05T14:51:00,1.69,15704,United Kingdom
507028,84975,HEART SHAPED MIRROR,12,2010-05-05T14:51:00,1.69,15704,United Kingdom
507028,84993A,75 GREEN PETIT FOUR CASES,2,2010-05-05T14:51:00,0.42,15704,United Kingdom
507028,85049B,LUSH GREENS RIBBONS,6,2010-05-05T14:51:00,1.25,15704,United Kingdom
507028,85049C,ROMANTIC PINKS RIBBONS,6,2010-05-05T14:51:00,1.25,15704,United Kingdom
507028,85049D,BRIGHT BLUES RIBBONS,6,2010-05-05T14:51:00,1.25,15704,United Kingdom
507028,85049G,CHOCOLATE BOX RIBBONS,6,2010-05-05T14:51:00,1.25,15704,United Kingdom
507028,85123A,WHITE HANGING HEART T-LIGHT HOLDER,6,2010-05-05T14:51:00,2.95,15704,United Kingdom
507053,21432,SET OF 3 CASES WOODLAND DESIGN,2,2010-05-06T09:23:00,5.95,15591,United Kingdom
507053,35004C,SET OF 3 COLOURED  FLYING DUCKS,12,2010-05-06T09:23:00,4.65,15591,United Kingdom
507053,82486,WOOD S/3 CABINET ANT WHITE FINISH,6,2010-05-06T09:23:00,7.95,15591,United Kingdom
507636,22138,BAKING SET 9 PIECE RETROSPOT,3,2010-05-10T14:54:00,4.95,17563,United Kingdom
507636,22483,RED GINGHAM TEDDY BEAR,6,2010-05-10T14:54:00,2.95,17563,United Kingdom
507825,22148,,-8,2010-05-11T13:09:00,0,,United Kingdom
507830,84529A,,-310,2010-05-11T13:23:00,0,,United Kingdom
507873,20820,damages,-143,2010-05-11T14:59:00,0,,United Kingdom
508073,20685,DOOR MAT RED SPOT,2,2010-05-12T15:56:00,7.49,15405,United Kingdom
508073,21358,TOAST ITS - HAPPY BIRTHDAY,12,2010-05-12T15:56:00,1.25,15405,United Kingdom
508073,21361,LOVE LARGE WOOD LETTERS,1,2010-05-12T15:56:00,12.75,15405,United Kingdom
508073,21363,HOME SMALL WOOD LETTERS,3,2010-05-12T15:56:00,4.95,15405,United Kingdom
508073,21497,FANCY FONTS BIRTHDAY WRAP,25,2010-05-12T15:56:00,0.42,15405,United Kingdom
508073,21506,"FANCY FONT BIRTHDAY CARD,",12,2010-05-12T15:56:00,0.42,15405,United Kingdom
508073,21561,DINOSAUR LUNCH BOX WITH CUTLERY,6,2010-05-12T15:56:00,2.55,15405,United Kingdom
508073,21754,HOME BUILDING BLOCK WORD,3,2010-05-12T15:56:00,5.95,15405,United Kingdom
508073,21756,BATH BUILDING BLOCK WORD,3,2010-05-12T15:56:00,5.95,15405,United Kingdom
508073,22030,SWALLOWS GREETING CARD,12,2010-05-12T15:56:00,0.42,15405,United Kingdom
508073,22327,ROUND SNACK BOXES SET OF 4 SKULLS,6,2010-05-12T15:56:00,2.95,15405,United Kingdom
508073,22328,ROUND SNACK BOXES SET OF 4 FRUITS,6,2010-05-12T15:56:00,2.95,15405,United Kingdom
508073,22353,LUNCH BOX WITH CUTLERY FAIRY CAKES,6,2010-05-12T15:56:00,2.55,15405,United Kingdom
508073,48187,DOOR MAT NEW ENGLAND,2,2010-05-12T15:56:00,7.49,15405,United Kingdom
508073,48189,DOOR MAT FRIENDSHIP,2,2010-05-12T15:56:00,7.49,15405,United Kingdom
508073,82484,WOOD BLACK BOARD ANT WHITE FINISH,3,2010-05-12T15:56:00,6.45,15405,United Kingdom
508073,84755,COLOUR GLASS T-LIGHT HOLDER HANGING,16,2010-05-12T15:56:00,0.65,15405,United Kingdom
508073,84839,SWEETHEART KEY CABINET,2,2010-05-12T15:56:00,6.75,15405,United Kingdom
508073,84879,ASSORTED COLOUR BIRD ORNAMENT,8,2010-05-12T15:56:00,1.69,15405,United Kingdom
508073,84945,MULTI COLOUR SILVER T-LIGHT HOLDER,12,2010-05-12T15:56:00,0.85,15405,United Kingdom
508073,84978,HANGING HEART JAR T-LIGHT HOLDER,12,2010-05-12T15:56:00,1.25,15405,United Kingdom
508073,85067,CREAM SWEETHEART WALL CABINET,1,2010-05-12T15:56:00,18.95,15405,United Kingdom
508324,22162,HEART GARLAND RUSTIC PADDED,1,2010-05-14T11:24:00,2.95,,United Kingdom
508324,85142,JARDIN ETCHED GLASS GINGER JAR,1,2010-05-14T11:24:00,7.95,,United Kingdom
509039,21395,BLUE SPOTTY BEAKER,6,2010-05-20T09:55:00,1.95,14156,EIRE
509039,21472,LADYBIRD + BEE RAFFIA FOOD COVER,6,2010-05-20T09:55:00,3.75,14156,EIRE
509039,21474,SWEETHEART CREAM STEEL FOLDIN BENCH,2,2010-05-20T09:55:00,19.95,14156,EIRE
509039,21476,STEEL SWEETHEART ROUND TABLE CREAM,2,2010-05-20T09:55:00,14.95,14156,EIRE
509039,21527,RED RETROSPOT TRADITIONAL TEAPOT,2,2010-05-20T09:55:00,7.95,14156,EIRE
509039,21535,RED RETROSPOT SMALL MILK JUG,6,2010-05-20T09:55:00,2.55,14156,EIRE
509039,21874,GIN AND TONIC MUG,12,2010-05-20T09:55:00,1.25,14156,EIRE
509039,21892,TRADITIONAL WOODEN CATCH CUP GAME,12,2010-05-20T09:55:00,1.25,14156,EIRE
509039,22072,RED RETROSPOT TEA CUP AND SAUCER,4,2010-05-20T09:55:00,3.75,14156,EIRE
509039,22283,6 EGG HOUSE PAINTED WOOD,2,2010-05-20T09:55:00,7.95,14156,EIRE
509039,22470,HEART OF WICKER LARGE,6,2010-05-20T09:55:00,2.95,14156,EIRE
509039,22514,CHILDS GARDEN SPADE BLUE,6,2010-05-20T09:55:00,2.1,14156,EIRE
509039,22520,CHILDS GARDEN TROWEL BLUE,12,2010-05-20T09:55:00,0.85,14156,EIRE
509039,22522,CHILDS GARDEN FORK BLUE,12,2010-05-20T09:55:00,0.85,14156,EIRE
509039,22528,GARDENERS KNEELING PAD,12,2010-05-20T09:55:00,1.25,14156,EIRE
509039,22607,WOODEN ROUNDERS GARDEN SET,2,2010-05-20T09:55:00,8.5,14156,EIRE
509039,22617,BAKING SET SPACEBOY DESIGN,3,2010-05-20T09:55:00,4.95,14156,EIRE
509039,79029,GLASS HONEYPOT WASP CATCHER,6,2010-05-20T09:55:00,1.95,14156,EIRE
509039,84795D,SEASIDE STRIPE HAMMOCK,2,2010-05-20T09:55:00,7.95,14156,EIRE
509039,84880,WHITE WIRE EGG HOLDER,3,2010-05-20T09:55:00,5.95,14156,EIRE
509039,C2,CARRIAGE,1,2010-05-20T09:55:00,50,14156,EIRE
509456,15056N,EDWARDIAN PARASOL NATURAL,3,2010-05-24T10:30:00,5.95,13047,United Kingdom
509456,15056P,EDWARDIAN PARASOL PINK,3,2010-05-24T10:30:00,5.95,13047,United Kingdom
509456,21621,VINTAGE UNION JACK BUNTING,4,2010-05-24T10:30:00,8.5,13047,United Kingdom
509456,21733,RED HANGING HEART T-LIGHT HOLDER,18,2010-05-24T10:30:00,2.95,13047,United Kingdom
509456,21754,HOME BUILDING BLOCK WORD,12,2010-05-24T10:30:00,5.95,13047,United Kingdom
509456,21777,RECIPE BOX WITH METAL HEART,2,2010-05-24T10:30:00,7.95,13047,United Kingdom
509456,22172,METAL SHELF WITH RAIL,2,2010-05-24T10:30:00,8.5,13047,United Kingdom
509456,22361,GLASS JAR DAISY FRESH COTTON WOOL,6,2010-05-24T10:30:00,2.95,13047,United Kingdom
509456,22424,ENAMEL BREAD BIN CREAM,1,2010-05-24T10:30:00,12.75,13047,United Kingdom
509456,22427,ENAMEL FLOWER JUG CREAM,3,2010-05-24T10:30:00,5.95,13047,United Kingdom
509456,22429,ENAMEL MEASURING JUG CREAM,4,2010-05-24T10:30:00,4.25,13047,United Kingdom
509456,22487,WHITE WOOD GARDEN PLANT LADDER,2,2010-05-24T10:30:00,9.95,13047,United Kingdom
509456,22499,WOODEN UNION JACK BUNTING,3,2010-05-24T10:30:00,5.95,13047,United Kingdom
509456,22528,GARDENERS KNEELING PAD,12,2010-05-24T10:30:00,1.25,13047,United Kingdom
509456,22607,WOODEN ROUNDERS GARDEN SET,4,2010-05-24T10:30:00,8.5,13047,United Kingdom
509456,22619,SET OF 6 SOLDIER SKITTLES,4,2010-05-24T10:30:00,3.75,13047,United Kingdom
509456,22621,TRADITIONAL KNITTING NANCY,12,2010-05-24T10:30:00,1.45,13047,United Kingdom
509456,22622,BOX OF VINTAGE ALPHABET BLOCKS,2,2010-05-24T10:30:00,9.95,13047,United Kingdom
509456,22623,BOX OF VINTAGE JIGSAW BLOCKS,3,2010-05-24T10:30:00,4.95,13047,United Kingdom
509456,48187,DOOR MAT NEW ENGLAND,4,2010-05-24T10:30:00,7.49,13047,United Kingdom
509456,84631,FRUIT TREE AND BIRDS WALL PLAQUE,2,2010-05-24T10:30:00,7.95,13047,United Kingdom
509456,84792,ENCHANTED BIRD COATHANGER 5 HOOK,4,2010-05-24T10:30:00,4.65,13047,United Kingdom
509456,84849B,FAIRY SOAP SOAP HOLDER,12,2010-05-24T10:30:00,1.69,13047,United Kingdom
509456,84879,ASSORTED COLOUR BIRD ORNAMENT,32,2010-05-24T10:30:00,1.69,13047,United Kingdom
509456,84968B,S/16 VINTAGE IVORY CUTLERY,2,2010-05-24T10:30:00,12.75,13047,United Kingdom
509456,84968C,S/16 VINTAGE PISTACHIO CUTLERY,2,2010-05-24T10:30:00,12.75,13047,United Kingdom
509456,84969,ASSORTED COLOUR SET 6 TEASPOONS,6,2010-05-24T10:30:00,4.25,13047,United Kingdom
509456,85014B,RED/WHITE DOTS RUFFLED UMBRELLA,3,2010-05-24T10:30:00,5.95,13047,United Kingdom
509456,85068,CREAM SWEETHEART SHELF + HOOKS,2,2010-05-24T10:30:00,7.95,13047,United Kingdom
509932,20723,STRAWBERRY CHARLOTTE BAG,1,2010-05-26T12:36:00,1.66,,United Kingdom
509932,21116,OWL DOORSTOP,1,2010-05-26T12:36:00,8.47,,United Kingdom
509932,21949,SET OF 6 STRAWBERRY CHOPSTICKS,1,2010-05-26T12:36:00,2.51,,United Kingdom
509932,21973,SET OF 36 MUSHROOM PAPER DOILIES,1,2010-05-26T12:36:00,2.98,,United Kingdom
509932,22069,BROWN  PIRATE TREASURE CHEST,1,2010-05-26T12:36:00,3.36,,United Kingdom
509932,22099,CARAVAN SQUARE TISSUE BOX,1,2010-05-26T12:36:00,2.51,,United Kingdom
509932,22508,DOORSTOP RETROSPOT HEART,1,2010-05-26T12:36:00,7.62,,United Kingdom
509932,22518,CHILDS GARDEN BRUSH BLUE,1,2010-05-26T12:36:00,4.21,,United Kingdom
509932,22554,PLASTERS IN TIN WOODLAND ANIMALS,1,2010-05-26T12:36:00,3.36,,United Kingdom
509932,35004G,SET OF 3 GOLD FLYING DUCKS,1,2010-05-26T12:36:00,12.72,,United Kingdom
509932,47566,PARTY BUNTING,5,2010-05-26T12:36:00,8.47,,United Kingdom
509932,71053,WHITE METAL LANTERN,1,2010-05-26T12:36:00,8.47,,United Kingdom
509932,84660c,PINK STITCHED WALL CLOCK,1,2010-05-26T12:36:00,7.62,,United Kingdom
509932,84872a,TEATIME FUNKY FLOWER BACKPACK FOR 2,2,2010-05-26T12:36:00,11.02,,United Kingdom
509932,84873a,FUNKY FLOWER PICNIC BAG FOR 4,1,2010-05-26T12:36:00,11.02,,United Kingdom
509932,84945,MULTI COLOUR SILVER T-LIGHT HOLDER,1,2010-05-26T12:36:00,11.02,,United Kingdom
509932,84988,SET OF 72 PINK HEART PAPER DOILIES,2,2010-05-26T12:36:00,2.98,,United Kingdom
509932,DOT,DOTCOM POSTAGE,1,2010-05-26T12:36:00,38.3,,United Kingdom
510176,20726,LUNCH BAG WOODLAND,20,2010-05-27T14:53:00,1.65,12609,Germany
510176,21429,RED GINGHAM ROSE JEWELLERY BOX,16,2010-05-27T14:53:00,1.65,12609,Germany
510176,21452,TOADSTOOL MONEY BOX,12,2010-05-27T14:53:00,2.95,12609,Germany
510176,22326,ROUND SNACK BOXES SET OF4 WOODLAND,6,2010-05-27T14:53:00,2.95,12609,Germany
510176,22328,ROUND SNACK BOXES SET OF 4 FRUITS,6,2010-05-27T14:53:00,2.95,12609,Germany
510176,22505,MEMO BOARD COTTAGE DESIGN,12,2010-05-27T14:53:00,4.95,12609,Germany
510176,22634,CHILDS BREAKFAST SET SPACEBOY,4,2010-05-27T14:53:00,9.95,12609,Germany
510176,22635,CHILDS BREAKFAST SET DOLLY GIRL,4,2010-05-27T14:53:00,9.95,12609,Germany
510176,POST,POSTAGE,2,2010-05-27T14:53:00,18,12609,Germany
510249,21340,CLASSIC METAL BIRDCAGE PLANT HOLDER,8,2010-05-28T10:33:00,9.95,13599,United Kingdom
510356,22606,WOODEN SKITTLES GARDEN SET,1,2010-05-28T15:15:00,15.95,,United Kingdom
511027,15056N,EDWARDIAN PARASOL NATURAL,2,2010-06-06T10:30:00,5.95,13593,United Kingdom
511027,16161P,WRAP ENGLISH ROSE,25,2010-06-06T10:30:00,0.42,13593,United Kingdom
511027,21034,REX CASH+CARRY JUMBO SHOPPER,1,2010-06-06T10:30:00,0.95,13593,United Kingdom
511027,21171,BATHROOM METAL SIGN,3,2010-06-06T10:30:00,1.45,13593,United Kingdom
511027,21172,PARTY METAL SIGN,3,2010-06-06T10:30:00,1.45,13593,United Kingdom
511027,21212,PACK OF 72 RETRO SPOT CAKE CASES,1,2010-06-06T10:30:00,0.55,13593,United Kingdom
511027,21231,SWEETHEART CERAMIC TRINKET BOX,2,2010-06-06T10:30:00,1.25,13593,United Kingdom
511027,21232,STRAWBERRY CERAMIC TRINKET BOX,2,2010-06-06T10:30:00,1.25,13593,United Kingdom
511027,21622,VINTAGE UNION JACK CUSHION COVER,6,2010-06-06T10:30:00,4.95,13593,United Kingdom
511027,21631,HIPPY CHIC DECORATIVE PARASOL,1,2010-06-06T10:30:00,12.75,13593,United Kingdom
511027,21632,VINTAGE PINK DECORATIVE PARASOL,1,2010-06-06T10:30:00,12.75,13593,United Kingdom
511027,21633,SUNFLOWER DECORATIVE PARASOL,1,2010-06-06T10:30:00,12.75,13593,United Kingdom
511027,21754,HOME BUILDING BLOCK WORD,2,2010-06-06T10:30:00,5.95,13593,United Kingdom
511027,21755,LOVE BUILDING BLOCK WORD,6,2010-06-06T10:30:00,5.95,13593,United Kingdom
511027,21756,BATH BUILDING BLOCK WORD,2,2010-06-06T10:30:00,5.95,13593,United Kingdom
511027,21773,DECORATIVE ROSE BATHROOM BOTTLE,2,2010-06-06T10:30:00,1.25,13593,United Kingdom
511027,21774,DECORATIVE CATS BATHROOM BOTTLE,2,2010-06-06T10:30:00,1.25,13593,United Kingdom
511027,21775,DECORATIVE FLORE BATHROOM BOTTLE,2,2010-06-06T10:30:00,1.25,13593,United Kingdom
511027,21910,WAY OUT METAL SIGN,2,2010-06-06T10:30:00,1.65,13593,United Kingdom
511027,21911,GARDEN METAL SIGN,3,2010-06-06T10:30:00,1.65,13593,United Kingdom
511027,22055,MINI CAKE STAND  HANGING STRAWBERY,4,2010-06-06T10:30:00,1.65,13593,United Kingdom
511027,22061,LARGE CAKE STAND  HANGING STRAWBERY,1,2010-06-06T10:30:00,9.95,13593,United Kingdom
511027,22063,CERAMIC BOWL WITH STRAWBERRY DESIGN,2,2010-06-06T10:30:00,2.95,13593,United Kingdom
511027,22118,JOY WOODEN BLOCK LETTERS,2,2010-06-06T10:30:00,4.95,13593,United Kingdom
511027,22464,HANGING METAL HEART LANTERN,6,2010-06-06T10:30:00,1.65,13593,United Kingdom
511027,22465,HANGING METAL STAR LANTERN,6,2010-06-06T10:30:00,1.65,13593,United Kingdom
511027,22469,HEART OF WICKER SMALL,12,2010-06-06T10:30:00,1.65,13593,United Kingdom
511027,22470,HEART OF WICKER LARGE,10,2010-06-06T10:30:00,2.95,13593,United Kingdom
511027,22644,CERAMIC CHERRY CAKE MONEY BANK,4,2010-06-06T10:30:00,1.45,13593,United Kingdom
511027,22646,CERAMIC STRAWBERRY CAKE MONEY BANK,4,2010-06-06T10:30:00,1.45,13593,United Kingdom
511027,22647,CERAMIC LOVE HEART MONEY BANK,4,2010-06-06T10:30:00,1.45,13593,United Kingdom
511027,37495,FAIRY CAKE BIRTHDAY CANDLE SET,2,2010-06-06T10:30:00,3.75,13593,United Kingdom
511027,47556B,TEA TIME TEA TOWELS,4,2010-06-06T10:30:00,2.95,13593,United Kingdom
511027,47566,PARTY BUNTING,4,2010-06-06T10:30:00,4.65,13593,United Kingdom
511027,47567B,TEA TIME KITCHEN APRON,2,2010-06-06T10:30:00,5.95,13593,United Kingdom
511027,47579,TEA TIME BREAKFAST BASKET,5,2010-06-06T10:30:00,2.1,13593,United Kingdom
511027,47591C,BLUE FAIRY CAKE CHILD'S APRON,3,2010-06-06T10:30:00,1.95,13593,United Kingdom
511027,47591D,PINK FAIRY CAKE CHILD'S APRON,3,2010-06-06T10:30:00,1.95,13593,United Kingdom
511027,48138,DOOR MAT UNION FLAG,2,2010-06-06T10:30:00,7.49,13593,United Kingdom
511027,48187,DOOR MAT NEW ENGLAND,1,2010-06-06T10:30:00,7.49,13593,United Kingdom
511027,79029,GLASS HONEYPOT WASP CATCHER,4,2010-06-06T10:30:00,1.95,13593,United Kingdom
511027,84755,COLOUR GLASS T-LIGHT HOLDER HANGING,16,2010-06-06T10:30:00,0.65,13593,United Kingdom
511027,84791,GINGHAM HEART DECORATION,4,2010-06-06T10:30:00,2.95,13593,United Kingdom
511027,84849A,HELLO SAILOR BLUE SOAP HOLDER,2,2010-06-06T10:30:00,1.69,13593,United Kingdom
511027,84849B,FAIRY SOAP SOAP HOLDER,2,2010-06-06T10:30:00,1.69,13593,United Kingdom
511027,84849D,HOT BATHS SOAP HOLDER,2,2010-06-06T10:30:00,1.69,13593,United Kingdom
511027,84972L,GIANT PINK HEART MEMO HOLDER,4,2010-06-06T10:30:00,3.95,13593,United Kingdom
511027,84987,SET OF 36 TEATIME PAPER DOILIES,10,2010-06-06T10:30:00,1.45,13593,United Kingdom
511027,84988,SET OF 72 PINK HEART PAPER DOILIES,4,2010-06-06T10:30:00,1.45,13593,United Kingdom
511027,84991,60 TEATIME FAIRY CAKE CASES,1,2010-06-06T10:30:00,0.55,13593,United Kingdom
511027,85014C,BLUE/BROWN DOTS RUFFLED UMBRELLA,2,2010-06-06T10:30:00,5.95,13593,United Kingdom
511027,85123A,WHITE HANGING HEART T-LIGHT HOLDER,6,2010-06-06T10:30:00,2.95,13593,United Kingdom
511027,85163B,BLACK BAROQUE WALL CLOCK,1,2010-06-06T10:30:00,12.75,13593,United Kingdom
511092,21754,HOME BUILDING BLOCK WORD,3,2010-06-06T15:18:00,5.95,12836,United Kingdom
511092,21907,I'M ON HOLIDAY METAL SIGN,12,2010-06-06T15:18:00,2.1,12836,United Kingdom
511092,22423,REGENCY CAKESTAND 3 TIER,6,2010-06-06T15:18:00,12.75,12836,United Kingdom
511092,22551,PLASTERS IN TIN SPACEBOY,12,2010-06-06T15:18:00,1.65,12836,United Kingdom
511092,22558,CLOTHES PEGS RETROSPOT PACK 24,12,2010-06-06T15:18:00,1.25,12836,United Kingdom
511092,22624,IVORY KITCHEN SCALES,2,2010-06-06T15:18:00,8.5,12836,United Kingdom
511092,22634,CHILDS BREAKFAST SET SPACEBOY,2,2010-06-06T15:18:00,9.95,12836,United Kingdom
511092,22635,CHILDS BREAKFAST SET DOLLY GIRL,2,2010-06-06T15:18:00,9.95,12836,United Kingdom
511092,22636,CHILDS BREAKFAST SET CIRCUS PARADE,2,2010-06-06T15:18:00,8.5,12836,United Kingdom
511092,82486,WOOD S/3 CABINET ANT WHITE FINISH,4,2010-06-06T15:18:00,7.95,12836,United Kingdom
511092,85066,CREAM SWEETHEART MINI CHEST,4,2010-06-06T15:18:00,12.75,12836,United Kingdom
511092,85068,CREAM SWEETHEART SHELF + HOOKS,2,2010-06-06T15:18:00,7.95,12836,United Kingdom
511297,21354,TOAST ITS - BEST MUM,12,2010-06-07T15:12:00,1.25,17101,United Kingdom
511297,21355,TOAST ITS - I LOVE YOU,12,2010-06-07T15:12:00,1.25,17101,United Kingdom
511297,21358,TOAST ITS - HAPPY BIRTHDAY,12,2010-06-07T15:12:00,1.25,17101,United Kingdom
511297,21462,"NURSERY A,B,C PAINTED LETTERS",2,2010-06-07T15:12:00,6.75,17101,United Kingdom
511297,22495,SET OF 2 ROUND TINS CAMEMBERT,6,2010-06-07T15:12:00,2.95,17101,United Kingdom
511297,22496,SET OF 2 ROUND TINS DUTCH CHEESE,6,2010-06-07T15:12:00,2.95,17101,United Kingdom
511297,22528,GARDENERS KNEELING PAD,12,2010-06-07T15:12:00,1.25,17101,United Kingdom
511297,22551,PLASTERS IN TIN SPACEBOY,12,2010-06-07T15:12:00,1.65,17101,United Kingdom
511297,22556,PLASTERS IN TIN CIRCUS PARADE,12,2010-06-07T15:12:00,1.65,17101,United Kingdom
511297,22622,BOX OF VINTAGE ALPHABET BLOCKS,2,2010-06-07T15:12:00,9.95,17101,United Kingdom
511433,16161P,WRAP ENGLISH ROSE,25,2010-06-08T11:49:00,0.42,17706,United Kingdom
511433,20725,LUNCH BAG RED SPOTTY,10,2010-06-08T11:49:00,1.65,17706,United Kingdom
511433,21390,FILIGRIS HEART WITH BUTTERFLY,24,2010-06-08T11:49:00,1.25,17706,United Kingdom
511433,21506,"FANCY FONT BIRTHDAY CARD,",12,2010-06-08T11:49:00,0.42,17706,United Kingdom
511433,21668,RED STRIPE CERAMIC DRAWER KNOB,12,2010-06-08T11:49:00,1.25,17706,United Kingdom
511433,21669,BLUE STRIPE CERAMIC DRAWER KNOB,12,2010-06-08T11:49:00,1.25,17706,United Kingdom
511433,21670,BLUE SPOT CERAMIC DRAWER KNOB,12,2010-06-08T11:49:00,1.25,17706,United Kingdom
511433,21671,RED SPOT CERAMIC DRAWER KNOB,12,2010-06-08T11:49:00,1.25,17706,United Kingdom
511433,21672,WHITE SPOT RED CERAMIC DRAWER KNOB,12,2010-06-08T11:49:00,1.25,17706,United Kingdom
511433,21673,WHITE SPOT BLUE CERAMIC DRAWER KNOB,12,2010-06-08T11:49:00,1.25,17706,United Kingdom
511433,22087,PAPER BUNTING WHITE LACE,6,2010-06-08T11:49:00,2.95,17706,United Kingdom
511433,22090,PAPER BUNTING RETRO SPOTS,6,2010-06-08T11:49:00,2.95,17706,United Kingdom
511433,22172,METAL SHELF WITH RAIL,2,2010-06-08T11:49:00,8.5,17706,United Kingdom
511433,22219,LOVEBIRD HANGING DECORATION WHITE,12,2010-06-08T11:49:00,0.85,17706,United Kingdom
511433,22294,HEART FILIGREE DOVE  SMALL,24,2010-06-08T11:49:00,1.25,17706,United Kingdom
511433,22295,HEART FILIGREE DOVE LARGE,12,2010-06-08T11:49:00,1.65,17706,United Kingdom
511433,22382,LUNCH BAG SPACEBOY DESIGN,10,2010-06-08T11:49:00,1.65,17706,United Kingdom
511433,22383,LUNCH BAG SUKI  DESIGN,10,2010-06-08T11:49:00,1.65,17706,United Kingdom
511433,22423,REGENCY CAKESTAND 3 TIER,2,2010-06-08T11:49:00,12.75,17706,United Kingdom
511433,22470,HEART OF WICKER LARGE,6,2010-06-08T11:49:00,2.95,17706,United Kingdom
511433,47566,PARTY BUNTING,10,2010-06-08T11:49:00,4.65,17706,United Kingdom
511433,47568,ENGLISH ROSE DESIGN PEG BAG,6,2010-06-08T11:49:00,2.1,17706,United Kingdom
511433,79321,CHILLI LIGHTS,4,2010-06-08T11:49:00,4.95,17706,United Kingdom
511433,82600,NO SINGING METAL SIGN,12,2010-06-08T11:49:00,2.1,17706,United Kingdom
511433,84970S,HANGING HEART ZINC T-LIGHT HOLDER,12,2010-06-08T11:49:00,0.85,17706,United Kingdom
511433,85014A,BLACK/BLUE DOTS RUFFLED UMBRELLA,3,2010-06-08T11:49:00,5.95,17706,United Kingdom
511433,85014B,RED/WHITE DOTS RUFFLED UMBRELLA,3,2010-06-08T11:49:00,5.95,17706,United Kingdom
511556,20725,LUNCH BAG RED SPOTTY,100,2010-06-09T10:02:00,1.45,17511,United Kingdom
511556,20960,WATERMELON BATH SPONGE,10,2010-06-09T10:02:00,1.25,17511,United Kingdom
511556,20963,APPLE BATH SPONGE,10,2010-06-09T10:02:00,1.25,17511,United Kingdom
511556,21232,STRAWBERRY CERAMIC TRINKET BOX,72,2010-06-09T10:02:00,1.06,17511,United Kingdom
511556,21470,FLOWER VINE RAFFIA FOOD COVER,48,2010-06-09T10:02:00,2.95,17511,United Kingdom
511556,21899,"KEY FOB , GARAGE DESIGN",24,2010-06-09T10:02:00,0.65,17511,United Kingdom
511556,21955,DOOR MAT UNION JACK GUNS AND ROSES,10,2010-06-09T10:02:00,6.35,17511,United Kingdom
511556,22090,PAPER BUNTING RETRO SPOTS,40,2010-06-09T10:02:00,2.55,17511,United Kingdom
511556,22169,FAMILY ALBUM WHITE PICTURE FRAME,8,2010-06-09T10:02:00,7.65,17511,United Kingdom
511556,22170,PICTURE FRAME WOOD TRIPLE PORTRAIT,12,2010-06-09T10:02:00,5.95,17511,United Kingdom
511556,22354,RETROSPOT PADDED SEAT CUSHION,30,2010-06-09T10:02:00,3.39,17511,United Kingdom
511556,22384,LUNCH BAG PINK RETROSPOT,100,2010-06-09T10:02:00,1.45,17511,United Kingdom
511556,22423,REGENCY CAKESTAND 3 TIER,128,2010-06-09T10:02:00,10.95,17511,United Kingdom
511556,22433,WATERING CAN GREEN DINOSAUR,12,2010-06-09T10:02:00,1.95,17511,United Kingdom
511556,22440,BALLOON WATER BOMB PACK OF 35,300,2010-06-09T10:02:00,0.36,17511,United Kingdom
511556,22528,GARDENERS KNEELING PAD,48,2010-06-09T10:02:00,1.06,17511,United Kingdom
511556,47502,POLKADOT CUTLERY 24 PCS IN TRAY,10,2010-06-09T10:02:00,9.95,17511,United Kingdom
511556,47591D,PINK FAIRY CAKE CHILD'S APRON,50,2010-06-09T10:02:00,1.65,17511,United Kingdom
511556,77101A,UNION FLAG WINDSOCK,72,2010-06-09T10:02:00,1.06,17511,United Kingdom
511556,84077,WORLD WAR 2 GLIDERS ASSTD DESIGNS,288,2010-06-09T10:02:00,0.18,17511,United Kingdom
511556,84997C,BLUE 3 PIECE MINI DOTS CUTLERY SET,72,2010-06-09T10:02:00,3.39,17511,United Kingdom
511556,84997D,PINK 3 PIECE MINI DOTS CUTLERY SET,72,2010-06-09T10:02:00,3.39,17511,United Kingdom
511790,21218,RED SPOTTY BISCUIT TIN,2,2010-06-10T13:56:00,3.75,18168,United Kingdom
511790,21231,SWEETHEART CERAMIC TRINKET BOX,12,2010-06-10T13:56:00,1.25,18168,United Kingdom
511790,21527,RED RETROSPOT TRADITIONAL TEAPOT,3,2010-06-10T13:56:00,7.95,18168,United Kingdom
511790,21529,RED RETROSPOT TOASTRACK,4,2010-06-10T13:56:00,3.45,18168,United Kingdom
511790,21531,RED RETROSPOT SUGAR JAM BOWL,4,2010-06-10T13:56:00,2.55,18168,United Kingdom
511790,21535,RED RETROSPOT SMALL MILK JUG,4,2010-06-10T13:56:00,2.55,18168,United Kingdom
511790,21539,RED RETROSPOT BUTTER DISH,2,2010-06-10T13:56:00,4.95,18168,United Kingdom
511790,21700,BIG DOUGHNUT FRIDGE MAGNETS,6,2010-06-10T13:56:00,0.85,18168,United Kingdom
511790,21745,GAOLERS KEYS DECORATIVE GARDEN,1,2010-06-10T13:56:00,3.75,18168,United Kingdom
511790,21844,RED RETROSPOT MUG,2,2010-06-10T13:56:00,2.95,18168,United Kingdom
511790,22055,MINI CAKE STAND  HANGING STRAWBERY,6,2010-06-10T13:56:00,1.65,18168,United Kingdom
511790,22064,PINK DOUGHNUT TRINKET POT,4,2010-06-10T13:56:00,1.65,18168,United Kingdom
511790,22072,RED RETROSPOT TEA CUP AND SAUCER,2,2010-06-10T13:56:00,3.75,18168,United Kingdom
511790,22072,RED RETROSPOT TEA CUP AND SAUCER,4,2010-06-10T13:56:00,3.75,18168,United Kingdom
511790,22180,RETRO SPOT LAMP,1,2010-06-10T13:56:00,9.95,18168,United Kingdom
511790,22637,PIGGY BANK RETROSPOT,8,2010-06-10T13:56:00,2.55,18168,United Kingdom
511790,22644,CERAMIC CHERRY CAKE MONEY BANK,12,2010-06-10T13:56:00,1.45,18168,United Kingdom
511790,22645,CERAMIC HEART FAIRY CAKE MONEY BANK,8,2010-06-10T13:56:00,1.45,18168,United Kingdom
511790,22646,CERAMIC STRAWBERRY CAKE MONEY BANK,8,2010-06-10T13:56:00,1.45,18168,United Kingdom
511790,22649,STRAWBERRY FAIRY CAKE TEAPOT,1,2010-06-10T13:56:00,4.95,18168,United Kingdom
511790,22650,CERAMIC PIRATE CHEST MONEY BANK,4,2010-06-10T13:56:00,1.45,18168,United Kingdom
511790,37446,MINI CAKE STAND WITH HANGING CAKES,6,2010-06-10T13:56:00,1.45,18168,United Kingdom
511790,72756,FAIRY CAKE CANDLES,18,2010-06-10T13:56:00,1.49,18168,United Kingdom
511861,21360,JOY LARGE WOOD LETTERS,1,2010-06-11T10:11:00,9.95,14618,United Kingdom
511861,22078,RIBBON REEL LACE DESIGN,10,2010-06-11T10:11:00,2.1,14618,United Kingdom
511861,22087,PAPER BUNTING WHITE LACE,40,2010-06-11T10:11:00,2.55,14618,United Kingdom
511861,22101,MIRROR MOSAIC VOTIVE HOLDER,6,2010-06-11T10:11:00,2.1,14618,United Kingdom
511861,22102,MIRROR MOSAIC T-LIGHT HOLDER,6,2010-06-11T10:11:00,1.65,14618,United Kingdom
511861,22297,HEART IVORY TRELLIS SMALL,24,2010-06-11T10:11:00,1.25,14618,United Kingdom
511861,22365,DOOR MAT RESPECTABLE HOUSE,2,2010-06-11T10:11:00,7.49,14618,United Kingdom
511861,22423,REGENCY CAKESTAND 3 TIER,2,2010-06-11T10:11:00,12.75,14618,United Kingdom
511861,79321,CHILLI LIGHTS,4,2010-06-11T10:11:00,4.95,14618,United Kingdom
512123,21231,SWEETHEART CERAMIC TRINKET BOX,6,2010-06-13T15:57:00,1.25,15808,United Kingdom
512123,21232,STRAWBERRY CERAMIC TRINKET BOX,6,2010-06-13T15:57:00,1.25,15808,United Kingdom
512123,21314,SMALL GLASS HEART TRINKET POT,4,2010-06-13T15:57:00,2.1,15808,United Kingdom
512123,21675,BUTTERFLIES STICKERS,6,2010-06-13T15:57:00,0.85,15808,United Kingdom
512123,21676,FLOWERS  STICKERS,6,2010-06-13T15:57:00,0.85,15808,United Kingdom
512123,21680,WOODLAND  STICKERS,6,2010-06-13T15:57:00,0.85,15808,United Kingdom
512123,21875,KINGS CHOICE MUG,6,2010-06-13T15:57:00,1.25,15808,United Kingdom
512123,22066,LOVE HEART TRINKET POT,2,2010-06-13T15:57:00,1.45,15808,United Kingdom
512123,22423,REGENCY CAKESTAND 3 TIER,5,2010-06-13T15:57:00,12.75,15808,United Kingdom
512123,22606,WOODEN SKITTLES GARDEN SET,1,2010-06-13T15:57:00,15.95,15808,United Kingdom
512123,47556B,TEA TIME TEA TOWELS,6,2010-06-13T15:57:00,2.95,15808,United Kingdom
512123,47566,PARTY BUNTING,13,2010-06-13T15:57:00,4.65,15808,United Kingdom
512123,79067,CORONA MEXICAN TRAY,5,2010-06-13T15:57:00,3.75,15808,United Kingdom
512123,82482,WOODEN PICTURE FRAME WHITE FINISH,12,2010-06-13T15:57:00,2.55,15808,United Kingdom
512123,82483,WOOD 2 DRAWER CABINET WHITE FINISH,16,2010-06-13T15:57:00,4.95,15808,United Kingdom
512123,82486,WOOD S/3 CABINET ANT WHITE FINISH,12,2010-06-13T15:57:00,6.95,15808,United Kingdom
512123,82494L,WOODEN FRAME ANTIQUE WHITE,12,2010-06-13T15:57:00,2.95,15808,United Kingdom
512123,84077,WORLD WAR 2 GLIDERS ASSTD DESIGNS,48,2010-06-13T15:57:00,0.21,15808,United Kingdom
512123,85030,FRENCH CHATEAU OVAL PLATTER,1,2010-06-13T15:57:00,7.95,15808,United Kingdom
512123,85099B,JUMBO BAG RED RETROSPOT,20,2010-06-13T15:57:00,1.95,15808,United Kingdom
512123,85124A,PINK JUICY FRUIT PHOTO FRAME,6,2010-06-13T15:57:00,2.55,15808,United Kingdom
512123,85124B,BLUE JUICY FRUIT PHOTO FRAME,2,2010-06-13T15:57:00,2.55,15808,United Kingdom
512123,85124C,GREEN JUICY FRUIT PHOTO FRAME,2,2010-06-13T15:57:00,2.55,15808,United Kingdom
512511,22028,PENNY FARTHING BIRTHDAY CARD,84,2010-06-16T11:08:00,0.36,15061,United Kingdom
512513,21671,RED SPOT CERAMIC DRAWER KNOB,96,2010-06-16T11:11:00,1.06,15061,United Kingdom
512695,22221,CAKE STAND LOVEBIRD 2 TIER PINK,2,2010-06-17T11:53:00,9.95,15606,United Kingdom
512695,22468,BABUSHKA LIGHTS STRING OF 10,4,2010-06-17T11:53:00,6.75,15606,United Kingdom
512695,79160,HEART SHAPE WIRELESS DOORBELL,12,2010-06-17T11:53:00,2.1,15606,United Kingdom
512695,79320,FLAMINGO LIGHTS,24,2010-06-17T11:53:00,4.25,15606,United Kingdom
512695,84755,COLOUR GLASS T-LIGHT HOLDER HANGING,16,2010-06-17T11:53:00,0.65,15606,United Kingdom
512695,85042,ANTIQUE LILY FAIRY LIGHTS,24,2010-06-17T11:53:00,4.25,15606,United Kingdom
512695,85232D,SET/3 DECOUPAGE STACKING TINS,3,2010-06-17T11:53:00,4.95,15606,United Kingdom
512802,16020C,CLEAR STATIONERY BOX SET,2,2010-06-18T11:01:00,0.85,15483,United Kingdom
512802,16216,LETTER SHAPE PENCIL SHARPENER,10,2010-06-18T11:01:00,0.16,15483,United Kingdom
512802,16237,SLEEPING CAT ERASERS,2,2010-06-18T11:01:00,0.21,15483,United Kingdom
512802,16238,PARTY TIME PENCIL ERASERS,3,2010-06-18T11:01:00,0.21,15483,United Kingdom
512802,20986,BLUE CALCULATOR RULER,1,2010-06-18T11:01:00,1.25,15483,United Kingdom
512802,21156,RED SPOTTY CHILDS APRON,2,2010-06-18T11:01:00,1.95,15483,United Kingdom
512802,21213,PACK OF 72 SKULL CAKE CASES,1,2010-06-18T11:01:00,0.55,15483,United Kingdom
512802,21429,RED GINGHAM ROSE JEWELLERY BOX,1,2010-06-18T11:01:00,1.65,15483,United Kingdom
512802,21431,GREEN GINGHAM FLOWER JEWELLERY BOX,1,2010-06-18T11:01:00,1.65,15483,United Kingdom
512802,22150,3 STRIPEY MICE FELTCRAFT,1,2010-06-18T11:01:00,1.95,15483,United Kingdom
512802,22367,CHILDS APRON SPACEBOY DESIGN,2,2010-06-18T11:01:00,1.95,15483,United Kingdom
512802,22431,WATERING CAN BLUE ELEPHANT,1,2010-06-18T11:01:00,1.95,15483,United Kingdom
512802,22433,WATERING CAN GREEN DINOSAUR,1,2010-06-18T11:01:00,1.95,15483,United Kingdom
512802,22439,6 ROCKET BALLOONS,1,2010-06-18T11:01:00,0.65,15483,United Kingdom
512802,22553,PLASTERS IN TIN SKULLS,2,2010-06-18T11:01:00,1.65,15483,United Kingdom
512802,22557,PLASTERS IN TIN VINTAGE PAISLEY,2,2010-06-18T11:01:00,1.65,15483,United Kingdom
512802,22586,FELTCRAFT HAIRBAND PINK AND BLUE,2,2010-06-18T11:01:00,0.85,15483,United Kingdom
512802,22613,PACK OF 20 SPACEBOY NAPKINS,1,2010-06-18T11:01:00,0.85,15483,United Kingdom
512802,37441,ASSORTED WHITE EMBOSSED CHINA MUGS,12,2010-06-18T11:01:00,2.1,15483,United Kingdom
512802,84033,FLAG OF ST GEORGE,1,2010-06-18T11:01:00,1.65,15483,United Kingdom
512802,84033,FLAG OF ST GEORGE,1,2010-06-18T11:01:00,1.65,15483,United Kingdom
512802,85142,JARDIN ETCHED GLASS GINGER JAR,1,2010-06-18T11:01:00,7.95,15483,United Kingdom
512907,16161M,WRAP  PINK FLOCK,25,2010-06-18T14:22:00,0.42,12932,United Kingdom
512907,16161P,WRAP ENGLISH ROSE,50,2010-06-18T14:22:00,0.42,12932,United Kingdom
512907,16169N,WRAP BLUE RUSSIAN FOLKART,25,2010-06-18T14:22:00,0.42,12932,United Kingdom
512907,16169P,WRAP GREEN RUSSIAN FOLKART,25,2010-06-18T14:22:00,0.42,12932,United Kingdom
512907,21498,RED SPOTS  WRAP,50,2010-06-18T14:22:00,0.42,12932,United Kingdom
512907,21499,BLUE SPOTS  WRAP,50,2010-06-18T14:22:00,0.42,12932,United Kingdom
512907,21500,PINK SPOTS  WRAP,50,2010-06-18T14:22:00,0.42,12932,United Kingdom
512907,22050,PINK PAISLEY ROSE GIFT WRAP,25,2010-06-18T14:22:00,0.42,12932,United Kingdom
512907,22051,BLUE SCANDINAVIAN PAISLEY WRAP,25,2010-06-18T14:22:00,0.42,12932,United Kingdom
513053,20685,DOOR MAT RED SPOT,2,2010-06-21T13:32:00,7.49,16062,United Kingdom
513053,20828,GLITTER BUTTERFLY CLIPS,6,2010-06-21T13:32:00,2.55,16062,United Kingdom
513053,21506,"FANCY FONT BIRTHDAY CARD,",12,2010-06-21T13:32:00,0.42,16062,United Kingdom
513053,21508,VINTAGE KID DOLLY CARD,12,2010-06-21T13:32:00,0.42,16062,United Kingdom
513053,21509,COWBOYS AND INDIANS BIRTHDAY CARD,12,2010-06-21T13:32:00,0.42,16062,United Kingdom
513053,21524,DOOR MAT SPOTTY HOME SWEET HOME,2,2010-06-21T13:32:00,7.49,16062,United Kingdom
513053,21668,RED STRIPE CERAMIC DRAWER KNOB,12,2010-06-21T13:32:00,1.25,16062,United Kingdom
513053,21669,BLUE STRIPE CERAMIC DRAWER KNOB,12,2010-06-21T13:32:00,1.25,16062,United Kingdom
513053,21670,BLUE SPOT CERAMIC DRAWER KNOB,12,2010-06-21T13:32:00,1.25,16062,United Kingdom
513053,21671,RED SPOT CERAMIC DRAWER KNOB,12,2010-06-21T13:32:00,1.25,16062,United Kingdom
513053,21672,WHITE SPOT RED CERAMIC DRAWER KNOB,12,2010-06-21T13:32:00,1.25,16062,United Kingdom
513053,21673,WHITE SPOT BLUE CERAMIC DRAWER KNOB,12,2010-06-21T13:32:00,1.25,16062,United Kingdom
513053,21784,SHOE SHINE BOX,2,2010-06-21T13:32:00,9.95,16062,United Kingdom
513053,21875,KINGS CHOICE MUG,12,2010-06-21T13:32:00,1.25,16062,United Kingdom
513053,21922,UNION STRIPE WITH FRINGE  HAMMOCK,2,2010-06-21T13:32:00,7.95,16062,United Kingdom
513053,21923,RED/CREAM STRIPE FRINGE HAMMOCK,2,2010-06-21T13:32:00,7.95,16062,United Kingdom
513053,21924,BLUE/CREAM STRIPE FRINGE HAMMOCK,2,2010-06-21T13:32:00,7.95,16062,United Kingdom
513053,22023,EMPIRE BIRTHDAY CARD,12,2010-06-21T13:32:00,0.42,16062,United Kingdom
513053,22024,RAINY LADIES BIRTHDAY CARD,12,2010-06-21T13:32:00,0.42,16062,United Kingdom
513053,22026,BANQUET BIRTHDAY  CARD,12,2010-06-21T13:32:00,0.42,16062,United Kingdom
513053,22027,TEA PARTY BIRTHDAY CARD,12,2010-06-21T13:32:00,0.42,16062,United Kingdom
513053,22028,PENNY FARTHING BIRTHDAY CARD,12,2010-06-21T13:32:00,0.42,16062,United Kingdom
513053,22029,SPACEBOY BIRTHDAY CARD,12,2010-06-21T13:32:00,0.42,16062,United Kingdom
513053,22030,SWALLOWS GREETING CARD,12,2010-06-21T13:32:00,0.42,16062,United Kingdom
513053,22035,VINTAGE CARAVAN GREETING CARD,12,2010-06-21T13:32:00,0.42,16062,United Kingdom
513053,22077,6 RIBBONS RUSTIC CHARM,12,2010-06-21T13:32:00,1.65,16062,United Kingdom
513053,22194,BLACK DINER WALL CLOCK,2,2010-06-21T13:32:00,8.5,16062,United Kingdom
513053,22276,WASH BAG VINTAGE ROSE PAISLEY,6,2010-06-21T13:32:00,2.55,16062,United Kingdom
513053,22357,KINGS CHOICE BISCUIT TIN,4,2010-06-21T13:32:00,4.25,16062,United Kingdom
513053,22358,KINGS CHOICE TEA CADDY,6,2010-06-21T13:32:00,2.95,16062,United Kingdom
513053,22476,EMPIRE UNION JACK TV DINNER TRAY,3,2010-06-21T13:32:00,4.95,16062,United Kingdom
513053,22499,WOODEN UNION JACK BUNTING,3,2010-06-21T13:32:00,5.95,16062,United Kingdom
513053,22501,PICNIC BASKET WICKER LARGE,2,2010-06-21T13:32:00,9.95,16062,United Kingdom
513053,22507,MEMO BOARD RETROSPOT  DESIGN,4,2010-06-21T13:32:00,4.95,16062,United Kingdom
513053,22558,CLOTHES PEGS RETROSPOT PACK 24,12,2010-06-21T13:32:00,1.25,16062,United Kingdom
513053,22607,WOODEN ROUNDERS GARDEN SET,2,2010-06-21T13:32:00,8.5,16062,United Kingdom
513053,22645,CERAMIC HEART FAIRY CAKE MONEY BANK,12,2010-06-21T13:32:00,1.45,16062,United Kingdom
513053,47590B,PINK HAPPY BIRTHDAY BUNTING,3,2010-06-21T13:32:00,5.45,16062,United Kingdom
513053,48184,DOOR MAT ENGLISH ROSE,2,2010-06-21T13:32:00,7.49,16062,United Kingdom
513053,79000,MOROCCAN TEA GLASS,12,2010-06-21T13:32:00,0.85,16062,United Kingdom
513053,84247G,"DECOUPAGE,GREETING CARD,",12,2010-06-21T13:32:00,0.42,16062,United Kingdom
513053,85232D,SET/3 DECOUPAGE STACKING TINS,3,2010-06-21T13:32:00,4.95,16062,United Kingdom
513065,16156S,WRAP PINK FAIRY CAKES,25,2010-06-21T14:14:00,0.42,15850,United Kingdom
513065,20719,WOODLAND CHARLOTTE BAG,5,2010-06-21T14:14:00,0.85,15850,United Kingdom
513065,20723,STRAWBERRY CHARLOTTE BAG,5,2010-06-21T14:14:00,0.85,15850,United Kingdom
513065,20723,STRAWBERRY CHARLOTTE BAG,5,2010-06-21T14:14:00,0.85,15850,United Kingdom
513065,20724,RED SPOTTY CHARLOTTE BAG,5,2010-06-21T14:14:00,0.85,15850,United Kingdom
513065,20724,RED SPOTTY CHARLOTTE BAG,5,2010-06-21T14:14:00,0.85,15850,United Kingdom
513065,20828,GLITTER BUTTERFLY CLIPS,1,2010-06-21T14:14:00,2.55,15850,United Kingdom
513065,21034,REX CASH+CARRY JUMBO SHOPPER,1,2010-06-21T14:14:00,0.95,15850,United Kingdom
513065,21381,MINI WOODEN HAPPY BIRTHDAY GARLAND,1,2010-06-21T14:14:00,1.69,15850,United Kingdom
513065,21647,ASSORTED TUTTI FRUTTI LARGE PURSE,1,2010-06-21T14:14:00,2.1,15850,United Kingdom
513065,21647,ASSORTED TUTTI FRUTTI LARGE PURSE,1,2010-06-21T14:14:00,2.1,15850,United Kingdom
513065,21868,POTTING SHED TEA MUG,1,2010-06-21T14:14:00,1.25,15850,United Kingdom
513065,21868,POTTING SHED TEA MUG,2,2010-06-21T14:14:00,1.25,15850,United Kingdom
513065,21931,JUMBO STORAGE BAG SUKI,2,2010-06-21T14:14:00,1.95,15850,United Kingdom
513065,22332,SKULLS PARTY BAG + STICKER SET,2,2010-06-21T14:14:00,1.65,15850,United Kingdom
513065,22333,RETRO SPORT PARTY BAG + STICKER SET,2,2010-06-21T14:14:00,1.65,15850,United Kingdom
513065,22353,LUNCH BOX WITH CUTLERY FAIRY CAKES,1,2010-06-21T14:14:00,2.55,15850,United Kingdom
513065,22355,CHARLOTTE BAG SUKI DESIGN,2,2010-06-21T14:14:00,0.85,15850,United Kingdom
513065,22355,CHARLOTTE BAG SUKI DESIGN,5,2010-06-21T14:14:00,0.85,15850,United Kingdom
513065,22355,CHARLOTTE BAG SUKI DESIGN,5,2010-06-21T14:14:00,0.85,15850,United Kingdom
513065,22356,CHARLOTTE BAG PINK WITH WHITE SPOTS,5,2010-06-21T14:14:00,0.85,15850,United Kingdom
513065,22356,CHARLOTTE BAG PINK WITH WHITE SPOTS,5,2010-06-21T14:14:00,0.85,15850,United Kingdom
513065,22374,AIRLINE BAG VINTAGE JET SET RED,1,2010-06-21T14:14:00,6.35,15850,United Kingdom
513065,22441,GROW YOUR OWN BASIL IN ENAMEL MUG,5,2010-06-21T14:14:00,2.1,15850,United Kingdom
513065,22444,GROW YOUR OWN PLANT IN A CAN,1,2010-06-21T14:14:00,1.25,15850,United Kingdom
513065,22501,PICNIC BASKET WICKER LARGE,2,2010-06-21T14:14:00,9.95,15850,United Kingdom
513065,22528,GARDENERS KNEELING PAD,3,2010-06-21T14:14:00,1.25,15850,United Kingdom
513065,22559,SEASIDE FLYING DISC,1,2010-06-21T14:14:00,1.25,15850,United Kingdom
513065,47504K,ENGLISH ROSE GARDEN SECATEURS,2,2010-06-21T14:14:00,1.95,15850,United Kingdom
513065,85049E,SCANDINAVIAN REDS RIBBONS,1,2010-06-21T14:14:00,1.25,15850,United Kingdom
513065,85232B,SET/3 RUSSIAN DOLL STACKING TINS,1,2010-06-21T14:14:00,4.95,15850,United Kingdom
513281,10125,MINI FUNKY DESIGN TAPES,20,2010-06-23T13:21:00,0.85,16180,United Kingdom
513281,22066,LOVE HEART TRINKET POT,12,2010-06-23T13:21:00,1.45,16180,United Kingdom
513281,22127,PARTY CONES CARNIVAL ASSORTED,12,2010-06-23T13:21:00,1.25,16180,United Kingdom
513281,22128,PARTY CONES CANDY ASSORTED,12,2010-06-23T13:21:00,1.25,16180,United Kingdom
513281,22138,BAKING SET 9 PIECE RETROSPOT,3,2010-06-23T13:21:00,4.95,16180,United Kingdom
513281,22147,FELTCRAFT BUTTERFLY HEARTS,12,2010-06-23T13:21:00,1.45,16180,United Kingdom
513281,22149,FELTCRAFT 6 FLOWER FRIENDS,6,2010-06-23T13:21:00,2.1,16180,United Kingdom
513281,22200,FRYING PAN PINK POLKADOT,4,2010-06-23T13:21:00,4.25,16180,United Kingdom
513281,22201,FRYING PAN BLUE POLKADOT,4,2010-06-23T13:21:00,4.25,16180,United Kingdom
513281,22202,MILK PAN PINK RETROSPOT,4,2010-06-23T13:21:00,3.75,16180,United Kingdom
513281,22204,MILK PAN BLUE RETROSPOT,4,2010-06-23T13:21:00,3.75,16180,United Kingdom
513281,22271,FELTCRAFT DOLL ROSIE,6,2010-06-23T13:21:00,2.95,16180,United Kingdom
513281,22274,FELTCRAFT DOLL EMILY,6,2010-06-23T13:21:00,2.95,16180,United Kingdom
513281,22328,ROUND SNACK BOXES SET OF 4 FRUITS,6,2010-06-23T13:21:00,2.95,16180,United Kingdom
513281,22385,JUMBO BAG SPACEBOY DESIGN,30,2010-06-23T13:21:00,1.95,16180,United Kingdom
513281,22492,MINI PAINT SET VINTAGE  BOY+ GIRL,36,2010-06-23T13:21:00,0.65,16180,United Kingdom
513281,22569,FELTCRAFT CUSHION BUTTERFLY,4,2010-06-23T13:21:00,3.75,16180,United Kingdom
513281,22644,CERAMIC CHERRY CAKE MONEY BANK,12,2010-06-23T13:21:00,1.45,16180,United Kingdom
513281,22646,CERAMIC STRAWBERRY CAKE MONEY BANK,12,2010-06-23T13:21:00,1.45,16180,United Kingdom
513281,71459,HANGING JAM JAR T-LIGHT HOLDER,12,2010-06-23T13:21:00,0.85,16180,United Kingdom
513281,84212,"ASSORTED FLOWER COLOUR ""LEIS""",24,2010-06-23T13:21:00,0.65,16180,United Kingdom
513327,11001,ASSTD DESIGN RACING CAR PEN,1,2010-06-23T17:05:00,1.69,17961,United Kingdom
513327,20974,12 PENCILS SMALL TUBE SKULL,1,2010-06-23T17:05:00,0.65,17961,United Kingdom
513327,21664,RIDGED GLASS STORAGE JAR CREAM LID,1,2010-06-23T17:05:00,3.75,17961,United Kingdom
513327,21703,BAG 125g SWIRLY MARBLES,1,2010-06-23T17:05:00,0.42,17961,United Kingdom
513327,21870,I CAN ONLY PLEASE ONE PERSON MUG,1,2010-06-23T17:05:00,1.25,17961,United Kingdom
513327,21942,SKULLS DESIGN FLANNEL,1,2010-06-23T17:05:00,0.85,17961,United Kingdom
513327,22123,PING MICROWAVE APRON,1,2010-06-23T17:05:00,5.95,17961,United Kingdom
513327,22439,6 ROCKET BALLOONS,1,2010-06-23T17:05:00,0.65,17961,United Kingdom
513327,22492,MINI PAINT SET VINTAGE,1,2010-06-23T17:05:00,0.65,17961,United Kingdom
513327,22620,4 TRADITIONAL SPINNING TOPS,1,2010-06-23T17:05:00,1.25,17961,United Kingdom
513644,21042,RED SPOTTY APRON,3,2010-06-27T15:50:00,5.95,17096,United Kingdom
513644,21210,SET OF 72 RETRO SPOT PAPER  DOILIES,12,2010-06-27T15:50:00,1.45,17096,United Kingdom
513644,21216,"SET 3 RED SPOT TIN TEA,COFFEE,SUGAR",4,2010-06-27T15:50:00,4.95,17096,United Kingdom
513644,21411,GINGHAM HEART  DOORSTOP RED,3,2010-06-27T15:50:00,4.25,17096,United Kingdom
513644,21624,VINTAGE UNION JACK DOORSTOP,3,2010-06-27T15:50:00,5.95,17096,United Kingdom
513644,21843,RED RETROSPOT CAKE STAND,4,2010-06-27T15:50:00,10.95,17096,United Kingdom
513644,22073,RED RETROSPOT STORAGE JAR,8,2010-06-27T15:50:00,3.75,17096,United Kingdom
513644,22180,RETRO SPOT LAMP,4,2010-06-27T15:50:00,9.95,17096,United Kingdom
513644,22469,HEART OF WICKER SMALL,12,2010-06-27T15:50:00,1.65,17096,United Kingdom
513644,22470,HEART OF WICKER LARGE,6,2010-06-27T15:50:00,2.95,17096,United Kingdom
513644,22501,PICNIC BASKET WICKER LARGE,2,2010-06-27T15:50:00,9.95,17096,United Kingdom
513644,22508,DOORSTOP RETROSPOT HEART,4,2010-06-27T15:50:00,3.75,17096,United Kingdom
513644,22606,WOODEN SKITTLES GARDEN SET,1,2010-06-27T15:50:00,15.95,17096,United Kingdom
513644,22607,WOODEN ROUNDERS GARDEN SET,2,2010-06-27T15:50:00,8.5,17096,United Kingdom
513644,84509A,SET OF 4 ENGLISH ROSE PLACEMATS,4,2010-06-27T15:50:00,3.75,17096,United Kingdom
513789,20704,MR ROBOT SOFT TOY,4,2010-06-28T15:22:00,6.95,12485,Sweden
513789,20705,MRS ROBOT SOFT TOY,4,2010-06-28T15:22:00,6.95,12485,Sweden
513789,20723,STRAWBERRY CHARLOTTE BAG,10,2010-06-28T15:22:00,0.85,12485,Sweden
513789,20724,RED SPOTTY CHARLOTTE BAG,20,2010-06-28T15:22:00,0.85,12485,Sweden
513789,20750,RED/WHITE DOT MINI CASES,12,2010-06-28T15:22:00,6.35,12485,Sweden
513789,21026,SPACE OWL,10,2010-06-28T15:22:00,1.25,12485,Sweden
513789,21054,NURSE'S BAG SOFT TOY,4,2010-06-28T15:22:00,8.95,12485,Sweden
513789,21055,TOOL BOX SOFT TOY,6,2010-06-28T15:22:00,8.95,12485,Sweden
513789,21080,SET/20 RED SPOTTY PAPER NAPKINS,24,2010-06-28T15:22:00,0.85,12485,Sweden
513789,21086,SET/6 RED SPOTTY PAPER CUPS,24,2010-06-28T15:22:00,0.65,12485,Sweden
513789,21094,SET/6 RED SPOTTY PAPER PLATES,24,2010-06-28T15:22:00,0.85,12485,Sweden
513789,21541,DINOSAURS WATER TRANSFER TATTOOS,12,2010-06-28T15:22:00,0.85,12485,Sweden
513789,21542,WOODLAND WATER TRANSFER TATTOOS,12,2010-06-28T15:22:00,0.85,12485,Sweden
513789,21544,SKULLS  WATER TRANSFER TATTOOS,12,2010-06-28T15:22:00,0.85,12485,Sweden
513789,21638,ASSORTED TUTTI FRUTTI NOTEBOOK,12,2010-06-28T15:22:00,2.1,12485,Sweden
513789,21647,ASSORTED TUTTI FRUTTI LARGE PURSE,12,2010-06-28T15:22:00,2.1,12485,Sweden
513789,21987,PACK OF 6 SKULL PAPER CUPS,12,2010-06-28T15:22:00,0.65,12485,Sweden
513789,21988,PACK OF 6 SKULL PAPER PLATES,12,2010-06-28T15:22:00,0.85,12485,Sweden
513789,21989,PACK OF 20 SKULL PAPER NAPKINS,12,2010-06-28T15:22:00,0.85,12485,Sweden
513789,22068,BLACK PIRATE TREASURE CHEST,12,2010-06-28T15:22:00,1.65,12485,Sweden
513789,22083,PAPER CHAIN KIT RETRO SPOT,6,2010-06-28T15:22:00,2.95,12485,Sweden
513789,22090,PAPER BUNTING RETRO SPOTS,18,2010-06-28T15:22:00,2.95,12485,Sweden
513789,22272,FELTCRAFT DOLL MARIA,6,2010-06-28T15:22:00,2.95,12485,Sweden
513789,22273,FELTCRAFT DOLL MOLLY,12,2010-06-28T15:22:00,2.95,12485,Sweden
513789,22355,CHARLOTTE BAG SUKI DESIGN,10,2010-06-28T15:22:00,0.85,12485,Sweden
513789,22356,CHARLOTTE BAG PINK WITH WHITE SPOTS,20,2010-06-28T15:22:00,0.85,12485,Sweden
513789,84270,ASSTD DESIGN BUBBLE GUM RING,30,2010-06-28T15:22:00,0.21,12485,Sweden
513789,85089,CANDY SPOT BUNNY,6,2010-06-28T15:22:00,2.95,12485,Sweden
513789,85099B,JUMBO BAG RED RETROSPOT,10,2010-06-28T15:22:00,1.95,12485,Sweden
513789,85099F,JUMBO BAG STRAWBERRY,10,2010-06-28T15:22:00,1.95,12485,Sweden
513789,85184C,S/4 VALENTINE DECOUPAGE HEART BOX,6,2010-06-28T15:22:00,2.95,12485,Sweden
513789,85184D,S/4 BLUE ROUND DECOUPAGE BOXES,6,2010-06-28T15:22:00,2.95,12485,Sweden
513789,85216,ASSORTED CAKES FRIDGE MAGNETS,12,2010-06-28T15:22:00,0.65,12485,Sweden
513789,85217,ASSORTED ICE CREAM FRIDGE MAGNETS,12,2010-06-28T15:22:00,0.65,12485,Sweden
514333,72760B,VINTAGE CREAM 3 BASKET CAKE STAND,4,2010-07-01T14:30:00,9.95,14849,United Kingdom
514966,21508,VINTAGE KID DOLLY CARD,12,2010-07-07T12:13:00,0.42,14770,United Kingdom
514966,21509,COWBOYS AND INDIANS BIRTHDAY CARD,12,2010-07-07T12:13:00,0.42,14770,United Kingdom
514966,21733,RED HANGING HEART T-LIGHT HOLDER,6,2010-07-07T12:13:00,2.95,14770,United Kingdom
514966,22037,ROBOT BIRTHDAY CARD,12,2010-07-07T12:13:00,0.42,14770,United Kingdom
514966,22215,CAKE STAND WHITE TWO TIER LACE,4,2010-07-07T12:13:00,8.5,14770,United Kingdom
514966,22220,CAKE STAND LOVEBIRD 2 TIER WHITE,4,2010-07-07T12:13:00,9.95,14770,United Kingdom
514966,22236,CAKE STAND 3 TIER MAGIC GARDEN,2,2010-07-07T12:13:00,12.75,14770,United Kingdom
514966,84279P,CHERRY BLOSSOM  DECORATIVE FLASK,4,2010-07-07T12:13:00,3.75,14770,United Kingdom
514966,85123A,WHITE HANGING HEART T-LIGHT HOLDER,6,2010-07-07T12:13:00,2.95,14770,United Kingdom
515782,21843,RED RETROSPOT CAKE STAND,1,2010-07-14T15:34:00,10.95,16172,United Kingdom
515822,85017A,,-11,2010-07-15T10:03:00,0,,United Kingdom
515842,20982,12 PENCILS TALL TUBE SKULLS,20,2010-07-15T11:20:00,0.85,16883,United Kingdom
515842,21843,RED RETROSPOT CAKE STAND,1,2010-07-15T11:20:00,10.95,16883,United Kingdom
515842,22178,VICTORIAN GLASS HANGING T-LIGHT,42,2010-07-15T11:20:00,1.25,16883,United Kingdom
515842,22222,CAKE PLATE LOVEBIRD WHITE,1,2010-07-15T11:20:00,4.95,16883,United Kingdom
515842,22332,SKULLS PARTY BAG + STICKER SET,4,2010-07-15T11:20:00,1.65,16883,United Kingdom
515842,22423,REGENCY CAKESTAND 3 TIER,4,2010-07-15T11:20:00,12.75,16883,United Kingdom
515842,22437,SET OF 9 BLACK SKULL BALLOONS,3,2010-07-15T11:20:00,0.85,16883,United Kingdom
515952,21114,LAVENDER SCENTED FABRIC HEART,10,2010-07-15T18:22:00,1.25,16435,United Kingdom
515952,21207,SKULL AND CROSSBONES  GARLAND,5,2010-07-15T18:22:00,1.65,16435,United Kingdom
515952,21544,SKULLS  WATER TRANSFER TATTOOS,1,2010-07-15T18:22:00,0.85,16435,United Kingdom
515952,22149,FELTCRAFT 6 FLOWER FRIENDS,6,2010-07-15T18:22:00,2.1,16435,United Kingdom
515952,22165,"DIAMANTE HEART SHAPED WALL MIRROR,",1,2010-07-15T18:22:00,12.75,16435,United Kingdom
515952,22327,ROUND SNACK BOXES SET OF 4 SKULLS,1,2010-07-15T18:22:00,2.95,16435,United Kingdom
515952,22553,PLASTERS IN TIN SKULLS,5,2010-07-15T18:22:00,1.65,16435,United Kingdom
515952,48116,DOORMAT MULTICOLOUR STRIPE,2,2010-07-15T18:22:00,7.49,16435,United Kingdom
516456,21558,SKULL LUNCHBOX WITH CUTLERY,6,2010-07-20T13:36:00,2.55,14292,United Kingdom
516473,21545,damages,-30,2010-07-20T15:56:00,0,,United Kingdom
516872,20685,DOORMAT RED SPOT,2,2010-07-23T12:59:00,7.49,13874,United Kingdom
516872,20717,STRAWBERRY SHOPPER BAG,20,2010-07-23T12:59:00,1.25,13874,United Kingdom
516872,20718,RED SPOTTY SHOPPER BAG,20,2010-07-23T12:59:00,1.25,13874,United Kingdom
516872,21524,DOORMAT SPOTTY HOME SWEET HOME,2,2010-07-23T12:59:00,7.49,13874,United Kingdom
516872,48111,DOORMAT 3 SMILEY CATS,2,2010-07-23T12:59:00,7.49,13874,United Kingdom
516872,48189,DOORMAT FRIENDSHIP,2,2010-07-23T12:59:00,7.49,13874,United Kingdom
516872,84406B,CREAM CUPID HEARTS COAT HANGER,16,2010-07-23T12:59:00,3.25,13874,United Kingdom
516872,84792,ENCHANTED BIRD COATHANGER 5 HOOK,8,2010-07-23T12:59:00,4.65,13874,United Kingdom
516872,84836,ZINC METAL HEART DECORATION,12,2010-07-23T12:59:00,1.25,13874,United Kingdom
516872,85066,CREAM SWEETHEART MINI CHEST,2,2010-07-23T12:59:00,12.75,13874,United Kingdom
516872,85099B,JUMBO BAG RED RETROSPOT,20,2010-07-23T12:59:00,1.95,13874,United Kingdom
516872,85099F,JUMBO BAG STRAWBERRY,20,2010-07-23T12:59:00,1.95,13874,United Kingdom
516872,85123A,WHITE HANGING HEART T-LIGHT HOLDER,32,2010-07-23T12:59:00,2.55,13874,United Kingdom
516928,20975,12 PENCILS SMALL TUBE RED SPOTTY,48,2010-07-25T12:44:00,0.65,15431,United Kingdom
516928,22070,SMALL RED RETROSPOT MUG IN BOX,36,2010-07-25T12:44:00,3.39,15431,United Kingdom
516969,22296,HEART IVORY TRELLIS LARGE,12,2010-07-26T10:06:00,1.65,17494,United Kingdom
516969,37449,CERAMIC CAKE STAND + HANGING CAKES,2,2010-07-26T10:06:00,9.95,17494,United Kingdom
516969,84836,ZINC METAL HEART DECORATION,12,2010-07-26T10:06:00,1.25,17494,United Kingdom
517055,21448,12 DAISY PEGS IN WOOD BOX,12,2010-07-26T12:57:00,1.65,16558,United Kingdom
517055,22169,FAMILY ALBUM WHITE PICTURE FRAME,2,2010-07-26T12:57:00,8.5,16558,United Kingdom
517055,22423,REGENCY CAKESTAND 3 TIER,2,2010-07-26T12:57:00,12.75,16558,United Kingdom
517055,22502,PICNIC BASKET WICKER SMALL,4,2010-07-26T12:57:00,4.25,16558,United Kingdom
517055,22661,CHARLOTTE BAG DOLLY GIRL DESIGN,10,2010-07-26T12:57:00,0.85,16558,United Kingdom
517055,22663,JUMBO BAG DOLLY GIRL DESIGN,10,2010-07-26T12:57:00,1.95,16558,United Kingdom
517055,85099B,JUMBO BAG RED RETROSPOT,10,2010-07-26T12:57:00,1.95,16558,United Kingdom
517055,85124A,PINK JUICY FRUIT PHOTO FRAME,6,2010-07-26T12:57:00,2.55,16558,United Kingdom
517055,85124C,GREEN JUICY FRUIT PHOTO FRAME,6,2010-07-26T12:57:00,2.55,16558,United Kingdom
517239,15056N,EDWARDIAN PARASOL NATURAL,3,2010-07-27T14:08:00,5.95,15373,United Kingdom
517239,21198,WHITE HEART CONFETTI IN TUBE,1,2010-07-27T14:08:00,1.65,15373,United Kingdom
517239,21199,PINK  HEART CONFETTI IN TUBE,1,2010-07-27T14:08:00,1.65,15373,United Kingdom
517239,21422,PORCELAIN ROSE SMALL,8,2010-07-27T14:08:00,0.85,15373,United Kingdom
517239,21445,12 PINK ROSE PEG PLACE SETTINGS,2,2010-07-27T14:08:00,1.25,15373,United Kingdom
517239,21447,12 IVORY ROSE PEG PLACE SETTINGS,2,2010-07-27T14:08:00,1.25,15373,United Kingdom
517239,21523,DOORMAT FANCY FONT HOME SWEET HOME,1,2010-07-27T14:08:00,7.49,15373,United Kingdom
517239,21622,VINTAGE UNION JACK CUSHION COVER,2,2010-07-27T14:08:00,4.95,15373,United Kingdom
517239,21625,VINTAGE UNION JACK APRON,2,2010-07-27T14:08:00,6.95,15373,United Kingdom
517239,21843,RED RETROSPOT CAKE STAND,2,2010-07-27T14:08:00,10.95,15373,United Kingdom
517239,21955,DOORMAT UNION JACK GUNS AND ROSES,2,2010-07-27T14:08:00,7.49,15373,United Kingdom
517239,22087,PAPER BUNTING WHITE LACE,2,2010-07-27T14:08:00,2.95,15373,United Kingdom
517239,22090,PAPER BUNTING RETRO SPOTS,6,2010-07-27T14:08:00,2.95,15373,United Kingdom
517239,22131,FOOD CONTAINER SET 3 LOVE HEART,2,2010-07-27T14:08:00,1.95,15373,United Kingdom
517239,22151,PLACE SETTING WHITE HEART,12,2010-07-27T14:08:00,0.42,15373,United Kingdom
517239,22178,VICTORIAN GLASS HANGING T-LIGHT,6,2010-07-27T14:08:00,1.25,15373,United Kingdom
517239,22423,REGENCY CAKESTAND 3 TIER,3,2010-07-27T14:08:00,12.75,15373,United Kingdom
517239,84978,HANGING HEART JAR T-LIGHT HOLDER,6,2010-07-27T14:08:00,1.25,15373,United Kingdom
517239,85062,PEARL CRYSTAL PUMPKIN T-LIGHT HLDR,6,2010-07-27T14:08:00,1.65,15373,United Kingdom
517269,22064,PINK DOUGHNUT TRINKET POT,12,2010-07-28T09:24:00,1.65,17470,United Kingdom
517269,37449,CERAMIC CAKE STAND + HANGING CAKES,8,2010-07-28T09:24:00,8.5,17470,United Kingdom
517269,72008,FROSTED BOX 9 WHITE T-LIGHT CANDLES,12,2010-07-28T09:24:00,0.42,17470,United Kingdom
517269,85071B,RED CHARLIE+LOLA PERSONAL DOORSIGN,96,2010-07-28T09:24:00,0.38,17470,United Kingdom
517546,22629,SPACEBOY LUNCH BOX,1,2010-07-29T17:03:00,1.95,,United Kingdom
517546,22659,LUNCH BOX I LOVE LONDON,1,2010-07-29T17:03:00,1.95,,United Kingdom
517546,72800B,S/4 PURPLE DINNER CANDLE BLK FLOCK,1,2010-07-29T17:03:00,2.55,,United Kingdom
518282,22472,TV DINNER TRAY DOLLY GIRL,1,2010-08-06T10:30:00,4.95,,United Kingdom
518282,22474,SPACEBOY TV DINNER TRAY,1,2010-08-06T10:30:00,4.95,,United Kingdom
518282,22530,MAGIC DRAWING SLATE DOLLY GIRL,1,2010-08-06T10:30:00,0.42,,United Kingdom
518282,22534,MAGIC DRAWING SLATE SPACEBOY,1,2010-08-06T10:30:00,0.42,,United Kingdom
518282,22539,MINI JIGSAW DOLLY GIRL,1,2010-08-06T10:30:00,0.42,,United Kingdom
518282,22544,MINI JIGSAW SPACEBOY,1,2010-08-06T10:30:00,0.42,,United Kingdom
518282,22630,DOLLY GIRL LUNCH BOX,1,2010-08-06T10:30:00,1.95,,United Kingdom
518282,22634,CHILDS BREAKFAST SET SPACEBOY,1,2010-08-06T10:30:00,9.95,,United Kingdom
518282,22635,CHILDS BREAKFAST SET DOLLY GIRL,1,2010-08-06T10:30:00,9.95,,United Kingdom
518282,22662,LUNCH BAG DOLLY GIRL DESIGN,1,2010-08-06T10:30:00,1.65,,United Kingdom
518282,22664,TOY TIDY DOLLY GIRL DESIGN,1,2010-08-06T10:30:00,2.1,,United Kingdom
518377,35004B,SET OF 3 BLACK FLYING DUCKS,48,2010-08-08T10:51:00,4.65,12980,United Kingdom
518377,35004C,SET OF 3 COLOURED  FLYING DUCKS,48,2010-08-08T10:51:00,4.65,12980,United Kingdom
518377,84078A,SET/4 WHITE RETRO STORAGE CUBES,20,2010-08-08T10:51:00,34.95,12980,United Kingdom
518512,21733,RED HANGING HEART T-LIGHT HOLDER,32,2010-08-09T15:03:00,2.55,17790,United Kingdom
518512,22156,HEART DECORATION WITH PEARLS,5,2010-08-09T15:03:00,0.85,17790,United Kingdom
518512,22189,CREAM HEART CARD HOLDER,2,2010-08-09T15:03:00,3.95,17790,United Kingdom
518512,22219,LOVEBIRD HANGING DECORATION WHITE,5,2010-08-09T15:03:00,0.85,17790,United Kingdom
518512,22219,LOVEBIRD HANGING DECORATION WHITE,6,2010-08-09T15:03:00,0.85,17790,United Kingdom
518512,22295,HEART FILIGREE DOVE LARGE,5,2010-08-09T15:03:00,1.65,17790,United Kingdom
518790,16161U,WRAP SUKI AND FRIENDS,25,2010-08-12T09:41:00,0.42,17612,United Kingdom
518790,20685,DOORMAT RED SPOT,2,2010-08-12T09:41:00,7.49,17612,United Kingdom
518790,20703,BLUE PADDED SOFT MOBILE,3,2010-08-12T09:41:00,4.25,17612,United Kingdom
518790,21071,VINTAGE BILLBOARD DRINK ME MUG,24,2010-08-12T09:41:00,1.25,17612,United Kingdom
518790,21080,SET/20 RED SPOTTY PAPER NAPKINS,12,2010-08-12T09:41:00,0.85,17612,United Kingdom
518790,21668,RED STRIPE CERAMIC DRAWER KNOB,12,2010-08-12T09:41:00,1.25,17612,United Kingdom
518790,21673,WHITE SPOT BLUE CERAMIC DRAWER KNOB,12,2010-08-12T09:41:00,1.25,17612,United Kingdom
518790,21876,POTTERING MUG,12,2010-08-12T09:41:00,1.25,17612,United Kingdom
518790,22079,RIBBON REEL HEARTS DESIGN,10,2010-08-12T09:41:00,1.65,17612,United Kingdom
518790,22194,BLACK DINER WALL CLOCK,2,2010-08-12T09:41:00,8.5,17612,United Kingdom
518790,22300,COFFEE MUG DOG + BALL DESIGN,6,2010-08-12T09:41:00,2.55,17612,United Kingdom
518790,22301,COFFEE MUG CAT + BIRD DESIGN,6,2010-08-12T09:41:00,2.55,17612,United Kingdom
518790,22366,DOORMAT AIRMAIL,2,2010-08-12T09:41:00,7.49,17612,United Kingdom
518790,22528,GARDENERS KNEELING PAD,12,2010-08-12T09:41:00,1.25,17612,United Kingdom
518790,22668,PINK BABY BUNTING,5,2010-08-12T09:41:00,2.95,17612,United Kingdom
518790,47590B,PINK HAPPY BIRTHDAY BUNTING,3,2010-08-12T09:41:00,5.45,17612,United Kingdom
518790,48187,DOORMAT NEW ENGLAND,2,2010-08-12T09:41:00,7.49,17612,United Kingdom
518790,84520B,PACK 20 ENGLISH ROSE PAPER NAPKINS,12,2010-08-12T09:41:00,0.85,17612,United Kingdom
518790,85042,ANTIQUE LILY FAIRY LIGHTS,4,2010-08-12T09:41:00,4.95,17612,United Kingdom
518790,85217,ASSORTED ICE CREAM FRIDGE MAGNETS,12,2010-08-12T09:41:00,0.65,17612,United Kingdom
518931,37441,,3,2010-08-12T14:43:00,0,,United Kingdom
519258,21218,RED SPOTTY BISCUIT TIN,24,2010-08-15T15:45:00,3.25,16701,United Kingdom
519258,21463,MIRRORED DISCO BALL,16,2010-08-15T15:45:00,4.95,16701,United Kingdom
519258,21541,DINOSAURS WATER TRANSFER TATTOOS,24,2010-08-15T15:45:00,0.85,16701,United Kingdom
519258,21544,SKULLS  WATER TRANSFER TATTOOS,24,2010-08-15T15:45:00,0.85,16701,United Kingdom
519258,21829,DINOSAUR KEYRINGS ASSORTED,108,2010-08-15T15:45:00,0.21,16701,United Kingdom
519258,21829,DINOSAUR KEYRINGS ASSORTED,36,2010-08-15T15:45:00,0.21,16701,United Kingdom
519258,21877,HOME SWEET HOME MUG,72,2010-08-15T15:45:00,1.06,16701,United Kingdom
519258,22348,TEA BAG PLATE RED SPOTTY,24,2010-08-15T15:45:00,0.85,16701,United Kingdom
519258,48194,DOORMAT HEARTS,10,2010-08-15T15:45:00,6.35,16701,United Kingdom
519382,20676,RED SPOTTY BOWL,8,2010-08-16T13:38:00,1.25,16278,United Kingdom
519382,21380,WOODEN HAPPY BIRTHDAY GARLAND,6,2010-08-16T13:38:00,2.95,16278,United Kingdom
519382,21843,RED RETROSPOT CAKE STAND,3,2010-08-16T13:38:00,10.95,16278,United Kingdom
519382,22055,MINI CAKE STAND  HANGING STRAWBERY,8,2010-08-16T13:38:00,1.65,16278,United Kingdom
519382,22057,CERAMIC PLATE STRAWBERRY DESIGN,12,2010-08-16T13:38:00,1.49,16278,United Kingdom
519382,22060,LARGE CAKE STAND HANGING HEARTS,2,2010-08-16T13:38:00,9.95,16278,United Kingdom
519382,22061,LARGE CAKE STAND  HANGING STRAWBERY,2,2010-08-16T13:38:00,9.95,16278,United Kingdom
519382,22063,CERAMIC BOWL WITH STRAWBERRY DESIGN,6,2010-08-16T13:38:00,2.95,16278,United Kingdom
519382,22218,CAKE STAND LACE WHITE,3,2010-08-16T13:38:00,4.25,16278,United Kingdom
519382,22236,CAKE STAND 3 TIER MAGIC GARDEN,1,2010-08-16T13:38:00,12.75,16278,United Kingdom
519382,22423,REGENCY CAKESTAND 3 TIER,2,2010-08-16T13:38:00,12.75,16278,United Kingdom
519382,22627,MINT KITCHEN SCALES,2,2010-08-16T13:38:00,8.5,16278,United Kingdom
519382,22635,CHILDS BREAKFAST SET DOLLY GIRL,2,2010-08-16T13:38:00,9.95,16278,United Kingdom
519382,37447,CERAMIC CAKE DESIGN SPOTTED PLATE,12,2010-08-16T13:38:00,1.49,16278,United Kingdom
519382,37500,TEA TIME TEAPOT IN GIFT BOX,2,2010-08-16T13:38:00,9.95,16278,United Kingdom
519382,47590B,PINK HAPPY BIRTHDAY BUNTING,3,2010-08-16T13:38:00,5.45,16278,United Kingdom
519468,20972,PINK CREAM FELT CRAFT TRINKET BOX,144,2010-08-17T11:52:00,0.89,18102,United Kingdom
519468,21117,BLOND DOLL DOORSTOP,96,2010-08-17T11:52:00,1.98,18102,United Kingdom
519468,21249,WOODLAND  HEIGHT CHART STICKERS,120,2010-08-17T11:52:00,1.66,18102,United Kingdom
519468,21250,SET OF SKULL WALL STICKERS,120,2010-08-17T11:52:00,1.66,18102,United Kingdom
519468,21251,DINOSAUR HEIGHT CHART STICKER SET,120,2010-08-17T11:52:00,1.66,18102,United Kingdom
519468,22149,FELTCRAFT 6 FLOWER FRIENDS,80,2010-08-17T11:52:00,1.66,18102,United Kingdom
519468,22165,"DIAMANTE HEART SHAPED WALL MIRROR,",96,2010-08-17T11:52:00,6.76,18102,United Kingdom
519468,22271,FELTCRAFT DOLL ROSIE,48,2010-08-17T11:52:00,1.97,18102,United Kingdom
519468,22272,FELTCRAFT DOLL MARIA,48,2010-08-17T11:52:00,1.97,18102,United Kingdom
519468,22505,MEMO BOARD COTTAGE DESIGN,120,2010-08-17T11:52:00,3.86,18102,United Kingdom
519468,22513,DOORSTOP FOOTBALL DESIGN,96,2010-08-17T11:52:00,1.98,18102,United Kingdom
519468,22569,FELTCRAFT CUSHION BUTTERFLY,96,2010-08-17T11:52:00,2.47,18102,United Kingdom
519888,21591,COSY HOUR CIGAR BOX MATCHES,6,2010-08-22T12:12:00,1.25,16814,United Kingdom
519888,21777,RECIPE BOX WITH METAL HEART,2,2010-08-22T12:12:00,7.95,16814,United Kingdom
519888,21777,RECIPE BOX WITH METAL HEART,2,2010-08-22T12:12:00,7.95,16814,United Kingdom
519888,21781,MA CAMPAGNE CUTLERY BOX,4,2010-08-22T12:12:00,14.95,16814,United Kingdom
519888,21790,VINTAGE SNAP CARDS,3,2010-08-22T12:12:00,0.85,16814,United Kingdom
519888,21889,WOODEN BOX OF DOMINOES,3,2010-08-22T12:12:00,1.25,16814,United Kingdom
519888,22121,NOEL WOODEN BLOCK LETTERS,2,2010-08-22T12:12:00,5.95,16814,United Kingdom
519888,22155,STAR DECORATION RUSTIC,2,2010-08-22T12:12:00,0.42,16814,United Kingdom
519888,22156,HEART DECORATION WITH PEARLS,2,2010-08-22T12:12:00,0.85,16814,United Kingdom
519888,22158,3 HEARTS HANGING DECORATION RUSTIC,8,2010-08-22T12:12:00,2.95,16814,United Kingdom
519888,22294,HEART FILIGREE DOVE  SMALL,24,2010-08-22T12:12:00,1.25,16814,United Kingdom
519888,22303,COFFEE MUG APPLES DESIGN,6,2010-08-22T12:12:00,2.55,16814,United Kingdom
519888,22304,COFFEE MUG BLUE PAISLEY DESIGN,6,2010-08-22T12:12:00,2.55,16814,United Kingdom
519888,22305,COFFEE MUG PINK PAISLEY DESIGN,6,2010-08-22T12:12:00,2.55,16814,United Kingdom
519888,22457,NATURAL SLATE HEART CHALKBOARD,12,2010-08-22T12:12:00,2.95,16814,United Kingdom
519888,22573,STAR WOODEN CHRISTMAS DECORATION,2,2010-08-22T12:12:00,0.85,16814,United Kingdom
519888,22574,HEART WOODEN CHRISTMAS DECORATION,2,2010-08-22T12:12:00,0.85,16814,United Kingdom
519888,22575,METAL MERRY CHRISTMAS WREATH,8,2010-08-22T12:12:00,1.95,16814,United Kingdom
519888,22576,SWALLOW WOODEN CHRISTMAS DECORATION,2,2010-08-22T12:12:00,0.85,16814,United Kingdom
519888,22578,WOODEN STAR CHRISTMAS SCANDINAVIAN,2,2010-08-22T12:12:00,0.85,16814,United Kingdom
519888,22579,WOODEN TREE CHRISTMAS SCANDINAVIAN,2,2010-08-22T12:12:00,0.85,16814,United Kingdom
519888,22581,WOOD STOCKING CHRISTMAS SCANDISPOT,2,2010-08-22T12:12:00,0.85,16814,United Kingdom
519888,22620,4 TRADITIONAL SPINNING TOPS,3,2010-08-22T12:12:00,1.25,16814,United Kingdom
519888,22690,DOORMAT HOME SWEET HOME BLUE,10,2010-08-22T12:12:00,6.35,16814,United Kingdom
519888,35958,FOLKART ZINC STAR CHRISTMAS DEC,2,2010-08-22T12:12:00,0.85,16814,United Kingdom
519888,35961,FOLKART ZINC HEART CHRISTMAS DEC,2,2010-08-22T12:12:00,0.85,16814,United Kingdom
519888,35962,12 ASS ZINC CHRISTMAS DECORATIONS,2,2010-08-22T12:12:00,2.1,16814,United Kingdom
519888,71038,WHITE HANGING BEADS CANDLE HOLDER,4,2010-08-22T12:12:00,5.45,16814,United Kingdom
519888,82482,WOODEN PICTURE FRAME WHITE FINISH,6,2010-08-22T12:12:00,2.55,16814,United Kingdom
519888,82494L,WOODEN FRAME ANTIQUE WHITE,6,2010-08-22T12:12:00,2.95,16814,United Kingdom
519888,84406B,CREAM CUPID HEARTS COAT HANGER,4,2010-08-22T12:12:00,3.25,16814,United Kingdom
519888,84832,ZINC WILLIE WINKIE  CANDLE STICK,2,2010-08-22T12:12:00,0.85,16814,United Kingdom
519994,21768,WALL MOUNTED VINTAGE ORGANISER,1,2010-08-23T11:31:00,14.95,14249,United Kingdom
519994,22639,SET OF 4 NAPKIN CHARMS HEARTS,6,2010-08-23T11:31:00,2.55,14249,United Kingdom
519994,22643,SET OF 4 NAPKIN CHARMS LEAVES,6,2010-08-23T11:31:00,2.55,14249,United Kingdom
519994,85064,CREAM SWEETHEART LETTER RACK,2,2010-08-23T11:31:00,5.45,14249,United Kingdom
520486,22300,,-200,2010-08-26T11:57:00,0,,United Kingdom
520654,16156S,WRAP PINK FAIRY CAKES,25,2010-08-27T12:32:00,0.42,15358,United Kingdom
520654,16236,KITTY PENCIL ERASERS,28,2010-08-27T12:32:00,0.21,15358,United Kingdom
520654,20967,GREY FLORAL FELTCRAFT SHOULDER BAG,8,2010-08-27T12:32:00,3.75,15358,United Kingdom
520654,20971,PINK BLUE FELT CRAFT TRINKET BOX,12,2010-08-27T12:32:00,1.25,15358,United Kingdom
520654,20972,PINK CREAM FELT CRAFT TRINKET BOX,12,2010-08-27T12:32:00,1.25,15358,United Kingdom
520654,21504,SKULLS GREETING CARD,12,2010-08-27T12:32:00,0.42,15358,United Kingdom
520654,21770,OPEN CLOSED METAL SIGN,2,2010-08-27T12:32:00,4.95,15358,United Kingdom
520654,22024,RAINY LADIES BIRTHDAY CARD,12,2010-08-27T12:32:00,0.42,15358,United Kingdom
520654,22028,PENNY FARTHING BIRTHDAY CARD,12,2010-08-27T12:32:00,0.42,15358,United Kingdom
520654,22029,SPACEBOY BIRTHDAY CARD,12,2010-08-27T12:32:00,0.42,15358,United Kingdom
520654,22030,SWALLOWS GREETING CARD,12,2010-08-27T12:32:00,0.42,15358,United Kingdom
520654,22037,ROBOT BIRTHDAY CARD,12,2010-08-27T12:32:00,0.42,15358,United Kingdom
520654,22077,6 RIBBONS RUSTIC CHARM,12,2010-08-27T12:32:00,1.65,15358,United Kingdom
520654,22079,RIBBON REEL HEARTS DESIGN,20,2010-08-27T12:32:00,1.65,15358,United Kingdom
520654,22081,RIBBON REEL FLORA + FAUNA,10,2010-08-27T12:32:00,1.65,15358,United Kingdom
520654,22087,PAPER BUNTING WHITE LACE,12,2010-08-27T12:32:00,2.95,15358,United Kingdom
520654,22088,PAPER BUNTING COLOURED LACE,12,2010-08-27T12:32:00,2.95,15358,United Kingdom
520654,22149,FELTCRAFT 6 FLOWER FRIENDS,6,2010-08-27T12:32:00,2.1,15358,United Kingdom
520654,22273,FELTCRAFT DOLL MOLLY,6,2010-08-27T12:32:00,2.95,15358,United Kingdom
520654,22417,PACK OF 60 SPACEBOY CAKE CASES,24,2010-08-27T12:32:00,0.55,15358,United Kingdom
520654,22570,FELTCRAFT CUSHION RABBIT,4,2010-08-27T12:32:00,3.75,15358,United Kingdom
520654,22617,BAKING SET SPACEBOY DESIGN,3,2010-08-27T12:32:00,4.95,15358,United Kingdom
520654,84247L,FAWN AND MUSHROOM GREETING CARD,12,2010-08-27T12:32:00,0.42,15358,United Kingdom
520654,84375,SET OF 20 KIDS COOKIE CUTTERS,12,2010-08-27T12:32:00,1.95,15358,United Kingdom
520654,84378,SET OF 3 HEART COOKIE CUTTERS,12,2010-08-27T12:32:00,1.25,15358,United Kingdom
520654,84991,60 TEATIME FAIRY CAKE CASES,24,2010-08-27T12:32:00,0.55,15358,United Kingdom
520654,85049B,LUSH GREENS RIBBONS,12,2010-08-27T12:32:00,1.25,15358,United Kingdom
520654,85049C,ROMANTIC PINKS RIBBONS,12,2010-08-27T12:32:00,1.25,15358,United Kingdom
520654,85178,VICTORIAN SEWING KIT,12,2010-08-27T12:32:00,1.25,15358,United Kingdom
520654,85226C,BLUE PULL BACK RACING CAR,12,2010-08-27T12:32:00,0.55,15358,United Kingdom
520654,85232B,SET OF 3 BABUSHKA STACKING TINS,3,2010-08-27T12:32:00,4.95,15358,United Kingdom
521003,21136,PAINTED METAL PEARS ASSORTED,16,2010-09-01T13:58:00,1.69,13989,United Kingdom
521003,84879,ASSORTED COLOUR BIRD ORNAMENT,16,2010-09-01T13:58:00,1.69,13989,United Kingdom
521004,21928,JUMBO BAG SCANDINAVIAN PAISLEY,10,2010-09-01T13:59:00,1.95,13399,United Kingdom
521004,21929,JUMBO BAG PINK VINTAGE PAISLEY,10,2010-09-01T13:59:00,1.95,13399,United Kingdom
521004,22386,JUMBO BAG PINK WITH WHITE SPOTS,10,2010-09-01T13:59:00,1.95,13399,United Kingdom
521004,22411,JUMBO SHOPPER VINTAGE RED PAISLEY,10,2010-09-01T13:59:00,1.95,13399,United Kingdom
521004,85099F,JUMBO BAG STRAWBERRY,10,2010-09-01T13:59:00,1.95,13399,United Kingdom
521124,21363,HOME SMALL WOOD LETTERS,6,2010-09-02T12:16:00,4.95,16993,United Kingdom
521124,82482,WOODEN PICTURE FRAME WHITE FINISH,6,2010-09-02T12:16:00,2.55,16993,United Kingdom
521124,82483,WOOD 2 DRAWER CABINET WHITE FINISH,8,2010-09-02T12:16:00,5.95,16993,United Kingdom
521124,82486,WOOD S/3 CABINET ANT WHITE FINISH,12,2010-09-02T12:16:00,6.95,16993,United Kingdom
521124,82494L,WOODEN FRAME ANTIQUE WHITE,24,2010-09-02T12:16:00,2.55,16993,United Kingdom
521124,84836,ZINC METAL HEART DECORATION,12,2010-09-02T12:16:00,1.25,16993,United Kingdom
521124,84839,SWEETHEART KEY CABINET,20,2010-09-02T12:16:00,5.55,16993,United Kingdom
521124,84840,SWEETHEART CARRY-ALL BASKET,8,2010-09-02T12:16:00,7.65,16993,United Kingdom
521124,84968A,SET OF 16 VINTAGE ROSE CUTLERY,24,2010-09-02T12:16:00,10.95,16993,United Kingdom
521124,84968E,SET OF 16 VINTAGE BLACK CUTLERY,6,2010-09-02T12:16:00,12.75,16993,United Kingdom
521124,85063,CREAM SWEETHEART MAGAZINE RACK,6,2010-09-02T12:16:00,14.95,16993,United Kingdom
521124,85064,CREAM SWEETHEART LETTER RACK,16,2010-09-02T12:16:00,4.65,16993,United Kingdom
521124,85065,CREAM SWEETHEART TRAYS,10,2010-09-02T12:16:00,9.95,16993,United Kingdom
521124,85066,CREAM SWEETHEART MINI CHEST,12,2010-09-02T12:16:00,12.75,16993,United Kingdom
521124,85067,CREAM SWEETHEART WALL CABINET,3,2010-09-02T12:16:00,16.95,16993,United Kingdom
521312,20712,JUMBO BAG WOODLAND ANIMALS,100,2010-09-03T11:54:00,1.95,12939,United Kingdom
521593,20829,GLITTER HANGING BUTTERFLY STRING,8,2010-09-07T12:38:00,2.1,15289,United Kingdom
521593,20971,PINK BLUE FELT CRAFT TRINKET BOX,12,2010-09-07T12:38:00,1.25,15289,United Kingdom
521593,21067,VINTAGE RED TEATIME MUG,36,2010-09-07T12:38:00,0.38,15289,United Kingdom
521593,21875,KINGS CHOICE MUG,12,2010-09-07T12:38:00,1.25,15289,United Kingdom
521593,22084,PAPER CHAIN KIT EMPIRE,6,2010-09-07T12:38:00,2.95,15289,United Kingdom
521593,22086,PAPER CHAIN KIT 50'S CHRISTMAS,6,2010-09-07T12:38:00,2.95,15289,United Kingdom
521593,22196,SMALL HEART MEASURING SPOONS,12,2010-09-07T12:38:00,0.85,15289,United Kingdom
521593,72741,GRAND CHOCOLATECANDLE,9,2010-09-07T12:38:00,1.45,15289,United Kingdom
521593,84625D,WHITE NEWBAROQUE CANDLESTICK CANDLE,24,2010-09-07T12:38:00,0.85,15289,United Kingdom
521593,84748,FOLK FELT HANGING MULTICOL GARLAND,24,2010-09-07T12:38:00,0.85,15289,United Kingdom
521593,85175,CACTI T-LIGHT CANDLES,128,2010-09-07T12:38:00,0.42,15289,United Kingdom
521932,17129F,BLUE GLASS GEMS IN BAG,5,2010-09-09T15:49:00,1.66,,United Kingdom
521932,20676,RED SPOTTY BOWL,4,2010-09-09T15:49:00,2.51,,United Kingdom
521932,20712,JUMBO BAG WOODLAND ANIMALS,1,2010-09-09T15:49:00,4.21,,United Kingdom
521932,20718,RED SPOTTY SHOPPER BAG,1,2010-09-09T15:49:00,2.51,,United Kingdom
521932,20727,LUNCH BAG  BLACK SKULL.,1,2010-09-09T15:49:00,4.21,,United Kingdom
521932,20829,GLITTER HANGING BUTTERFLY STRING,1,2010-09-09T15:49:00,4.21,,United Kingdom
521932,20914,SET/5 RED SPOTTY LID GLASS BOWLS,2,2010-09-09T15:49:00,5.91,,United Kingdom
521932,20973,12 PENCIL SMALL TUBE WOODLAND,3,2010-09-09T15:49:00,1.28,,United Kingdom
521932,20974,12 PENCILS SMALL TUBE SKULL,3,2010-09-09T15:49:00,1.28,,United Kingdom
521932,20977,36 PENCILS TUBE WOODLAND,1,2010-09-09T15:49:00,2.51,,United Kingdom
521932,20978,36 PENCILS TUBE SKULLS,1,2010-09-09T15:49:00,2.51,,United Kingdom
521932,21002,ROSE DU SUD DRAWSTRING BAG,1,2010-09-09T15:49:00,3.36,,United Kingdom
521932,21035,SET/2 RED SPOTTY TEA TOWELS,1,2010-09-09T15:49:00,5.91,,United Kingdom
521932,21067,VINTAGE RED TEATIME MUG,10,2010-09-09T15:49:00,2.51,,United Kingdom
521932,21069,VINTAGE BILLBOARD TEA MUG,10,2010-09-09T15:49:00,2.51,,United Kingdom
521932,21094,SET/6 RED SPOTTY PAPER PLATES,10,2010-09-09T15:49:00,1.66,,United Kingdom
521932,21108,FAIRY CAKE FLANNEL ASSORTED COLOUR,1,2010-09-09T15:49:00,5.06,,United Kingdom
521932,21110,LARGE CAKE TOWEL PINK SPOTS,1,2010-09-09T15:49:00,13.57,,United Kingdom
521932,21207,SKULL AND CROSSBONES  GARLAND,1,2010-09-09T15:49:00,3.36,,United Kingdom
521932,21213,PACK OF 72 SKULL CAKE CASES,1,2010-09-09T15:49:00,1.28,,United Kingdom
521932,21231,SWEETHEART CERAMIC TRINKET BOX,2,2010-09-09T15:49:00,2.51,,United Kingdom
521932,21232,STRAWBERRY CERAMIC TRINKET BOX,3,2010-09-09T15:49:00,2.51,,United Kingdom
521932,21238,RED SPOTTY CUP,4,2010-09-09T15:49:00,1.66,,United Kingdom
521932,21242,RED SPOTTY PLATE,5,2010-09-09T15:49:00,3.36,,United Kingdom
521932,21484,CHICK GREY HOT WATER BOTTLE,1,2010-09-09T15:49:00,7.62,,United Kingdom
521932,21504,SKULLS GREETING CARD,2,2010-09-09T15:49:00,0.85,,United Kingdom
521932,21558,SKULL LUNCH BOX WITH CUTLERY,2,2010-09-09T15:49:00,5.06,,United Kingdom
521932,21559,STRAWBERRY LUNCH BOX WITH CUTLERY,1,2010-09-09T15:49:00,5.06,,United Kingdom
521932,21688,SILVER PLATE CANDLE BOWL SMALL,1,2010-09-09T15:49:00,5.91,,United Kingdom
521932,21695,SMALL SILVER FLOWER CANDLE POT,1,2010-09-09T15:49:00,5.91,,United Kingdom
521932,21703,BAG 125g SWIRLY MARBLES,4,2010-09-09T15:49:00,0.85,,United Kingdom
521932,21721,CANDY SHOP  STICKER SHEET,1,2010-09-09T15:49:00,1.66,,United Kingdom
521932,21784,SHOE SHINE BOX,1,2010-09-09T15:49:00,21.23,,United Kingdom
521932,21787,RAIN PONCHO WITH RED SPOTS,1,2010-09-09T15:49:00,1.66,,United Kingdom
521932,21871,SAVE THE PLANET MUG,1,2010-09-09T15:49:00,3.36,,United Kingdom
521932,21878,PACK OF 6 SANDCASTLE FLAGS ASSORTED,1,2010-09-09T15:49:00,1.66,,United Kingdom
521932,21917,SET 12 KIDS  WHITE CHALK STICKS,2,2010-09-09T15:49:00,0.85,,United Kingdom
521932,21934,SKULL SHOULDER BAG,2,2010-09-09T15:49:00,3.36,,United Kingdom
521932,21935,SUKI  SHOULDER BAG,2,2010-09-09T15:49:00,3.36,,United Kingdom
521932,21949,SET OF 6 STRAWBERRY CHOPSTICKS,1,2010-09-09T15:49:00,2.51,,United Kingdom
521932,21987,PACK OF 6 SKULL PAPER CUPS,1,2010-09-09T15:49:00,1.66,,United Kingdom
521932,21988,PACK OF 6 SKULL PAPER PLATES,1,2010-09-09T15:49:00,1.66,,United Kingdom
521932,21989,PACK OF 20 SKULL PAPER NAPKINS,2,2010-09-09T15:49:00,1.66,,United Kingdom
521932,22041,"RECORD FRAME 7"" SINGLE SIZE",1,2010-09-09T15:49:00,5.06,,United Kingdom
521932,22063,CERAMIC BOWL WITH STRAWBERRY DESIGN,1,2010-09-09T15:49:00,5.91,,United Kingdom
521932,22070,SMALL RED RETROSPOT MUG IN BOX,2,2010-09-09T15:49:00,7.62,,United Kingdom
521932,22077,6 RIBBONS RUSTIC CHARM,1,2010-09-09T15:49:00,3.36,,United Kingdom
521932,22131,FOOD CONTAINER SET 3 LOVE HEART,1,2010-09-09T15:49:00,4.21,,United Kingdom
521932,22135,LADLE LOVE HEART PINK,2,2010-09-09T15:49:00,0.85,,United Kingdom
521932,22137,BATHROOM SET LOVE HEART DESIGN,1,2010-09-09T15:49:00,5.91,,United Kingdom
521932,22139,RETRO SPOT TEA SET CERAMIC 11 PC,1,2010-09-09T15:49:00,11.02,,United Kingdom
521932,22149,FELTCRAFT 6 FLOWER FRIENDS,1,2010-09-09T15:49:00,4.21,,United Kingdom
521932,22154,ANGEL DECORATION 3 BUTTONS,1,2010-09-09T15:49:00,0.85,,United Kingdom
521932,22178,VICTORIAN GLASS HANGING T-LIGHT,2,2010-09-09T15:49:00,2.51,,United Kingdom
521932,22197,SMALL POPCORN HOLDER,1,2010-09-09T15:49:00,1.66,,United Kingdom
521932,22201,FRYING PAN BLUE POLKADOT,1,2010-09-09T15:49:00,8.47,,United Kingdom
521932,22202,MILK PAN PINK RETROSPOT,1,2010-09-09T15:49:00,7.62,,United Kingdom
521932,22224,WHITE LOVEBIRD LANTERN,1,2010-09-09T15:49:00,5.91,,United Kingdom
521932,22301,COFFEE MUG CAT + BIRD DESIGN,1,2010-09-09T15:49:00,5.06,,United Kingdom
521932,22327,ROUND SNACK BOXES SET OF 4 SKULLS,1,2010-09-09T15:49:00,5.91,,United Kingdom
521932,22328,ROUND SNACK BOXES SET OF 4 FRUITS,1,2010-09-09T15:49:00,5.91,,United Kingdom
521932,22329,ROUND CONTAINER SET OF 5 RETROSPOT,1,2010-09-09T15:49:00,3.36,,United Kingdom
521932,22332,SKULLS PARTY BAG + STICKER SET,3,2010-09-09T15:49:00,3.36,,United Kingdom
521932,22336,DOVE DECORATION PAINTED ZINC,5,2010-09-09T15:49:00,1.28,,United Kingdom
521932,22337,ANGEL DECORATION PAINTED ZINC,4,2010-09-09T15:49:00,1.28,,United Kingdom
521932,22338,STAR DECORATION PAINTED ZINC,4,2010-09-09T15:49:00,1.28,,United Kingdom
521932,22341,LOVE GARLAND PAINTED ZINC,1,2010-09-09T15:49:00,3.36,,United Kingdom
521932,22342,HOME GARLAND PAINTED ZINC,1,2010-09-09T15:49:00,3.36,,United Kingdom
521932,22352,LUNCH BOX WITH CUTLERY RETROSPOT,1,2010-09-09T15:49:00,5.06,,United Kingdom
521932,22384,LUNCH BAG PINK RETROSPOT,1,2010-09-09T15:49:00,4.21,,United Kingdom
521932,22386,JUMBO BAG PINK WITH WHITE SPOTS,4,2010-09-09T15:49:00,4.21,,United Kingdom
521932,22423,REGENCY CAKESTAND 3 TIER,10,2010-09-09T15:49:00,25.49,,United Kingdom
521932,22431,WATERING CAN BLUE ELEPHANT,1,2010-09-09T15:49:00,4.21,,United Kingdom
521932,22432,WATERING CAN PINK BUNNY,1,2010-09-09T15:49:00,4.21,,United Kingdom
521932,22437,SET OF 9 BLACK SKULL BALLOONS,2,2010-09-09T15:49:00,1.66,,United Kingdom
521932,22457,NATURAL SLATE HEART CHALKBOARD,4,2010-09-09T15:49:00,5.91,,United Kingdom
521932,22495,SET OF 2 ROUND TINS CAMEMBERT,1,2010-09-09T15:49:00,5.91,,United Kingdom
521932,22525,CHILDRENS GARDEN GLOVES PINK,1,2010-09-09T15:49:00,2.51,,United Kingdom
521932,22545,MINI JIGSAW BUNNIES,4,2010-09-09T15:49:00,0.85,,United Kingdom
521932,22562,MONSTERS STENCIL CRAFT,1,2010-09-09T15:49:00,2.51,,United Kingdom
521932,22563,HAPPY STENCIL CRAFT,1,2010-09-09T15:49:00,2.51,,United Kingdom
521932,22588,CARD HOLDER GINGHAM HEART,1,2010-09-09T15:49:00,5.06,,United Kingdom
521932,22624,IVORY KITCHEN SCALES,1,2010-09-09T15:49:00,16.98,,United Kingdom
521932,22644,CERAMIC CHERRY CAKE MONEY BANK,1,2010-09-09T15:49:00,3.36,,United Kingdom
521932,22645,CERAMIC HEART FAIRY CAKE MONEY BANK,2,2010-09-09T15:49:00,3.36,,United Kingdom
521932,22646,CERAMIC STRAWBERRY CAKE MONEY BANK,2,2010-09-09T15:49:00,3.36,,United Kingdom
521932,22659,LUNCH BOX I LOVE LONDON,1,2010-09-09T15:49:00,4.21,,United Kingdom
521932,22662,LUNCH BAG DOLLY GIRL DESIGN,1,2010-09-09T15:49:00,4.21,,United Kingdom
521932,22666,RECIPE BOX PANTRY YELLOW DESIGN,1,2010-09-09T15:49:00,5.91,,United Kingdom
521932,22671,FRENCH LAUNDRY SIGN BLUE METAL,1,2010-09-09T15:49:00,3.36,,United Kingdom
521932,22673,FRENCH GARDEN SIGN BLUE METAL,1,2010-09-09T15:49:00,2.51,,United Kingdom
521932,22678,"FRENCH BLUE METAL DOOR SIGN, 3",1,2010-09-09T15:49:00,2.51,,United Kingdom
521932,22697,GREEN REGENCY TEACUP AND SAUCER,17,2010-09-09T15:49:00,2.95,,United Kingdom
521932,22698,PINK REGENCY TEACUP AND SAUCER,17,2010-09-09T15:49:00,2.95,,United Kingdom
521932,22699,ROSES REGENCY TEACUP AND SAUCER,17,2010-09-09T15:49:00,2.95,,United Kingdom
521932,22712,CARD DOLLY GIRL,4,2010-09-09T15:49:00,0.85,,United Kingdom
521932,22713,CARD I LOVE LONDON,1,2010-09-09T15:49:00,0.85,,United Kingdom
521932,22714,CARD BIRTHDAY COWBOY,4,2010-09-09T15:49:00,0.85,,United Kingdom
521932,22743,MAKE YOUR OWN FLOWERPOWER CARD KIT,1,2010-09-09T15:49:00,5.91,,United Kingdom
521932,22744,MAKE YOUR OWN MONSOON CARD KIT,1,2010-09-09T15:49:00,5.91,,United Kingdom
521932,35645,VINTAGE BEAD PINK JEWEL BOX,1,2010-09-09T15:49:00,8.47,,United Kingdom
521932,37342,SPOTTY COFFEE CUP & SAUCER,1,2010-09-09T15:49:00,5.91,,United Kingdom
521932,47591B,SCOTTIES CHILDRENS APRON,7,2010-09-09T15:49:00,1.66,,United Kingdom
521932,62094B,TURQ ICE CREAM BUM BAG,3,2010-09-09T15:49:00,5.06,,United Kingdom
521932,62096A,PINK/YELLOW FLOWERS HANDBAG,1,2010-09-09T15:49:00,3.36,,United Kingdom
521932,79066K,RETRO MOD TRAY,2,2010-09-09T15:49:00,1.66,,United Kingdom
521932,79160,HEART SHAPE WIRELESS DOORBELL,2,2010-09-09T15:49:00,3.36,,United Kingdom
521932,82482,WOODEN PICTURE FRAME WHITE FINISH,9,2010-09-09T15:49:00,2.55,,United Kingdom
521932,82494L,WOODEN FRAME ANTIQUE WHITE,9,2010-09-09T15:49:00,2.95,,United Kingdom
521932,84406B,CREAM CUPID HEARTS COAT HANGER,6,2010-09-09T15:49:00,3.25,,United Kingdom
521932,84520B,PACK 20 ENGLISH ROSE PAPER NAPKINS,2,2010-09-09T15:49:00,1.66,,United Kingdom
521932,84559B,3D SHEET OF CAT STICKERS,1,2010-09-09T15:49:00,1.69,,United Kingdom
521932,84563A,PINK & WHITE BREAKFAST TRAY,2,2010-09-09T15:49:00,11.87,,United Kingdom
521932,84563B,BLUE & WHITE BREAKFAST TRAY,2,2010-09-09T15:49:00,11.87,,United Kingdom
521932,84581,DOG TOY WITH PINK CROCHET SKIRT,1,2010-09-09T15:49:00,4.21,,United Kingdom
521932,84598,BOYS ALPHABET IRON ON PATCHES,8,2010-09-09T15:49:00,0.43,,United Kingdom
521932,84674,FLYING PIG WATERING CAN,1,2010-09-09T15:49:00,5.91,,United Kingdom
521932,84750B,BLACK SMALL GLASS CAKE STAND,2,2010-09-09T15:49:00,4.21,,United Kingdom
521932,84763,ZINC FINISH 15CM PLANTER POTS,1,2010-09-09T15:49:00,2.51,,United Kingdom
521932,84856L,LARGE TAHITI BEACH BAG,1,2010-09-09T15:49:00,11.87,,United Kingdom
521932,84912A,PINK ROSE WASHBAG,2,2010-09-09T15:49:00,3.36,,United Kingdom
521932,84912B,GREEN ROSE WASHBAG,1,2010-09-09T15:49:00,3.36,,United Kingdom
521932,84913B,MINT GREEN ROSE TOWEL,1,2010-09-09T15:49:00,3.36,,United Kingdom
521932,85031C,CURIOUS IMAGES SCRAP BOOK SET,1,2010-09-09T15:49:00,3.36,,United Kingdom
521932,85049F,BABY BOOM RIBBONS,1,2010-09-09T15:49:00,2.51,,United Kingdom
521932,85099B,JUMBO BAG RED RETROSPOT,1,2010-09-09T15:49:00,4.21,,United Kingdom
521932,85099F,JUMBO BAG STRAWBERRY,2,2010-09-09T15:49:00,2.51,,United Kingdom
521932,85123A,WHITE HANGING HEART T-LIGHT HOLDER,2,2010-09-09T15:49:00,2.95,,United Kingdom
521932,85123A,WHITE HANGING HEART T-LIGHT HOLDER,6,2010-09-09T15:49:00,5.91,,United Kingdom
521932,85129D,BEADED CRYSTAL HEART PINK SMALL,1,2010-09-09T15:49:00,2.51,,United Kingdom
521932,85232B,SET OF 3 BABUSHKA STACKING TINS,1,2010-09-09T15:49:00,10.17,,United Kingdom
521932,90079,VINTAGE ENAMEL & CRYSTAL NECKLACE,1,2010-09-09T15:49:00,5.09,,United Kingdom
521932,90130B,TURQ STONE/CRYSTAL EARRINGS,1,2010-09-09T15:49:00,2.96,,United Kingdom
521932,90176A,CLASSIC DIAMANTE NECKLACE JET,1,2010-09-09T15:49:00,7.64,,United Kingdom
521932,DOT,DOTCOM POSTAGE,1,2010-09-09T15:49:00,207.84,,United Kingdom
522092,20767,BLUE PAISLEY JOURNAL,1,2010-09-12T13:03:00,2.55,15006,United Kingdom
522092,20770,ABSTRACT CIRCLE JOURNAL,1,2010-09-12T13:03:00,2.55,15006,United Kingdom
522092,20851,ZINC HEART LATTICE TRAY OVAL,1,2010-09-12T13:03:00,5.95,15006,United Kingdom
522092,21001,ROSE DU SUD WASHBAG,1,2010-09-12T13:03:00,5.95,15006,United Kingdom
522092,21004,ROSE DU SUD CHILDRENS APRON,1,2010-09-12T13:03:00,4.25,15006,United Kingdom
522092,21034,REX CASH+CARRY JUMBO SHOPPER,1,2010-09-12T13:03:00,0.95,15006,United Kingdom
522092,21034,REX CASH+CARRY JUMBO SHOPPER,1,2010-09-12T13:03:00,0.95,15006,United Kingdom
522092,21078,SET/20 STRAWBERRY PAPER NAPKINS,1,2010-09-12T13:03:00,0.85,15006,United Kingdom
522092,21110,LARGE CAKE TOWEL PINK SPOTS,1,2010-09-12T13:03:00,6.75,15006,United Kingdom
522092,21121,SET/10 RED SPOTTY PARTY CANDLES,1,2010-09-12T13:03:00,1.25,15006,United Kingdom
522092,21121,SET/10 RED SPOTTY PARTY CANDLES,1,2010-09-12T13:03:00,1.25,15006,United Kingdom
522092,21122,SET/10 PINK SPOTTY PARTY CANDLES,1,2010-09-12T13:03:00,1.25,15006,United Kingdom
522092,21380,WOODEN HAPPY BIRTHDAY GARLAND,1,2010-09-12T13:03:00,2.95,15006,United Kingdom
522092,21380,WOODEN HAPPY BIRTHDAY GARLAND,1,2010-09-12T13:03:00,2.95,15006,United Kingdom
522092,21447,12 IVORY ROSE PEG PLACE SETTINGS,1,2010-09-12T13:03:00,1.25,15006,United Kingdom
522092,21497,FANCY FONTS BIRTHDAY WRAP,25,2010-09-12T13:03:00,0.42,15006,United Kingdom
522092,21591,COSY HOUR CIGAR BOX MATCHES,1,2010-09-12T13:03:00,1.25,15006,United Kingdom
522092,21591,COSY HOUR CIGAR BOX MATCHES,2,2010-09-12T13:03:00,1.25,15006,United Kingdom
522092,21667,GLASS CAKE COVER AND PLATE,1,2010-09-12T13:03:00,16.95,15006,United Kingdom
522092,21690,SILVER  CANDLEPOT JARDIN,1,2010-09-12T13:03:00,3.75,15006,United Kingdom
522092,21690,SILVER  CANDLEPOT JARDIN,1,2010-09-12T13:03:00,3.75,15006,United Kingdom
522092,21730,GLASS STAR FROSTED T-LIGHT HOLDER,1,2010-09-12T13:03:00,4.95,15006,United Kingdom
522092,21730,GLASS STAR FROSTED T-LIGHT HOLDER,1,2010-09-12T13:03:00,4.95,15006,United Kingdom
522092,21741,COSY SLIPPER SHOES LARGE GREEN,3,2010-09-12T13:03:00,2.95,15006,United Kingdom
522092,21839,MUMMY MOUSE RED GINGHAM RIBBON,1,2010-09-12T13:03:00,5.45,15006,United Kingdom
522092,21929,JUMBO BAG PINK VINTAGE PAISLEY,1,2010-09-12T13:03:00,1.95,15006,United Kingdom
522092,22118,JOY WOODEN BLOCK LETTERS,1,2010-09-12T13:03:00,4.95,15006,United Kingdom
522092,22119,PEACE WOODEN BLOCK LETTERS,1,2010-09-12T13:03:00,6.95,15006,United Kingdom
522092,22119,PEACE WOODEN BLOCK LETTERS,2,2010-09-12T13:03:00,6.95,15006,United Kingdom
522092,22179,SET 10 LIGHTS NIGHT OWL,1,2010-09-12T13:03:00,6.75,15006,United Kingdom
522092,22195,LARGE HEART MEASURING SPOONS,1,2010-09-12T13:03:00,1.65,15006,United Kingdom
522092,22220,CAKE STAND LOVEBIRD 2 TIER WHITE,1,2010-09-12T13:03:00,9.95,15006,United Kingdom
522092,22221,CAKE STAND LOVEBIRD 2 TIER PINK,1,2010-09-12T13:03:00,9.95,15006,United Kingdom
522092,22221,CAKE STAND LOVEBIRD 2 TIER PINK,1,2010-09-12T13:03:00,9.95,15006,United Kingdom
522092,22367,CHILDRENS APRON SPACEBOY DESIGN,1,2010-09-12T13:03:00,1.95,15006,United Kingdom
522092,22411,JUMBO SHOPPER VINTAGE RED PAISLEY,1,2010-09-12T13:03:00,1.95,15006,United Kingdom
522092,22411,JUMBO SHOPPER VINTAGE RED PAISLEY,1,2010-09-12T13:03:00,1.95,15006,United Kingdom
522092,22468,BABUSHKA LIGHTS STRING OF 10,1,2010-09-12T13:03:00,6.75,15006,United Kingdom
522092,22580,ADVENT CALENDAR GINGHAM SACK,1,2010-09-12T13:03:00,5.95,15006,United Kingdom
522092,22580,ADVENT CALENDAR GINGHAM SACK,1,2010-09-12T13:03:00,5.95,15006,United Kingdom
522092,22585,PACK OF 6 BIRDY GIFT TAGS,2,2010-09-12T13:03:00,1.25,15006,United Kingdom
522092,22617,BAKING SET SPACEBOY DESIGN,1,2010-09-12T13:03:00,4.95,15006,United Kingdom
522092,22659,LUNCH BOX I LOVE LONDON,2,2010-09-12T13:03:00,1.95,15006,United Kingdom
522092,22851,SET 20 NAPKINS FAIRY CAKES DESIGN,1,2010-09-12T13:03:00,0.85,15006,United Kingdom
522092,35832,WOOLLY HAT SOCK GLOVE ADVENT STRING,1,2010-09-12T13:03:00,2.95,15006,United Kingdom
522092,35832,WOOLLY HAT SOCK GLOVE ADVENT STRING,1,2010-09-12T13:03:00,2.95,15006,United Kingdom
522092,35832,WOOLLY HAT SOCK GLOVE ADVENT STRING,1,2010-09-12T13:03:00,2.95,15006,United Kingdom
522092,35832,WOOLLY HAT SOCK GLOVE ADVENT STRING,2,2010-09-12T13:03:00,2.95,15006,United Kingdom
522092,35838A,S/6 MULTICOLOUR ORNAMENETAL CANDLE,1,2010-09-12T13:03:00,0.85,15006,United Kingdom
522092,35838A,S/6 MULTICOLOUR ORNAMENETAL CANDLE,1,2010-09-12T13:03:00,0.85,15006,United Kingdom
522092,35838B,S/6 SILVER ORNAMENETAL CANDLE,1,2010-09-12T13:03:00,0.85,15006,United Kingdom
522092,84520B,PACK 20 ENGLISH ROSE PAPER NAPKINS,1,2010-09-12T13:03:00,0.85,15006,United Kingdom
522092,84520B,PACK 20 ENGLISH ROSE PAPER NAPKINS,1,2010-09-12T13:03:00,0.85,15006,United Kingdom
522092,84762B,PINK PICNIC BARBECUE BUCKET,1,2010-09-12T13:03:00,10.75,15006,United Kingdom
522092,84947,ANTIQUE SILVER TEA GLASS ENGRAVED,6,2010-09-12T13:03:00,1.25,15006,United Kingdom
522092,84970S,HANGING HEART ZINC T-LIGHT HOLDER,12,2010-09-12T13:03:00,0.85,15006,United Kingdom
522092,84997A,GREEN 3 PIECE MINI DOTS CUTLERY SET,3,2010-09-12T13:03:00,3.75,15006,United Kingdom
522092,85032A,ROMANTIC IMAGES GIFT WRAP SET,1,2010-09-12T13:03:00,2.1,15006,United Kingdom
522092,85032B,BLOSSOM IMAGES GIFT WRAP SET,1,2010-09-12T13:03:00,2.1,15006,United Kingdom
522092,85047,WHITE BEADED GARLAND STRING 20LIGHT,1,2010-09-12T13:03:00,6.35,15006,United Kingdom
522092,85047,WHITE BEADED GARLAND STRING 20LIGHT,1,2010-09-12T13:03:00,6.35,15006,United Kingdom
522092,85099F,JUMBO BAG STRAWBERRY,1,2010-09-12T13:03:00,1.95,15006,United Kingdom
522092,85145,JARDIN ETCHED GLASS LARGE BELL JAR,3,2010-09-12T13:03:00,12.75,15006,United Kingdom
522093,20658,RED SPOTTY LUGGAGE TAG,2,2010-09-12T13:06:00,1.25,15406,United Kingdom
522093,20752,RETRO BLUE SPOTTY WASHING UP GLOVES,1,2010-09-12T13:06:00,2.1,15406,United Kingdom
522093,20754,RETRO RED SPOTTY WASHING UP GLOVES,2,2010-09-12T13:06:00,2.1,15406,United Kingdom
522093,20931,BLUE POT PLANT CANDLE,13,2010-09-12T13:06:00,3.75,15406,United Kingdom
522093,20973,12 PENCIL SMALL TUBE WOODLAND,2,2010-09-12T13:06:00,0.65,15406,United Kingdom
522093,20975,12 PENCILS SMALL TUBE RED SPOTTY,6,2010-09-12T13:06:00,0.65,15406,United Kingdom
522093,20983,12 PENCILS TALL TUBE RED SPOTTY,2,2010-09-12T13:06:00,0.85,15406,United Kingdom
522093,20992,JAZZ HEARTS PURSE NOTEBOOK,3,2010-09-12T13:06:00,0.85,15406,United Kingdom
522093,20996,JAZZ HEARTS ADDRESS BOOK,2,2010-09-12T13:06:00,0.42,15406,United Kingdom
522093,21010,ETCHED GLASS BIRD TREE DECORATION,12,2010-09-12T13:06:00,1.25,15406,United Kingdom
522093,21011,GLITTER SNOW PEAR TREE DECORATION,15,2010-09-12T13:06:00,1.45,15406,United Kingdom
522093,21034,REX CASH+CARRY JUMBO SHOPPER,2,2010-09-12T13:06:00,0.95,15406,United Kingdom
522093,21078,SET/20 STRAWBERRY PAPER NAPKINS,1,2010-09-12T13:06:00,0.85,15406,United Kingdom
522093,21080,SET/20 RED SPOTTY PAPER NAPKINS,3,2010-09-12T13:06:00,0.85,15406,United Kingdom
522093,21121,SET/10 RED SPOTTY PARTY CANDLES,3,2010-09-12T13:06:00,1.25,15406,United Kingdom
522093,21122,SET/10 PINK SPOTTY PARTY CANDLES,3,2010-09-12T13:06:00,1.25,15406,United Kingdom
522093,21124,SET/10 BLUE SPOTTY PARTY CANDLES,3,2010-09-12T13:06:00,1.25,15406,United Kingdom
522093,21126,SET OF 6 GIRLS CELEBRATION CANDLES,1,2010-09-12T13:06:00,1.25,15406,United Kingdom
522093,21126,SET OF 6 GIRLS CELEBRATION CANDLES,2,2010-09-12T13:06:00,1.25,15406,United Kingdom
522093,21212,PACK OF 72 RETRO SPOT CAKE CASES,2,2010-09-12T13:06:00,0.55,15406,United Kingdom
522093,21363,HOME SMALL WOOD LETTERS,2,2010-09-12T13:06:00,4.95,15406,United Kingdom
522093,21383,PACK OF 12 STICKY BUNNIES,2,2010-09-12T13:06:00,0.65,15406,United Kingdom
522093,21385,IVORY HANGING DECORATION  HEART,12,2010-09-12T13:06:00,0.85,15406,United Kingdom
522093,21390,FILIGRIS HEART WITH BUTTERFLY,12,2010-09-12T13:06:00,1.25,15406,United Kingdom
522093,21429,RED GINGHAM ROSE JEWELLERY BOX,1,2010-09-12T13:06:00,1.65,15406,United Kingdom
522093,21430,SET/3 RED GINGHAM ROSE STORAGE BOX,1,2010-09-12T13:06:00,3.75,15406,United Kingdom
522093,21535,RED RETROSPOT SMALL MILK JUG,3,2010-09-12T13:06:00,2.55,15406,United Kingdom
522093,21621,VINTAGE UNION JACK BUNTING,1,2010-09-12T13:06:00,8.5,15406,United Kingdom
522093,21733,RED HANGING HEART T-LIGHT HOLDER,1,2010-09-12T13:06:00,2.95,15406,United Kingdom
522093,21733,RED HANGING HEART T-LIGHT HOLDER,4,2010-09-12T13:06:00,2.95,15406,United Kingdom
522093,21755,LOVE BUILDING BLOCK WORD,2,2010-09-12T13:06:00,5.95,15406,United Kingdom
522093,21928,JUMBO BAG SCANDINAVIAN PAISLEY,1,2010-09-12T13:06:00,1.95,15406,United Kingdom
522093,21977,PACK OF 60 PINK PAISLEY CAKE CASES,2,2010-09-12T13:06:00,0.55,15406,United Kingdom
522093,21980,PACK OF 12 RED SPOTTY TISSUES,12,2010-09-12T13:06:00,0.29,15406,United Kingdom
522093,22072,RED RETROSPOT TEA CUP AND SAUCER,2,2010-09-12T13:06:00,3.75,15406,United Kingdom
522093,22156,HEART DECORATION WITH PEARLS,12,2010-09-12T13:06:00,0.85,15406,United Kingdom
522093,22162,HEART GARLAND RUSTIC PADDED,2,2010-09-12T13:06:00,2.95,15406,United Kingdom
522093,22179,SET 10 LIGHTS NIGHT OWL,1,2010-09-12T13:06:00,6.75,15406,United Kingdom
522093,22212,FOUR HOOK  WHITE LOVEBIRDS,5,2010-09-12T13:06:00,2.1,15406,United Kingdom
522093,22219,LOVEBIRD HANGING DECORATION WHITE,6,2010-09-12T13:06:00,0.85,15406,United Kingdom
522093,22227,"DECORATION, HANGING HEART+MIRROR",11,2010-09-12T13:06:00,0.65,15406,United Kingdom
522093,22335,HEART DECORATION PAINTED ZINC,10,2010-09-12T13:06:00,0.65,15406,United Kingdom
522093,22386,JUMBO BAG PINK WITH WHITE SPOTS,1,2010-09-12T13:06:00,1.95,15406,United Kingdom
522093,22465,HANGING METAL STAR LANTERN,6,2010-09-12T13:06:00,1.65,15406,United Kingdom
522093,22578,WOODEN STAR CHRISTMAS SCANDINAVIAN,6,2010-09-12T13:06:00,0.85,15406,United Kingdom
522093,22581,WOOD STOCKING CHRISTMAS SCANDISPOT,6,2010-09-12T13:06:00,0.85,15406,United Kingdom
522093,22602,CHRISTMAS RETROSPOT HEART WOOD,6,2010-09-12T13:06:00,0.85,15406,United Kingdom
522093,22667,RECIPE BOX RETRO SPOT DESIGN,1,2010-09-12T13:06:00,2.95,15406,United Kingdom
522093,22668,PINK BABY BUNTING,5,2010-09-12T13:06:00,2.95,15406,United Kingdom
522093,22669,RED BABY BUNTING,5,2010-09-12T13:06:00,2.95,15406,United Kingdom
522093,22866,HAND WARMER SCOTTY DOG DESIGN,4,2010-09-12T13:06:00,2.1,15406,United Kingdom
522093,35962,12 ASS ZINC CHRISTMAS DECORATIONS,1,2010-09-12T13:06:00,2.1,15406,United Kingdom
522093,35970,ZINC FOLKART SLEIGH BELLS,6,2010-09-12T13:06:00,1.69,15406,United Kingdom
522093,44089C,LILAC GAUZE BUTTERFLY LAMPSHADE,5,2010-09-12T13:06:00,0.42,15406,United Kingdom
522093,47504K,ENGLISH ROSE GARDEN SECATEURS,3,2010-09-12T13:06:00,1.95,15406,United Kingdom
522093,82580,BATHROOM METAL SIGN,5,2010-09-12T13:06:00,0.55,15406,United Kingdom
522093,84029E,RED WOOLLY HOTTIE WHITE HEART.,1,2010-09-12T13:06:00,3.75,15406,United Kingdom
522093,84520B,PACK 20 ENGLISH ROSE PAPER NAPKINS,1,2010-09-12T13:06:00,0.85,15406,United Kingdom
522093,84836,ZINC METAL HEART DECORATION,12,2010-09-12T13:06:00,1.25,15406,United Kingdom
522093,84839,SWEETHEART KEY CABINET,2,2010-09-12T13:06:00,6.75,15406,United Kingdom
522093,84970S,HANGING HEART ZINC T-LIGHT HOLDER,12,2010-09-12T13:06:00,0.85,15406,United Kingdom
522093,84991,60 TEATIME FAIRY CAKE CASES,2,2010-09-12T13:06:00,0.55,15406,United Kingdom
522093,84992,72 SWEETHEART FAIRY CAKE CASES,2,2010-09-12T13:06:00,0.55,15406,United Kingdom
522093,85008,SET OF 3 CONEY ISLAND OVAL BOXES,1,2010-09-12T13:06:00,4.95,15406,United Kingdom
522093,85047,WHITE BEADED GARLAND STRING 20LIGHT,2,2010-09-12T13:06:00,6.35,15406,United Kingdom
522093,85099B,JUMBO BAG RED RETROSPOT,1,2010-09-12T13:06:00,1.95,15406,United Kingdom
522093,85099C,JUMBO  BAG BAROQUE BLACK WHITE,1,2010-09-12T13:06:00,1.95,15406,United Kingdom
522093,85123A,WHITE HANGING HEART T-LIGHT HOLDER,10,2010-09-12T13:06:00,2.95,15406,United Kingdom
522766,21169,YOU'RE CONFUSING ME METAL SIGN,12,2010-09-16T13:58:00,1.69,15182,United Kingdom
522766,21181,PLEASE ONE PERSON METAL SIGN,12,2010-09-16T13:58:00,2.1,15182,United Kingdom
522766,21327,SKULLS WRITING SET,12,2010-09-16T13:58:00,1.65,15182,United Kingdom
522766,21622,VINTAGE UNION JACK CUSHION COVER,4,2010-09-16T13:58:00,4.95,15182,United Kingdom
522766,21623,VINTAGE UNION JACK MEMOBOARD,2,2010-09-16T13:58:00,9.95,15182,United Kingdom
522766,21928,JUMBO BAG SCANDINAVIAN PAISLEY,20,2010-09-16T13:58:00,1.95,15182,United Kingdom
522766,22189,CREAM HEART CARD HOLDER,8,2010-09-16T13:58:00,3.95,15182,United Kingdom
522766,22386,JUMBO BAG PINK WITH WHITE SPOTS,20,2010-09-16T13:58:00,1.95,15182,United Kingdom
522766,22411,JUMBO SHOPPER VINTAGE RED PAISLEY,20,2010-09-16T13:58:00,1.95,15182,United Kingdom
522766,22412,METAL SIGN NEIGHBOURHOOD WITCH,12,2010-09-16T13:58:00,2.1,15182,United Kingdom
522766,46000M,POLYESTER FILLER PAD 45x45cm,4,2010-09-16T13:58:00,1.55,15182,United Kingdom
522766,84987,SET OF 36 TEATIME PAPER DOILIES,12,2010-09-16T13:58:00,1.45,15182,United Kingdom
522766,85099C,JUMBO  BAG BAROQUE BLACK WHITE,20,2010-09-16T13:58:00,1.95,15182,United Kingdom
522766,85150,LADIES & GENTLEMEN METAL SIGN,6,2010-09-16T13:58:00,2.55,15182,United Kingdom
522766,85152,HAND OVER THE CHOCOLATE   SIGN,12,2010-09-16T13:58:00,2.1,15182,United Kingdom
522766,PADS,PADS TO MATCH ALL CUSHIONS,1,2010-09-16T13:58:00,0.001,15182,United Kingdom
522913,10124A,SPOTS ON RED BOOKCOVER TAPE,9,2010-09-17T13:52:00,0.42,15026,United Kingdom
522913,20727,LUNCH BAG  BLACK SKULL.,1,2010-09-17T13:52:00,1.65,15026,United Kingdom
522913,21364,PEACE SMALL WOOD LETTERS,1,2010-09-17T13:52:00,6.75,15026,United Kingdom
522913,21385,IVORY HANGING DECORATION  HEART,4,2010-09-17T13:52:00,0.85,15026,United Kingdom
522913,21484,CHICK GREY HOT WATER BOTTLE,4,2010-09-17T13:52:00,3.45,15026,United Kingdom
522913,21754,HOME BUILDING BLOCK WORD,4,2010-09-17T13:52:00,5.95,15026,United Kingdom
522913,21755,LOVE BUILDING BLOCK WORD,4,2010-09-17T13:52:00,5.95,15026,United Kingdom
522913,21839,MUMMY MOUSE RED GINGHAM RIBBON,1,2010-09-17T13:52:00,5.45,15026,United Kingdom
522913,21916,SET 12 RETRO WHITE CHALK STICKS,2,2010-09-17T13:52:00,0.42,15026,United Kingdom
522913,22037,ROBOT BIRTHDAY CARD,12,2010-09-17T13:52:00,0.42,15026,United Kingdom
522913,22081,RIBBON REEL FLORA + FAUNA,1,2010-09-17T13:52:00,1.65,15026,United Kingdom
522913,22082,RIBBON REEL STRIPES DESIGN,1,2010-09-17T13:52:00,1.65,15026,United Kingdom
522913,22110,BIRD HOUSE HOT WATER BOTTLE,4,2010-09-17T13:52:00,2.55,15026,United Kingdom
522913,22130,PARTY CONE CHRISTMAS DECORATION,12,2010-09-17T13:52:00,0.85,15026,United Kingdom
522913,22147,FELTCRAFT BUTTERFLY HEARTS,6,2010-09-17T13:52:00,1.45,15026,United Kingdom
522913,22150,3 STRIPEY MICE FELTCRAFT,6,2010-09-17T13:52:00,1.95,15026,United Kingdom
522913,22151,PLACE SETTING WHITE HEART,6,2010-09-17T13:52:00,0.42,15026,United Kingdom
522913,22152,PLACE SETTING WHITE STAR,6,2010-09-17T13:52:00,0.42,15026,United Kingdom
522913,22153,ANGEL DECORATION STARS ON DRESS,3,2010-09-17T13:52:00,0.42,15026,United Kingdom
522913,22154,ANGEL DECORATION 3 BUTTONS,1,2010-09-17T13:52:00,0.42,15026,United Kingdom
522913,22154,ANGEL DECORATION 3 BUTTONS,2,2010-09-17T13:52:00,0.42,15026,United Kingdom
522913,22155,STAR DECORATION RUSTIC,3,2010-09-17T13:52:00,0.42,15026,United Kingdom
522913,22156,HEART DECORATION WITH PEARLS,6,2010-09-17T13:52:00,0.85,15026,United Kingdom
522913,22189,CREAM HEART CARD HOLDER,4,2010-09-17T13:52:00,3.95,15026,United Kingdom
522913,22219,LOVEBIRD HANGING DECORATION WHITE,5,2010-09-17T13:52:00,0.85,15026,United Kingdom
522913,22227,HANGING HEART MIRROR DECORATION,6,2010-09-17T13:52:00,0.65,15026,United Kingdom
522913,22295,HEART FILIGREE DOVE LARGE,4,2010-09-17T13:52:00,1.65,15026,United Kingdom
522913,22296,HEART IVORY TRELLIS LARGE,3,2010-09-17T13:52:00,1.65,15026,United Kingdom
522913,22457,NATURAL SLATE HEART CHALKBOARD,6,2010-09-17T13:52:00,2.95,15026,United Kingdom
522913,22470,HEART OF WICKER LARGE,2,2010-09-17T13:52:00,2.95,15026,United Kingdom
522913,22488,NATURAL SLATE RECTANGLE CHALKBOARD,10,2010-09-17T13:52:00,1.65,15026,United Kingdom
522913,22528,GARDENERS KNEELING PAD,6,2010-09-17T13:52:00,1.25,15026,United Kingdom
522913,22568,FELTCRAFT CUSHION OWL,4,2010-09-17T13:52:00,3.75,15026,United Kingdom
522913,22569,FELTCRAFT CUSHION BUTTERFLY,4,2010-09-17T13:52:00,3.75,15026,United Kingdom
522913,22572,ROCKING HORSE GREEN CHRISTMAS,10,2010-09-17T13:52:00,0.85,15026,United Kingdom
522913,22572,ROCKING HORSE GREEN CHRISTMAS,4,2010-09-17T13:52:00,0.85,15026,United Kingdom
522913,22575,METAL MERRY CHRISTMAS WREATH,4,2010-09-17T13:52:00,1.95,15026,United Kingdom
522913,22582,PACK OF 6 SWEETIE GIFT BOXES,1,2010-09-17T13:52:00,2.55,15026,United Kingdom
522913,22584,PACK OF 6 PANNETONE GIFT BOXES,1,2010-09-17T13:52:00,2.55,15026,United Kingdom
522913,22596,CHRISTMAS STAR WISH LIST CHALKBOARD,12,2010-09-17T13:52:00,0.85,15026,United Kingdom
522913,22596,CHRISTMAS STAR WISH LIST CHALKBOARD,12,2010-09-17T13:52:00,0.85,15026,United Kingdom
522913,22694,WICKER STAR,4,2010-09-17T13:52:00,2.1,15026,United Kingdom
522913,22855,FINE WICKER HEART,6,2010-09-17T13:52:00,1.25,15026,United Kingdom
522913,22983,"CARD, BILLBOARD FONT",12,2010-09-17T13:52:00,0.42,15026,United Kingdom
522913,35594,WOODEN CHRISTMAS TREE 3 HANGING,6,2010-09-17T13:52:00,0.42,15026,United Kingdom
522913,35594,WOODEN CHRISTMAS TREE 3 HANGING,6,2010-09-17T13:52:00,0.42,15026,United Kingdom
522913,47591B,SCOTTIES CHILDRENS APRON,6,2010-09-17T13:52:00,1.65,15026,United Kingdom
522913,47594B,SCOTTIES DESIGN WASHBAG,6,2010-09-17T13:52:00,1.95,15026,United Kingdom
522913,82551,LAUNDRY 15C METAL SIGN,6,2010-09-17T13:52:00,1.45,15026,United Kingdom
522913,84580,MOUSE TOY WITH PINK T-SHIRT,1,2010-09-17T13:52:00,3.75,15026,United Kingdom
522913,84754,S/15 SILVER GLASS BAUBLES IN BAG,2,2010-09-17T13:52:00,1.25,15026,United Kingdom
522913,85114B,IVORY ENCHANTED FOREST PLACEMAT,10,2010-09-17T13:52:00,1.65,15026,United Kingdom
523758,22809,SET OF 6 T-LIGHTS SANTA,36,2010-09-23T20:01:00,2.95,17021,United Kingdom
523758,22810,SET OF 6 T-LIGHTS SNOWMEN,21,2010-09-23T20:01:00,2.95,17021,United Kingdom
523890,20801,LARGE PINK GLASS SUNDAE DISH,2,2010-09-24T14:33:00,2.55,16354,United Kingdom
523890,20803,SMALL PINK GLASS SUNDAE DISH,12,2010-09-24T14:33:00,1.65,16354,United Kingdom
523890,20828,GLITTER BUTTERFLY CLIPS,2,2010-09-24T14:33:00,2.55,16354,United Kingdom
523890,21144,PINK POODLE HANGING DECORATION,2,2010-09-24T14:33:00,0.38,16354,United Kingdom
523890,21259,VICTORIAN SEWING BOX SMALL,1,2010-09-24T14:33:00,5.95,16354,United Kingdom
523890,21591,COSY HOUR CIGAR BOX MATCHES,6,2010-09-24T14:33:00,1.25,16354,United Kingdom
523890,21688,SILVER PLATE CANDLE BOWL SMALL,6,2010-09-24T14:33:00,2.95,16354,United Kingdom
523890,21777,RECIPE BOX WITH METAL HEART,2,2010-09-24T14:33:00,7.95,16354,United Kingdom
523890,21817,GLITTER CHRISTMAS TREE,5,2010-09-24T14:33:00,0.85,16354,United Kingdom
523890,21818,GLITTER CHRISTMAS HEART,5,2010-09-24T14:33:00,0.85,16354,United Kingdom
523890,21819,GLITTER CHRISTMAS STAR,5,2010-09-24T14:33:00,0.85,16354,United Kingdom
523890,22139,RETROSPOT TEA SET CERAMIC 11 PC,2,2010-09-24T14:33:00,4.95,16354,United Kingdom
523890,22197,SMALL POPCORN HOLDER,12,2010-09-24T14:33:00,0.85,16354,United Kingdom
523890,22385,JUMBO BAG SPACEBOY DESIGN,2,2010-09-24T14:33:00,1.95,16354,United Kingdom
523890,22588,CARD HOLDER GINGHAM HEART,3,2010-09-24T14:33:00,2.55,16354,United Kingdom
523890,22589,CARDHOLDER GINGHAM STAR,3,2010-09-24T14:33:00,2.55,16354,United Kingdom
523890,22598,CHRISTMAS MUSICAL ZINC TREE,5,2010-09-24T14:33:00,0.85,16354,United Kingdom
523890,22599,CHRISTMAS MUSICAL ZINC STAR,5,2010-09-24T14:33:00,0.85,16354,United Kingdom
523890,22629,SPACEBOY LUNCH BOX,2,2010-09-24T14:33:00,1.95,16354,United Kingdom
523890,22630,DOLLY GIRL LUNCH BOX,2,2010-09-24T14:33:00,1.95,16354,United Kingdom
523890,22635,CHILDS BREAKFAST SET DOLLY GIRL,2,2010-09-24T14:33:00,9.95,16354,United Kingdom
523890,22663,JUMBO BAG DOLLY GIRL DESIGN,2,2010-09-24T14:33:00,1.95,16354,United Kingdom
523890,22816,CARD MOTORBIKE SANTA,96,2010-09-24T14:33:00,0.36,16354,United Kingdom
523890,22863,SOAP DISH BROCANTE,2,2010-09-24T14:33:00,2.95,16354,United Kingdom
523890,22866,HAND WARMER SCOTTY DOG DESIGN,3,2010-09-24T14:33:00,2.1,16354,United Kingdom
523890,22867,HAND WARMER BIRD DESIGN,3,2010-09-24T14:33:00,2.1,16354,United Kingdom
523890,22910,PAPER CHAIN KIT VINTAGE CHRISTMAS,4,2010-09-24T14:33:00,2.95,16354,United Kingdom
523890,35471A,SET OF 3 BIRD L.BLUE FEATHER,2,2010-09-24T14:33:00,1.25,16354,United Kingdom
523890,35471D,SET OF 3 BIRD LIGHT PINK FEATHER,2,2010-09-24T14:33:00,1.25,16354,United Kingdom
523890,84969,BOX OF 6 ASSORTED COLOUR TEASPOONS,2,2010-09-24T14:33:00,4.25,16354,United Kingdom
523890,85033S,SET/6 SILVER REINDEER T-LIGHTS,6,2010-09-24T14:33:00,0.65,16354,United Kingdom
523890,90013A,MIDNIGHT BLUE VINTAGE EARRINGS,4,2010-09-24T14:33:00,3.75,16354,United Kingdom
523890,90013B,BLACK VINTAGE EARRINGS,4,2010-09-24T14:33:00,3.75,16354,United Kingdom
523890,90013C,GREEN VINTAGE EARRINGS,4,2010-09-24T14:33:00,3.75,16354,United Kingdom
523890,90013D,PURPLE VINTAGE EARRINGS,4,2010-09-24T14:33:00,3.75,16354,United Kingdom
524143,16169C,WRAP BLUE REINDEER,25,2010-09-27T15:15:00,0.42,16503,United Kingdom
524143,16237,SLEEPING CAT ERASERS,30,2010-09-27T15:15:00,0.21,16503,United Kingdom
524143,20977,36 PENCILS TUBE WOODLAND,16,2010-09-27T15:15:00,1.25,16503,United Kingdom
524143,20978,36 PENCILS TUBE SKULLS,16,2010-09-27T15:15:00,1.25,16503,United Kingdom
524143,21350,GINGHAM HEART WREATH,3,2010-09-27T15:15:00,2.95,16503,United Kingdom
524143,21364,PEACE SMALL WOOD LETTERS,2,2010-09-27T15:15:00,6.75,16503,United Kingdom
524143,21586,KINGS CHOICE GIANT TUBE MATCHES,12,2010-09-27T15:15:00,2.55,16503,United Kingdom
524143,21669,BLUE STRIPE CERAMIC DRAWER KNOB,12,2010-09-27T15:15:00,1.25,16503,United Kingdom
524143,21892,TRADITIONAL WOODEN CATCH CUP GAME,12,2010-09-27T15:15:00,1.25,16503,United Kingdom
524143,21955,DOORMAT UNION JACK GUNS AND ROSES,2,2010-09-27T15:15:00,7.95,16503,United Kingdom
524143,22179,SET 10 LIGHTS NIGHT OWL,2,2010-09-27T15:15:00,6.75,16503,United Kingdom
524143,22271,FELTCRAFT DOLL ROSIE,6,2010-09-27T15:15:00,2.95,16503,United Kingdom
524143,22592,CARDHOLDER HOLLY WREATH METAL,4,2010-09-27T15:15:00,3.75,16503,United Kingdom
524143,22753,SMALL YELLOW BABUSHKA NOTEBOOK,12,2010-09-27T15:15:00,0.85,16503,United Kingdom
524143,84347,ROTATING SILVER ANGELS T-LIGHT HLDR,6,2010-09-27T15:15:00,2.55,16503,United Kingdom
524143,84997C,BLUE 3 PIECE MINI DOTS CUTLERY SET,6,2010-09-27T15:15:00,3.75,16503,United Kingdom
524143,84997D,PINK 3 PIECE MINI DOTS CUTLERY SET,6,2010-09-27T15:15:00,3.75,16503,United Kingdom
524143,85044,RED REINDEER STRING OF 20 LIGHTS,4,2010-09-27T15:15:00,4.95,16503,United Kingdom
524294,20685,DOORMAT RED RETROSPOT,4,2010-09-28T13:09:00,7.95,13386,United Kingdom
524294,21668,RED STRIPE CERAMIC DRAWER KNOB,12,2010-09-28T13:09:00,1.25,13386,United Kingdom
524294,21669,BLUE STRIPE CERAMIC DRAWER KNOB,12,2010-09-28T13:09:00,1.25,13386,United Kingdom
524294,21671,RED SPOT CERAMIC DRAWER KNOB,12,2010-09-28T13:09:00,1.25,13386,United Kingdom
524294,21672,WHITE SPOT RED CERAMIC DRAWER KNOB,12,2010-09-28T13:09:00,1.25,13386,United Kingdom
524294,21673,WHITE SPOT BLUE CERAMIC DRAWER KNOB,12,2010-09-28T13:09:00,1.25,13386,United Kingdom
524294,21868,POTTING SHED TEA MUG,12,2010-09-28T13:09:00,1.25,13386,United Kingdom
524294,21925,UNION STRIPE CUSHION COVER,12,2010-09-28T13:09:00,1.25,13386,United Kingdom
524294,21926,RED/CREAM STRIPE CUSHION COVER,12,2010-09-28T13:09:00,1.25,13386,United Kingdom
524294,21927,BLUE/CREAM STRIPE CUSHION COVER,12,2010-09-28T13:09:00,1.25,13386,United Kingdom
524294,22083,PAPER CHAIN KIT RETRO SPOT,6,2010-09-28T13:09:00,2.95,13386,United Kingdom
524294,22357,KINGS CHOICE BISCUIT TIN,4,2010-09-28T13:09:00,4.25,13386,United Kingdom
524294,22480,RED TEA TOWEL CLASSIC DESIGN,12,2010-09-28T13:09:00,1.25,13386,United Kingdom
524294,22482,BLUE TEA TOWEL CLASSIC DESIGN,12,2010-09-28T13:09:00,1.25,13386,United Kingdom
524294,22948,METAL DECORATION NAUGHTY CHILDREN,24,2010-09-28T13:09:00,0.85,13386,United Kingdom
524294,48138,DOORMAT UNION FLAG,4,2010-09-28T13:09:00,7.95,13386,United Kingdom
524294,71459,HANGING JAM JAR T-LIGHT HOLDER,12,2010-09-28T13:09:00,0.85,13386,United Kingdom
524294,79321,CHILLI LIGHTS,4,2010-09-28T13:09:00,4.95,13386,United Kingdom
524482,21041,RED RETROSPOT OVEN GLOVE DOUBLE,6,2010-09-29T11:40:00,2.95,15734,United Kingdom
524482,22197,SMALL POPCORN HOLDER,12,2010-09-29T11:40:00,0.85,15734,United Kingdom
524482,22624,IVORY KITCHEN SCALES,2,2010-09-29T11:40:00,8.5,15734,United Kingdom
524482,22656,VINTAGE BLUE KITCHEN CABINET,1,2010-09-29T11:40:00,295,15734,United Kingdom
524482,22728,ALARM CLOCK BAKELIKE PINK,8,2010-09-29T11:40:00,3.75,15734,United Kingdom
524482,35004C,SET OF 3 COLOURED  FLYING DUCKS,12,2010-09-29T11:40:00,4.65,15734,United Kingdom
524482,47566,PARTY BUNTING,50,2010-09-29T11:40:00,3.75,15734,United Kingdom
525055,21136,PAINTED METAL PEARS ASSORTED,8,2010-10-03T13:56:00,1.69,16407,United Kingdom
525055,21269,ANTIQUE CREAM CUTLERY SHELF,1,2010-10-03T13:56:00,8.5,16407,United Kingdom
525055,21524,DOORMAT SPOTTY HOME SWEET HOME,1,2010-10-03T13:56:00,7.95,16407,United Kingdom
525055,21668,RED STRIPE CERAMIC DRAWER KNOB,6,2010-10-03T13:56:00,1.25,16407,United Kingdom
525055,21669,BLUE STRIPE CERAMIC DRAWER KNOB,6,2010-10-03T13:56:00,1.25,16407,United Kingdom
525055,21733,RED HANGING HEART T-LIGHT HOLDER,2,2010-10-03T13:56:00,2.95,16407,United Kingdom
525055,21755,LOVE BUILDING BLOCK WORD,2,2010-10-03T13:56:00,5.95,16407,United Kingdom
525055,22078,RIBBON REEL LACE DESIGN,5,2010-10-03T13:56:00,2.1,16407,United Kingdom
525055,22079,RIBBON REEL HEARTS DESIGN,5,2010-10-03T13:56:00,1.65,16407,United Kingdom
525055,22082,RIBBON REEL STRIPES DESIGN,5,2010-10-03T13:56:00,1.65,16407,United Kingdom
525055,22118,JOY WOODEN BLOCK LETTERS,2,2010-10-03T13:56:00,4.95,16407,United Kingdom
525055,22119,PEACE WOODEN BLOCK LETTERS,2,2010-10-03T13:56:00,6.95,16407,United Kingdom
525055,22120,WELCOME  WOODEN BLOCK LETTERS,1,2010-10-03T13:56:00,9.95,16407,United Kingdom
525055,22185,SLATE TILE NATURAL HANGING,2,2010-10-03T13:56:00,1.65,16407,United Kingdom
525055,22296,HEART IVORY TRELLIS LARGE,12,2010-10-03T13:56:00,1.65,16407,United Kingdom
525055,22457,NATURAL SLATE HEART CHALKBOARD,2,2010-10-03T13:56:00,2.95,16407,United Kingdom
525055,22469,HEART OF WICKER SMALL,4,2010-10-03T13:56:00,1.65,16407,United Kingdom
525055,22470,HEART OF WICKER LARGE,2,2010-10-03T13:56:00,2.95,16407,United Kingdom
525055,22470,HEART OF WICKER LARGE,2,2010-10-03T13:56:00,2.95,16407,United Kingdom
525055,22694,WICKER STAR,2,2010-10-03T13:56:00,2.1,16407,United Kingdom
525055,22804,CANDLEHOLDER PINK HANGING HEART,2,2010-10-03T13:56:00,2.95,16407,United Kingdom
525055,35961,FOLKART ZINC HEART CHRISTMAS DEC,12,2010-10-03T13:56:00,0.85,16407,United Kingdom
525055,48138,DOORMAT UNION FLAG,1,2010-10-03T13:56:00,7.95,16407,United Kingdom
525055,48185,DOORMAT FAIRY CAKE,1,2010-10-03T13:56:00,7.95,16407,United Kingdom
525055,82482,WOODEN PICTURE FRAME WHITE FINISH,6,2010-10-03T13:56:00,2.55,16407,United Kingdom
525055,82483,WOOD 2 DRAWER CABINET WHITE FINISH,2,2010-10-03T13:56:00,5.95,16407,United Kingdom
525055,84836,ZINC METAL HEART DECORATION,12,2010-10-03T13:56:00,1.25,16407,United Kingdom
525055,84978,HANGING HEART JAR T-LIGHT HOLDER,6,2010-10-03T13:56:00,1.25,16407,United Kingdom
525055,85064,CREAM SWEETHEART LETTER RACK,4,2010-10-03T13:56:00,5.45,16407,United Kingdom
525055,85123A,WHITE HANGING HEART T-LIGHT HOLDER,2,2010-10-03T13:56:00,2.95,16407,United Kingdom
525055,85123A,WHITE HANGING HEART T-LIGHT HOLDER,2,2010-10-03T13:56:00,2.95,16407,United Kingdom
525104,21730,GLASS STAR FROSTED T-LIGHT HOLDER,3,2010-10-04T10:29:00,4.95,16476,United Kingdom
525104,21843,RED RETROSPOT CAKE STAND,1,2010-10-04T10:29:00,10.95,16476,United Kingdom
525104,21892,TRADITIONAL WOODEN CATCH CUP GAME,12,2010-10-04T10:29:00,1.25,16476,United Kingdom
525104,22121,NOEL WOODEN BLOCK LETTERS,3,2010-10-04T10:29:00,5.95,16476,United Kingdom
525104,22156,HEART DECORATION WITH PEARLS,12,2010-10-04T10:29:00,0.85,16476,United Kingdom
525104,22162,HEART GARLAND RUSTIC PADDED,8,2010-10-04T10:29:00,2.95,16476,United Kingdom
525104,22221,CAKE STAND LOVEBIRD 2 TIER PINK,2,2010-10-04T10:29:00,9.95,16476,United Kingdom
525104,22236,CAKE STAND 3 TIER MAGIC GARDEN,1,2010-10-04T10:29:00,12.75,16476,United Kingdom
525104,22306,SILVER MUG BONE CHINA TREE OF LIFE,6,2010-10-04T10:29:00,1.95,16476,United Kingdom
525104,22307,GOLD MUG BONE CHINA TREE OF LIFE,6,2010-10-04T10:29:00,1.95,16476,United Kingdom
525104,22337,ANGEL DECORATION PAINTED ZINC,24,2010-10-04T10:29:00,0.65,16476,United Kingdom
525104,22469,HEART OF WICKER SMALL,12,2010-10-04T10:29:00,1.65,16476,United Kingdom
525104,22470,HEART OF WICKER LARGE,6,2010-10-04T10:29:00,2.95,16476,United Kingdom
525104,22577,WOODEN HEART CHRISTMAS SCANDINAVIAN,12,2010-10-04T10:29:00,0.85,16476,United Kingdom
525104,22579,WOODEN TREE CHRISTMAS SCANDINAVIAN,12,2010-10-04T10:29:00,0.85,16476,United Kingdom
525104,22600,CHRISTMAS RETROSPOT STAR WOOD,12,2010-10-04T10:29:00,0.85,16476,United Kingdom
525104,22620,4 TRADITIONAL SPINNING TOPS,12,2010-10-04T10:29:00,1.25,16476,United Kingdom
525104,22687,DOORMAT CHRISTMAS VILLAGE,2,2010-10-04T10:29:00,7.95,16476,United Kingdom
525104,22694,WICKER STAR,6,2010-10-04T10:29:00,2.1,16476,United Kingdom
525104,22695,WICKER WREATH SMALL,12,2010-10-04T10:29:00,1.45,16476,United Kingdom
525104,72799E,IVORY PILLAR CANDLE SILVER FLOCK,6,2010-10-04T10:29:00,2.95,16476,United Kingdom
525104,84884A,ANT WHITE WIRE HEART SPIRAL,5,2010-10-04T10:29:00,3.95,16476,United Kingdom
525104,85114B,IVORY ENCHANTED FOREST PLACEMAT,6,2010-10-04T10:29:00,1.65,16476,United Kingdom
525104,85114C,RED ENCHANTED FOREST PLACEMAT,6,2010-10-04T10:29:00,1.65,16476,United Kingdom
525214,10002,INFLATABLE POLITICAL GLOBE,12,2010-10-04T12:45:00,0.85,14849,United Kingdom
525214,20982,12 PENCILS TALL TUBE SKULLS,12,2010-10-04T12:45:00,0.85,14849,United Kingdom
525214,21327,SKULLS WRITING SET,12,2010-10-04T12:45:00,1.65,14849,United Kingdom
525214,21544,SKULLS  WATER TRANSFER TATTOOS,12,2010-10-04T12:45:00,0.85,14849,United Kingdom
525214,21675,BUTTERFLIES STICKERS,12,2010-10-04T12:45:00,0.85,14849,United Kingdom
525214,21679,SKULLS  STICKERS,12,2010-10-04T12:45:00,0.85,14849,United Kingdom
525214,21680,WOODLAND  STICKERS,12,2010-10-04T12:45:00,0.85,14849,United Kingdom
525214,21918,SET 12 KIDS COLOUR  CHALK STICKS,24,2010-10-04T12:45:00,0.42,14849,United Kingdom
525214,22085,PAPER CHAIN KIT SKULLS,6,2010-10-04T12:45:00,2.95,14849,United Kingdom
525214,22139,RETROSPOT TEA SET CERAMIC 11 PC,3,2010-10-04T12:45:00,4.95,14849,United Kingdom
525214,22147,FELTCRAFT BUTTERFLY HEARTS,12,2010-10-04T12:45:00,1.45,14849,United Kingdom
525214,22149,FELTCRAFT 6 FLOWER FRIENDS,6,2010-10-04T12:45:00,2.1,14849,United Kingdom
525214,22271,FELTCRAFT DOLL ROSIE,6,2010-10-04T12:45:00,2.95,14849,United Kingdom
525214,22437,SET OF 9 BLACK SKULL BALLOONS,20,2010-10-04T12:45:00,0.85,14849,United Kingdom
525214,22489,PACK OF 12 TRADITIONAL CRAYONS,24,2010-10-04T12:45:00,0.42,14849,United Kingdom
525214,22491,PACK OF 12 COLOURED PENCILS,12,2010-10-04T12:45:00,0.85,14849,United Kingdom
525214,22561,WOODEN SCHOOL COLOURING SET,12,2010-10-04T12:45:00,1.65,14849,United Kingdom
525214,22563,HAPPY STENCIL CRAFT,12,2010-10-04T12:45:00,1.25,14849,United Kingdom
525214,84077,WORLD WAR 2 GLIDERS ASSTD DESIGNS,48,2010-10-04T12:45:00,0.29,14849,United Kingdom
525277,20619,TROPICAL PASSPORT COVER,1,2010-10-04T17:07:00,2.1,15652,United Kingdom
525277,20657,TROPICAL LUGGAGE TAG,1,2010-10-04T17:07:00,1.25,15652,United Kingdom
525277,21080,SET/20 RED RETROSPOT PAPER NAPKINS,2,2010-10-04T17:07:00,0.85,15652,United Kingdom
525277,21094,SET/6 RED SPOTTY PAPER PLATES,4,2010-10-04T17:07:00,0.85,15652,United Kingdom
525277,21207,SKULL AND CROSSBONES  GARLAND,2,2010-10-04T17:07:00,1.65,15652,United Kingdom
525277,21210,SET OF 72 RETROSPOT PAPER  DOILIES,2,2010-10-04T17:07:00,1.45,15652,United Kingdom
525277,21211,SET OF 72 SKULL PAPER  DOILIES,2,2010-10-04T17:07:00,1.45,15652,United Kingdom
525277,21224,SET/4 SKULL BADGES,20,2010-10-04T17:07:00,1.25,15652,United Kingdom
525277,21581,SKULLS  DESIGN  COTTON TOTE BAG,2,2010-10-04T17:07:00,2.25,15652,United Kingdom
525277,21811,CHRISTMAS HANGING HEART WITH BELL,48,2010-10-04T17:07:00,1.25,15652,United Kingdom
525277,21812,GARLAND WITH HEARTS AND BELLS,6,2010-10-04T17:07:00,4.95,15652,United Kingdom
525277,21825,PAINTED METAL TREE WITH HOLLY BELLS,24,2010-10-04T17:07:00,1.45,15652,United Kingdom
525277,21936,RED RETROSPOT PICNIC BAG,2,2010-10-04T17:07:00,2.95,15652,United Kingdom
525277,21988,PACK OF 6 SKULL PAPER PLATES,4,2010-10-04T17:07:00,0.85,15652,United Kingdom
525277,21989,PACK OF 20 SKULL PAPER NAPKINS,2,2010-10-04T17:07:00,0.85,15652,United Kingdom
525277,22083,PAPER CHAIN KIT RETROSPOT,2,2010-10-04T17:07:00,2.95,15652,United Kingdom
525277,22085,PAPER CHAIN KIT SKULLS,2,2010-10-04T17:07:00,2.95,15652,United Kingdom
525277,22086,PAPER CHAIN KIT 50'S CHRISTMAS,2,2010-10-04T17:07:00,2.95,15652,United Kingdom
525277,22212,FOUR HOOK  WHITE LOVEBIRDS,3,2010-10-04T17:07:00,2.1,15652,United Kingdom
525277,22315,200 RED + WHITE BENDY STRAWS,1,2010-10-04T17:07:00,1.25,15652,United Kingdom
525277,22316,200 BENDY SKULL STRAWS,1,2010-10-04T17:07:00,1.25,15652,United Kingdom
525277,22332,SKULLS PARTY BAG + STICKER SET,2,2010-10-04T17:07:00,1.65,15652,United Kingdom
525277,22333,RETROSPOT PARTY BAG + STICKER SET,2,2010-10-04T17:07:00,1.65,15652,United Kingdom
525277,22437,SET OF 9 BLACK SKULL BALLOONS,4,2010-10-04T17:07:00,0.85,15652,United Kingdom
525277,22910,PAPER CHAIN KIT VINTAGE CHRISTMAS,2,2010-10-04T17:07:00,2.95,15652,United Kingdom
525277,47481,50CM METAL STRING WITH  7 CLIPS,12,2010-10-04T17:07:00,0.85,15652,United Kingdom
525277,84839,SWEETHEART KEY CABINET,2,2010-10-04T17:07:00,6.75,15652,United Kingdom
525277,84919,BLUE CUSHION COVER WITH FLOWER,2,2010-10-04T17:07:00,6.95,15652,United Kingdom
525277,85066,CREAM SWEETHEART MINI CHEST,2,2010-10-04T17:07:00,12.75,15652,United Kingdom
525277,85127,SMALL SQUARE CUT GLASS CANDLESTICK,2,2010-10-04T17:07:00,4.95,15652,United Kingdom
525277,85168B,BLACK BAROQUE CARRIAGE CLOCK,2,2010-10-04T17:07:00,9.95,15652,United Kingdom
525277,85180A,RED HEARTS LIGHT CHAIN,12,2010-10-04T17:07:00,4.65,15652,United Kingdom
525436,21735,TWO DOOR CURIO CABINET,1,2010-10-05T13:21:00,12.75,14492,United Kingdom
525436,22499,WOODEN UNION JACK BUNTING,4,2010-10-05T13:21:00,5.95,14492,United Kingdom
525436,22676,"FRENCH BLUE METAL DOOR SIGN, 1",20,2010-10-05T13:21:00,1.25,14492,United Kingdom
525436,22677,"FRENCH BLUE METAL DOOR SIGN, 2",20,2010-10-05T13:21:00,1.25,14492,United Kingdom
525436,22678,"FRENCH BLUE METAL DOOR SIGN, 3",20,2010-10-05T13:21:00,1.25,14492,United Kingdom
525436,22679,"FRENCH BLUE METAL DOOR SIGN, 4",20,2010-10-05T13:21:00,1.25,14492,United Kingdom
525436,22680,"FRENCH BLUE METAL DOOR SIGN, 5",20,2010-10-05T13:21:00,1.25,14492,United Kingdom
525436,22681,"FRENCH BLUE METAL DOOR SIGN, 6",20,2010-10-05T13:21:00,1.25,14492,United Kingdom
525436,22682,"FRENCH BLUE METAL DOOR SIGN, 7",20,2010-10-05T13:21:00,1.25,14492,United Kingdom
525436,22683,"FRENCH BLUE METAL DOOR SIGN, 8",20,2010-10-05T13:21:00,1.25,14492,United Kingdom
525436,22684,"FRENCH BLUE METAL DOOR SIGN, 9",20,2010-10-05T13:21:00,1.25,14492,United Kingdom
525436,22685,"FRENCH BLUE METAL DOOR SIGN, 0",20,2010-10-05T13:21:00,1.25,14492,United Kingdom
525436,82482,WOODEN PICTURE FRAME WHITE FINISH,6,2010-10-05T13:21:00,2.55,14492,United Kingdom
525436,82486,WOOD S/3 CABINET ANT WHITE FINISH,2,2010-10-05T13:21:00,7.95,14492,United Kingdom
525436,82494L,WOODEN FRAME ANTIQUE WHITE,6,2010-10-05T13:21:00,2.95,14492,United Kingdom
525436,85099C,JUMBO  BAG BAROQUE BLACK WHITE,10,2010-10-05T13:21:00,1.95,14492,United Kingdom
525436,85152,HAND OVER THE CHOCOLATE   SIGN,12,2010-10-05T13:21:00,2.1,14492,United Kingdom
525731,22156,HEART DECORATION WITH PEARLS,12,2010-10-06T15:54:00,0.85,16149,United Kingdom
525731,22335,HEART DECORATION PAINTED ZINC,24,2010-10-06T15:54:00,0.65,16149,United Kingdom
525731,22338,STAR DECORATION PAINTED ZINC,24,2010-10-06T15:54:00,0.65,16149,United Kingdom
525731,22696,WICKER WREATH LARGE,6,2010-10-06T15:54:00,1.95,16149,United Kingdom
525731,22855,FINE WICKER HEART,12,2010-10-06T15:54:00,1.25,16149,United Kingdom
525731,35931,PINK STAR CHRISTMAS DECORATION,10,2010-10-06T15:54:00,0.38,16149,United Kingdom
525731,35937,CERISE+GOLD CHRISTMAS STOCKING DEC,10,2010-10-06T15:54:00,0.38,16149,United Kingdom
525731,35951,FOLKART BAUBLE CHRISTMAS DECORATION,48,2010-10-06T15:54:00,0.38,16149,United Kingdom
525731,35957,SMALLFOLKART BAUBLE CHRISTMAS DEC,96,2010-10-06T15:54:00,0.19,16149,United Kingdom
525731,35958,FOLKART ZINC STAR CHRISTMAS DEC,12,2010-10-06T15:54:00,0.85,16149,United Kingdom
525731,35961,FOLKART ZINC HEART CHRISTMAS DEC,12,2010-10-06T15:54:00,0.85,16149,United Kingdom
525731,35980C,REDWHITE STRIPE SCANDINAVIAN HEART,24,2010-10-06T15:54:00,0.38,16149,United Kingdom
526002,20674,GREEN POLKADOT BOWL,8,2010-10-08T11:36:00,1.25,12458,Switzerland
526002,20675,BLUE POLKADOT BOWL,8,2010-10-08T11:36:00,1.25,12458,Switzerland
526002,20676,RED RETROSPOT BOWL,8,2010-10-08T11:36:00,1.25,12458,Switzerland
526002,20677,PINK POLKADOT BOWL,8,2010-10-08T11:36:00,1.25,12458,Switzerland
526002,20682,RED RETROSPOT CHILDRENS UMBRELLA,6,2010-10-08T11:36:00,3.25,12458,Switzerland
526002,20981,12 PENCILS TALL TUBE WOODLAND,12,2010-10-08T11:36:00,0.85,12458,Switzerland
526002,21238,RED RETROSPOT CUP,8,2010-10-08T11:36:00,0.85,12458,Switzerland
526002,21239,PINK  POLKADOT CUP,8,2010-10-08T11:36:00,0.85,12458,Switzerland
526002,21240,BLUE POLKADOT CUP,8,2010-10-08T11:36:00,0.85,12458,Switzerland
526002,21242,RED RETROSPOT PLATE,8,2010-10-08T11:36:00,1.69,12458,Switzerland
526002,21243,PINK  POLKADOT PLATE,8,2010-10-08T11:36:00,1.69,12458,Switzerland
526002,21244,BLUE POLKADOT PLATE,8,2010-10-08T11:36:00,1.69,12458,Switzerland
526002,21245,GREEN POLKADOT PLATE,8,2010-10-08T11:36:00,1.69,12458,Switzerland
526002,21670,BLUE SPOT CERAMIC DRAWER KNOB,12,2010-10-08T11:36:00,1.25,12458,Switzerland
526002,21731,RED TOADSTOOL LED NIGHT LIGHT,12,2010-10-08T11:36:00,1.65,12458,Switzerland
526002,22180,RETROSPOT LAMP,3,2010-10-08T11:36:00,9.95,12458,Switzerland
526002,22242,5 HOOK HANGER MAGIC TOADSTOOL,12,2010-10-08T11:36:00,1.65,12458,Switzerland
526002,22245,"HOOK, 1 HANGER ,MAGIC GARDEN",12,2010-10-08T11:36:00,0.85,12458,Switzerland
526002,22317,FIVE CATS HANGING DECORATION,6,2010-10-08T11:36:00,2.95,12458,Switzerland
526002,22318,FIVE HEART HANGING DECORATION,6,2010-10-08T11:36:00,2.95,12458,Switzerland
526002,22320,BIRDS MOBILE VINTAGE DESIGN,3,2010-10-08T11:36:00,5.95,12458,Switzerland
526002,22505,MEMO BOARD COTTAGE DESIGN,4,2010-10-08T11:36:00,4.95,12458,Switzerland
526002,22748,POPPY'S PLAYHOUSE KITCHEN,6,2010-10-08T11:36:00,2.1,12458,Switzerland
526002,84997A,GREEN 3 PIECE POLKADOT CUTLERY SET,6,2010-10-08T11:36:00,3.75,12458,Switzerland
526002,84997D,PINK 3 PIECE POLKADOT CUTLERY SET,6,2010-10-08T11:36:00,3.75,12458,Switzerland
526002,POST,POSTAGE,2,2010-10-08T11:36:00,40,12458,Switzerland
526122,21481,FAWN BLUE HOT WATER BOTTLE,3,2010-10-08T13:31:00,2.95,14662,United Kingdom
526122,21731,RED TOADSTOOL LED NIGHT LIGHT,3,2010-10-08T13:31:00,1.65,14662,United Kingdom
526122,22168,ORGANISER WOOD ANTIQUE WHITE,1,2010-10-08T13:31:00,8.5,14662,United Kingdom
526122,22326,ROUND SNACK BOXES SET OF4 WOODLAND,2,2010-10-08T13:31:00,2.95,14662,United Kingdom
526122,22431,WATERING CAN BLUE ELEPHANT,1,2010-10-08T13:31:00,1.95,14662,United Kingdom
526122,22432,WATERING CAN PINK BUNNY,2,2010-10-08T13:31:00,1.95,14662,United Kingdom
526122,22433,WATERING CAN GREEN DINOSAUR,2,2010-10-08T13:31:00,1.95,14662,United Kingdom
526122,22457,NATURAL SLATE HEART CHALKBOARD,1,2010-10-08T13:31:00,2.95,14662,United Kingdom
526122,22466,FAIRY TALE COTTAGE NIGHTLIGHT,1,2010-10-08T13:31:00,1.95,14662,United Kingdom
526122,22487,WHITE WOOD GARDEN PLANT LADDER,1,2010-10-08T13:31:00,9.95,14662,United Kingdom
526122,22492,MINI PAINT SET VINTAGE,36,2010-10-08T13:31:00,0.65,14662,United Kingdom
526122,22502,PICNIC BASKET WICKER SMALL,2,2010-10-08T13:31:00,5.95,14662,United Kingdom
526122,22505,MEMO BOARD COTTAGE DESIGN,2,2010-10-08T13:31:00,4.95,14662,United Kingdom
526122,22531,MAGIC DRAWING SLATE CIRCUS PARADE,6,2010-10-08T13:31:00,0.42,14662,United Kingdom
526122,22533,MAGIC DRAWING SLATE BAKE A CAKE,7,2010-10-08T13:31:00,0.42,14662,United Kingdom
526122,22536,MAGIC DRAWING SLATE PURDEY,10,2010-10-08T13:31:00,0.42,14662,United Kingdom
526122,22537,MAGIC DRAWING SLATE DINOSAUR,9,2010-10-08T13:31:00,0.42,14662,United Kingdom
526122,22551,PLASTERS IN TIN SPACEBOY,3,2010-10-08T13:31:00,1.65,14662,United Kingdom
526122,22553,PLASTERS IN TIN SKULLS,3,2010-10-08T13:31:00,1.65,14662,United Kingdom
526122,22554,PLASTERS IN TIN WOODLAND ANIMALS,3,2010-10-08T13:31:00,1.65,14662,United Kingdom
526122,22556,PLASTERS IN TIN CIRCUS PARADE,3,2010-10-08T13:31:00,1.65,14662,United Kingdom
526122,22560,TRADITIONAL MODELLING CLAY,4,2010-10-08T13:31:00,1.25,14662,United Kingdom
526122,22629,SPACEBOY LUNCH BOX,1,2010-10-08T13:31:00,1.95,14662,United Kingdom
526122,22630,DOLLY GIRL LUNCH BOX,1,2010-10-08T13:31:00,1.95,14662,United Kingdom
526122,22631,CIRCUS PARADE LUNCH BOX,1,2010-10-08T13:31:00,1.95,14662,United Kingdom
526122,22659,LUNCH BOX I LOVE LONDON,1,2010-10-08T13:31:00,1.95,14662,United Kingdom
526122,22736,RIBBON REEL MAKING SNOWMEN,15,2010-10-08T13:31:00,1.65,14662,United Kingdom
526122,22738,RIBBON REEL SNOWY VILLAGE,15,2010-10-08T13:31:00,1.65,14662,United Kingdom
526122,22749,FELTCRAFT PRINCESS CHARLOTTE DOLL,2,2010-10-08T13:31:00,3.75,14662,United Kingdom
526122,22750,FELTCRAFT PRINCESS LOLA DOLL,2,2010-10-08T13:31:00,3.75,14662,United Kingdom
526122,22751,FELTCRAFT PRINCESS OLIVIA DOLL,1,2010-10-08T13:31:00,3.75,14662,United Kingdom
526122,22751,FELTCRAFT PRINCESS OLIVIA DOLL,1,2010-10-08T13:31:00,3.75,14662,United Kingdom
526122,22816,CARD MOTORBIKE SANTA,12,2010-10-08T13:31:00,0.42,14662,United Kingdom
526122,22818,CARD CHRISTMAS VILLAGE,12,2010-10-08T13:31:00,0.42,14662,United Kingdom
526122,22837,HOT WATER BOTTLE BABUSHKA,2,2010-10-08T13:31:00,4.65,14662,United Kingdom
526122,22862,LOVE HEART NAPKIN BOX,4,2010-10-08T13:31:00,4.25,14662,United Kingdom
526122,22909,SET OF 20 VINTAGE CHRISTMAS NAPKINS,11,2010-10-08T13:31:00,0.85,14662,United Kingdom
526122,22910,PAPER CHAIN KIT VINTAGE CHRISTMAS,12,2010-10-08T13:31:00,2.95,14662,United Kingdom
526122,22911,PAPER CHAIN KIT LONDON,1,2010-10-08T13:31:00,2.95,14662,United Kingdom
526122,22911,PAPER CHAIN KIT LONDON,1,2010-10-08T13:31:00,2.95,14662,United Kingdom
526122,22940,FELTCRAFT CHRISTMAS FAIRY,1,2010-10-08T13:31:00,4.25,14662,United Kingdom
526122,22940,FELTCRAFT CHRISTMAS FAIRY,3,2010-10-08T13:31:00,4.25,14662,United Kingdom
526122,22945,CHRISTMAS METAL TAGS ASSORTED,24,2010-10-08T13:31:00,0.85,14662,United Kingdom
526122,22946,WOODEN ADVENT CALENDAR CREAM,2,2010-10-08T13:31:00,16.95,14662,United Kingdom
526122,22947,WOODEN ADVENT CALENDAR RED,2,2010-10-08T13:31:00,16.95,14662,United Kingdom
526122,22948,METAL DECORATION NAUGHTY CHILDREN,6,2010-10-08T13:31:00,0.85,14662,United Kingdom
526122,35970,ZINC FOLKART SLEIGH BELLS,6,2010-10-08T13:31:00,1.69,14662,United Kingdom
526179,17165B,ASS COL LARGE SAND GECKO P'WEIGHT,1,2010-10-10T11:41:00,1.05,13736,United Kingdom
526179,20724,RED RETROSPOT CHARLOTTE BAG,2,2010-10-10T11:41:00,0.85,13736,United Kingdom
526179,21035,SET/2 RED RETROSPOT TEA TOWELS,1,2010-10-10T11:41:00,2.95,13736,United Kingdom
526179,21041,RED RETROSPOT OVEN GLOVE DOUBLE,2,2010-10-10T11:41:00,2.95,13736,United Kingdom
526179,21080,SET/20 RED RETROSPOT PAPER NAPKINS,8,2010-10-10T11:41:00,0.85,13736,United Kingdom
526179,21154,RED RETROSPOT OVEN GLOVE,2,2010-10-10T11:41:00,1.25,13736,United Kingdom
526179,21166,COOK WITH WINE METAL SIGN,1,2010-10-10T11:41:00,1.95,13736,United Kingdom
526179,21169,YOU'RE CONFUSING ME METAL SIGN,1,2010-10-10T11:41:00,1.69,13736,United Kingdom
526179,21174,POTTERING IN THE SHED METAL SIGN,1,2010-10-10T11:41:00,1.95,13736,United Kingdom
526179,21175,GIN + TONIC DIET METAL SIGN,1,2010-10-10T11:41:00,2.1,13736,United Kingdom
526179,21181,PLEASE ONE PERSON METAL SIGN,1,2010-10-10T11:41:00,2.1,13736,United Kingdom
526179,21210,SET OF 72 RETROSPOT PAPER  DOILIES,4,2010-10-10T11:41:00,1.45,13736,United Kingdom
526179,21212,PACK OF 72 RETROSPOT CAKE CASES,6,2010-10-10T11:41:00,0.55,13736,United Kingdom
526179,21216,"SET 3 RETROSPOT TEA,COFFEE,SUGAR",2,2010-10-10T11:41:00,4.95,13736,United Kingdom
526179,21217,RED RETROSPOT ROUND CAKE TINS,1,2010-10-10T11:41:00,9.95,13736,United Kingdom
526179,21231,SWEETHEART CERAMIC TRINKET BOX,3,2010-10-10T11:41:00,1.25,13736,United Kingdom
526179,21232,STRAWBERRY CERAMIC TRINKET BOX,4,2010-10-10T11:41:00,1.25,13736,United Kingdom
526179,21870,I CAN ONLY PLEASE ONE PERSON MUG,3,2010-10-10T11:41:00,1.25,13736,United Kingdom
526179,21872,GLAMOROUS  MUG,1,2010-10-10T11:41:00,1.25,13736,United Kingdom
526179,21874,GIN AND TONIC MUG,2,2010-10-10T11:41:00,1.25,13736,United Kingdom
526179,22073,RED RETROSPOT STORAGE JAR,6,2010-10-10T11:41:00,3.75,13736,United Kingdom
526179,22244,3 HOOK HANGER MAGIC GARDEN,1,2010-10-10T11:41:00,1.95,13736,United Kingdom
526179,22245,"HOOK, 1 HANGER ,MAGIC GARDEN",2,2010-10-10T11:41:00,0.85,13736,United Kingdom
526179,22284,HEN HOUSE DECORATION,2,2010-10-10T11:41:00,1.65,13736,United Kingdom
526179,22285,"DECORATION HEN ON NEST, HANGING",2,2010-10-10T11:41:00,1.65,13736,United Kingdom
526179,22355,CHARLOTTE BAG SUKI DESIGN,2,2010-10-10T11:41:00,0.85,13736,United Kingdom
526179,22356,CHARLOTTE BAG PINK POLKADOT,2,2010-10-10T11:41:00,0.85,13736,United Kingdom
526179,22424,ENAMEL BREAD BIN CREAM,1,2010-10-10T11:41:00,12.75,13736,United Kingdom
526179,22591,CARDHOLDER GINGHAM CHRISTMAS TREE,2,2010-10-10T11:41:00,2.55,13736,United Kingdom
526179,22596,CHRISTMAS STAR WISH LIST CHALKBOARD,2,2010-10-10T11:41:00,0.85,13736,United Kingdom
526179,22624,IVORY KITCHEN SCALES,1,2010-10-10T11:41:00,8.5,13736,United Kingdom
526179,22626,BLACK KITCHEN SCALES,1,2010-10-10T11:41:00,8.5,13736,United Kingdom
526179,22644,CERAMIC CHERRY CAKE MONEY BANK,8,2010-10-10T11:41:00,1.45,13736,United Kingdom
526179,22649,STRAWBERRY FAIRY CAKE TEAPOT,1,2010-10-10T11:41:00,4.95,13736,United Kingdom
526179,22667,RECIPE BOX RETROSPOT,2,2010-10-10T11:41:00,2.95,13736,United Kingdom
526179,22851,SET 20 NAPKINS FAIRY CAKES DESIGN,10,2010-10-10T11:41:00,0.85,13736,United Kingdom
526179,22950,36 DOILIES VINTAGE CHRISTMAS,3,2010-10-10T11:41:00,1.45,13736,United Kingdom
526179,22952,60 CAKE CASES VINTAGE CHRISTMAS,12,2010-10-10T11:41:00,0.55,13736,United Kingdom
526179,47556B,TEA TIME TEA TOWELS,4,2010-10-10T11:41:00,2.95,13736,United Kingdom
526179,47559B,TEA TIME OVEN GLOVE,10,2010-10-10T11:41:00,1.25,13736,United Kingdom
526179,47566B,TEA TIME PARTY BUNTING,3,2010-10-10T11:41:00,4.65,13736,United Kingdom
526179,47567B,TEA TIME KITCHEN APRON,1,2010-10-10T11:41:00,5.95,13736,United Kingdom
526179,72586,SET OF 6 HALLOWEEN GHOST T-LIGHTS,6,2010-10-10T11:41:00,0.42,13736,United Kingdom
526179,84509G,SET OF 4 FAIRY CAKE PLACEMATS,1,2010-10-10T11:41:00,3.75,13736,United Kingdom
526179,84692,BOX OF 24 COCKTAIL PARASOLS,8,2010-10-10T11:41:00,0.42,13736,United Kingdom
526179,84924A,WAKE UP COCKEREL CALENDAR SIGN,1,2010-10-10T11:41:00,3.75,13736,United Kingdom
526179,84987,SET OF 36 TEATIME PAPER DOILIES,7,2010-10-10T11:41:00,1.45,13736,United Kingdom
526179,85049A,TRADITIONAL CHRISTMAS RIBBONS,3,2010-10-10T11:41:00,1.25,13736,United Kingdom
526179,85214,TUB 24 PINK FLOWER PEGS,1,2010-10-10T11:41:00,1.65,13736,United Kingdom
526642,20685,DOORMAT RED RETROSPOT,10,2010-10-12T13:26:00,6.75,12647,Germany
526642,21154,RED RETROSPOT OVEN GLOVE,30,2010-10-12T13:26:00,1.25,12647,Germany
526642,21155,RED RETROSPOT PEG BAG,12,2010-10-12T13:26:00,2.1,12647,Germany
526642,21272,SALLE DE BAIN HOOK,12,2010-10-12T13:26:00,1.25,12647,Germany
526642,22077,6 RIBBONS RUSTIC CHARM,36,2010-10-12T13:26:00,1.65,12647,Germany
526642,22243,5 HOOK HANGER RED MAGIC TOADSTOOL,48,2010-10-12T13:26:00,1.65,12647,Germany
526642,22245,"HOOK, 1 HANGER ,MAGIC GARDEN",12,2010-10-12T13:26:00,0.85,12647,Germany
526642,22425,ENAMEL COLANDER CREAM,3,2010-10-12T13:26:00,4.95,12647,Germany
526642,22426,ENAMEL WASH BOWL CREAM,4,2010-10-12T13:26:00,3.75,12647,Germany
526642,22450,SILK PURSE BABUSHKA BLUE,6,2010-10-12T13:26:00,3.35,12647,Germany
526642,22472,TV DINNER TRAY DOLLY GIRL,3,2010-10-12T13:26:00,4.95,12647,Germany
526642,22624,IVORY KITCHEN SCALES,2,2010-10-12T13:26:00,8.5,12647,Germany
526642,22895,SET OF 2 TEA TOWELS APPLE AND PEARS,12,2010-10-12T13:26:00,2.95,12647,Germany
526642,22896,PEG BAG APPLES DESIGN,6,2010-10-12T13:26:00,2.55,12647,Germany
526642,22897,OVEN MITT APPLES DESIGN,20,2010-10-12T13:26:00,1.45,12647,Germany
526642,22900,SET 2 TEA TOWELS I LOVE LONDON,6,2010-10-12T13:26:00,2.95,12647,Germany
526642,35598D,PINK/WHITE CHRISTMAS TREE 60CM,24,2010-10-12T13:26:00,0.65,12647,Germany
526642,35599D,PINK AND WHITE CHRISTMAS TREE 120CM,12,2010-10-12T13:26:00,2.95,12647,Germany
526642,84279P,CHERRY BLOSSOM  DECORATIVE FLASK,12,2010-10-12T13:26:00,3.39,12647,Germany
526642,84946,ANTIQUE SILVER TEA GLASS ETCHED,12,2010-10-12T13:26:00,1.25,12647,Germany
526642,POST,POSTAGE,9,2010-10-12T13:26:00,18,12647,Germany
526646,15056BL,EDWARDIAN PARASOL BLACK,3,2010-10-12T13:35:00,5.95,12553,France
526646,20712,JUMBO BAG WOODLAND ANIMALS,10,2010-10-12T13:35:00,1.95,12553,France
526646,20750,RED/WHITE DOT MINI CASES,2,2010-10-12T13:35:00,7.95,12553,France
526646,21821,GLITTER STAR GARLAND WITH BELLS,6,2010-10-12T13:35:00,3.75,12553,France
526646,21880,RED AND WHITE SPOT TAPE,12,2010-10-12T13:35:00,0.65,12553,France
526646,21883,STARS GIFT TAPE,12,2010-10-12T13:35:00,0.65,12553,France
526646,22029,SPACEBOY BIRTHDAY CARD,12,2010-10-12T13:35:00,0.42,12553,France
526646,22139,RETRO SPOT TEA SET CERAMIC 11 PC,3,2010-10-12T13:35:00,4.95,12553,France
526646,22352,LUNCH BOX WITH CUTLERY RETROSPOT,6,2010-10-12T13:35:00,2.55,12553,France
526646,22355,CHARLOTTE BAG SUKI DESIGN,10,2010-10-12T13:35:00,0.85,12553,France
526646,22435,SET OF 9 HEART SHAPED BALLOONS,12,2010-10-12T13:35:00,1.25,12553,France
526646,22437,SET OF 9 BLACK SKULL BALLOONS,20,2010-10-12T13:35:00,0.85,12553,France
526646,22451,SILK PURSE BABUSHKA RED,6,2010-10-12T13:35:00,3.35,12553,France
526646,22454,MEASURING TAPE BABUSHKA RED,6,2010-10-12T13:35:00,2.95,12553,France
526646,22504,CABIN BAG VINTAGE RETROSPOT,2,2010-10-12T13:35:00,29.95,12553,France
526646,22554,PLASTERS IN TIN WOODLAND ANIMALS,12,2010-10-12T13:35:00,1.65,12553,France
526646,22618,COOKING SET RETROSPOT,2,2010-10-12T13:35:00,9.95,12553,France
526646,22631,CIRCUS PARADE LUNCH BOX,12,2010-10-12T13:35:00,1.95,12553,France
526646,22634,CHILDS BREAKFAST SET SPACEBOY,4,2010-10-12T13:35:00,9.95,12553,France
526646,22636,CHILDS BREAKFAST SET CIRCUS PARADE,4,2010-10-12T13:35:00,8.5,12553,France
526646,84997B,RED 3 PIECE MINI DOTS CUTLERY SET,6,2010-10-12T13:35:00,3.75,12553,France
526646,84997C,BLUE 3 PIECE MINI DOTS CUTLERY SET,6,2010-10-12T13:35:00,3.75,12553,France
526646,85014B,RED/WHITE DOTS RUFFLED UMBRELLA,3,2010-10-12T13:35:00,5.95,12553,France
526646,85099B,JUMBO BAG RED RETROSPOT,10,2010-10-12T13:35:00,1.95,12553,France
526646,POST,POSTAGE,3,2010-10-12T13:35:00,18,12553,France
526850,21232,STRAWBERRY CERAMIC TRINKET BOX,12,2010-10-13T12:36:00,1.25,16238,United Kingdom
526850,21500,PINK POLKADOT WRAP,25,2010-10-13T12:36:00,0.42,16238,United Kingdom
526850,22059,CERAMIC STRAWBERRY DESIGN MUG,12,2010-10-13T12:36:00,1.49,16238,United Kingdom
526850,22348,TEA BAG PLATE RED RETROSPOT,12,2010-10-13T12:36:00,0.85,16238,United Kingdom
526850,22420,LIPSTICK PEN BABY PINK,12,2010-10-13T12:36:00,0.42,16238,United Kingdom
526850,22421,LIPSTICK PEN FUSCHIA,12,2010-10-13T12:36:00,0.42,16238,United Kingdom
527081,82607A,,1,2010-10-14T15:27:00,0,,United Kingdom
527089,21330,WOODLAND ANIMAL  WRITING SET,12,2010-10-14T15:51:00,1.65,14291,United Kingdom
527250,21479,WHITE SKULL HOT WATER BOTTLE,4,2010-10-15T12:28:00,3.75,12445,Spain
527250,21733,RED HANGING HEART T-LIGHT HOLDER,6,2010-10-15T12:28:00,2.95,12445,Spain
527250,21888,BINGO SET,4,2010-10-15T12:28:00,3.75,12445,Spain
527250,22111,SCOTTIE DOG HOT WATER BOTTLE,3,2010-10-15T12:28:00,4.95,12445,Spain
527250,22311,OFFICE MUG WARMER BLACK+SILVER,6,2010-10-15T12:28:00,2.95,12445,Spain
527250,22313,OFFICE MUG WARMER PINK,6,2010-10-15T12:28:00,2.95,12445,Spain
527250,22314,OFFICE MUG WARMER CHOC+BLUE,6,2010-10-15T12:28:00,2.95,12445,Spain
527250,22419,LIPSTICK PEN RED,12,2010-10-15T12:28:00,0.42,12445,Spain
527250,22421,LIPSTICK PEN FUSCHIA,12,2010-10-15T12:28:00,0.42,12445,Spain
527250,22522,CHILDS GARDEN FORK BLUE,12,2010-10-15T12:28:00,0.85,12445,Spain
527250,22523,CHILDS GARDEN FORK PINK,12,2010-10-15T12:28:00,0.85,12445,Spain
527250,22524,CHILDRENS GARDEN GLOVES BLUE,10,2010-10-15T12:28:00,1.25,12445,Spain
527250,22525,CHILDRENS GARDEN GLOVES PINK,10,2010-10-15T12:28:00,1.25,12445,Spain
527250,22619,SET OF 6 SOLDIER SKITTLES,8,2010-10-15T12:28:00,3.75,12445,Spain
527250,22620,4 TRADITIONAL SPINNING TOPS,12,2010-10-15T12:28:00,1.25,12445,Spain
527250,72807B,SET/3 OCEAN SCENT CANDLE JEWEL BOX,4,2010-10-15T12:28:00,4.25,12445,Spain
527250,72807C,SET/3 VANILLA SCENTED CANDLE IN BOX,4,2010-10-15T12:28:00,4.25,12445,Spain
527250,79321,CHILLI LIGHTS,4,2010-10-15T12:28:00,4.95,12445,Spain
527250,84031A,CHARLIE+LOLA RED HOT WATER BOTTLE,3,2010-10-15T12:28:00,4.65,12445,Spain
527250,85123A,WHITE HANGING HEART T-LIGHT HOLDER,6,2010-10-15T12:28:00,2.95,12445,Spain
527287,72741,GRAND CHOCOLATECANDLE,72,2010-10-15T13:50:00,1.25,15686,United Kingdom
527343,84691,,83,2010-10-15T15:38:00,0,,United Kingdom
527399,20971,PINK BLUE FELT CRAFT TRINKET BOX,12,2010-10-17T13:58:00,1.25,15590,United Kingdom
527399,20972,PINK CREAM FELT CRAFT TRINKET BOX,12,2010-10-17T13:58:00,1.25,15590,United Kingdom
527399,21068,VINTAGE BILLBOARD LOVE/HATE MUG,12,2010-10-17T13:58:00,1.25,15590,United Kingdom
527399,21114,LAVENDER SCENTED FABRIC HEART,10,2010-10-17T13:58:00,1.25,15590,United Kingdom
527399,21349,IVY HEART WREATH,2,2010-10-17T13:58:00,6.75,15590,United Kingdom
527399,21668,RED STRIPE CERAMIC DRAWER KNOB,12,2010-10-17T13:58:00,1.25,15590,United Kingdom
527399,21672,WHITE SPOT RED CERAMIC DRAWER KNOB,12,2010-10-17T13:58:00,1.25,15590,United Kingdom
527399,22149,FELTCRAFT 6 FLOWER FRIENDS,6,2010-10-17T13:58:00,2.1,15590,United Kingdom
527399,22296,HEART IVORY TRELLIS LARGE,12,2010-10-17T13:58:00,1.65,15590,United Kingdom
527399,22318,FIVE HEART HANGING DECORATION,6,2010-10-17T13:58:00,2.95,15590,United Kingdom
527399,22457,NATURAL SLATE HEART CHALKBOARD,6,2010-10-17T13:58:00,2.95,15590,United Kingdom
527399,22469,HEART OF WICKER SMALL,12,2010-10-17T13:58:00,1.65,15590,United Kingdom
527399,22470,HEART OF WICKER LARGE,6,2010-10-17T13:58:00,2.95,15590,United Kingdom
527399,22593,CHRISTMAS GINGHAM STAR,12,2010-10-17T13:58:00,0.85,15590,United Kingdom
527399,22594,CHRISTMAS GINGHAM TREE,12,2010-10-17T13:58:00,0.85,15590,United Kingdom
527399,22595,CHRISTMAS GINGHAM HEART,12,2010-10-17T13:58:00,0.85,15590,United Kingdom
527399,22601,CHRISTMAS RETROSPOT ANGEL WOOD,12,2010-10-17T13:58:00,0.85,15590,United Kingdom
527399,22602,CHRISTMAS RETROSPOT HEART WOOD,12,2010-10-17T13:58:00,0.85,15590,United Kingdom
527399,22668,PINK BABY BUNTING,5,2010-10-17T13:58:00,2.95,15590,United Kingdom
527399,22694,WICKER STAR,6,2010-10-17T13:58:00,2.1,15590,United Kingdom
527399,22735,RIBBON REEL SOCKS AND MITTENS,10,2010-10-17T13:58:00,1.65,15590,United Kingdom
527399,22736,RIBBON REEL MAKING SNOWMEN,10,2010-10-17T13:58:00,1.65,15590,United Kingdom
527399,22737,RIBBON REEL CHRISTMAS PRESENT,10,2010-10-17T13:58:00,1.65,15590,United Kingdom
527399,22738,RIBBON REEL SNOWY VILLAGE,10,2010-10-17T13:58:00,1.65,15590,United Kingdom
527399,22739,RIBBON REEL CHRISTMAS SOCK BAUBLE,10,2010-10-17T13:58:00,1.65,15590,United Kingdom
527399,22771,CLEAR DRAWER KNOB ACRYLIC EDWARDIAN,36,2010-10-17T13:58:00,1.25,15590,United Kingdom
527399,22772,PINK DRAWER KNOB ACRYLIC EDWARDIAN,12,2010-10-17T13:58:00,1.25,15590,United Kingdom
527399,22773,GREEN DRAWER KNOB ACRYLIC EDWARDIAN,12,2010-10-17T13:58:00,1.25,15590,United Kingdom
527399,22774,RED DRAWER KNOB ACRYLIC EDWARDIAN,12,2010-10-17T13:58:00,1.25,15590,United Kingdom
527399,22775,PURPLE DRAWERKNOB ACRYLIC EDWARDIAN,12,2010-10-17T13:58:00,1.25,15590,United Kingdom
527399,22776,SWEETHEART CAKESTAND 3 TIER,2,2010-10-17T13:58:00,9.95,15590,United Kingdom
527399,22805,BLUE DRAWER KNOB ACRYLIC EDWARDIAN,12,2010-10-17T13:58:00,1.25,15590,United Kingdom
527399,22890,NOVELTY BISCUITS CAKE STAND 3 TIER,2,2010-10-17T13:58:00,9.95,15590,United Kingdom
527399,22944,CHRISTMAS METAL POSTCARD WITH BELLS,12,2010-10-17T13:58:00,1.25,15590,United Kingdom
527399,47566,PARTY BUNTING,5,2010-10-17T13:58:00,4.65,15590,United Kingdom
527399,71477,COLOUR GLASS. STAR T-LIGHT HOLDER,4,2010-10-17T13:58:00,3.25,15590,United Kingdom
527399,79321,CHILLI LIGHTS,4,2010-10-17T13:58:00,4.95,15590,United Kingdom
527399,84406B,CREAM CUPID HEARTS COAT HANGER,8,2010-10-17T13:58:00,3.25,15590,United Kingdom
527399,84832,ZINC WILLIE WINKIE  CANDLE STICK,12,2010-10-17T13:58:00,0.85,15590,United Kingdom
528057,22567,20 DOLLY PEGS RETROSPOT,12,2010-10-20T11:58:00,1.25,18241,United Kingdom
528057,22570,FELTCRAFT CUSHION RABBIT,4,2010-10-20T11:58:00,3.75,18241,United Kingdom
528057,22571,ROCKING HORSE RED CHRISTMAS,12,2010-10-20T11:58:00,0.85,18241,United Kingdom
528057,22572,ROCKING HORSE GREEN CHRISTMAS,12,2010-10-20T11:58:00,0.85,18241,United Kingdom
528057,22595,CHRISTMAS GINGHAM HEART,12,2010-10-20T11:58:00,0.85,18241,United Kingdom
528057,22617,BAKING SET SPACEBOY DESIGN,3,2010-10-20T11:58:00,4.95,18241,United Kingdom
528057,22619,SET OF 6 SOLDIER SKITTLES,4,2010-10-20T11:58:00,3.75,18241,United Kingdom
528057,22646,CERAMIC STRAWBERRY CAKE MONEY BANK,12,2010-10-20T11:58:00,1.45,18241,United Kingdom
528057,22749,FELTCRAFT PRINCESS CHARLOTTE DOLL,8,2010-10-20T11:58:00,3.75,18241,United Kingdom
528057,22750,FELTCRAFT PRINCESS LOLA DOLL,8,2010-10-20T11:58:00,3.75,18241,United Kingdom
528057,22751,FELTCRAFT PRINCESS OLIVIA DOLL,8,2010-10-20T11:58:00,3.75,18241,United Kingdom
528057,22940,FELTCRAFT CHRISTMAS FAIRY,8,2010-10-20T11:58:00,4.25,18241,United Kingdom
528077,20724,RED RETROSPOT CHARLOTTE BAG,10,2010-10-20T12:44:00,0.85,13995,United Kingdom
528077,21186,WHITE DOVE HONEYCOMB PAPER GARLAND,12,2010-10-20T12:44:00,1.65,13995,United Kingdom
528077,21527,RED RETROSPOT TRADITIONAL TEAPOT,2,2010-10-20T12:44:00,7.95,13995,United Kingdom
528077,21577,SAVE THE PLANET COTTON TOTE BAG,6,2010-10-20T12:44:00,2.25,13995,United Kingdom
528077,21868,POTTING SHED TEA MUG,12,2010-10-20T12:44:00,1.25,13995,United Kingdom
528077,21871,SAVE THE PLANET MUG,12,2010-10-20T12:44:00,1.25,13995,United Kingdom
528077,21874,GIN AND TONIC MUG,12,2010-10-20T12:44:00,1.25,13995,United Kingdom
528077,21932,SCANDINAVIAN PAISLEY PICNIC BAG,5,2010-10-20T12:44:00,2.95,13995,United Kingdom
528077,22130,PARTY CONE CHRISTMAS DECORATION,12,2010-10-20T12:44:00,0.85,13995,United Kingdom
528077,22294,HEART FILIGREE DOVE  SMALL,24,2010-10-20T12:44:00,1.25,13995,United Kingdom
528077,22398,MAGNETS PACK OF 4 SWALLOWS,12,2010-10-20T12:44:00,1.25,13995,United Kingdom
528077,22445,PENCIL CASE LIFE IS BEAUTIFUL,6,2010-10-20T12:44:00,2.95,13995,United Kingdom
528077,22571,ROCKING HORSE RED CHRISTMAS,12,2010-10-20T12:44:00,0.85,13995,United Kingdom
528077,22572,ROCKING HORSE GREEN CHRISTMAS,12,2010-10-20T12:44:00,0.85,13995,United Kingdom
528077,22573,STAR WOODEN CHRISTMAS DECORATION,12,2010-10-20T12:44:00,0.85,13995,United Kingdom
528077,22574,HEART WOODEN CHRISTMAS DECORATION,12,2010-10-20T12:44:00,0.85,13995,United Kingdom
528077,22576,SWALLOW WOODEN CHRISTMAS DECORATION,12,2010-10-20T12:44:00,0.85,13995,United Kingdom
528077,22585,PACK OF 6 BIRDY GIFT TAGS,12,2010-10-20T12:44:00,1.25,13995,United Kingdom
528077,22600,CHRISTMAS RETROSPOT STAR WOOD,12,2010-10-20T12:44:00,0.85,13995,United Kingdom
528077,22629,SPACEBOY LUNCH BOX,12,2010-10-20T12:44:00,1.95,13995,United Kingdom
528077,22659,LUNCH BOX I LOVE LONDON,12,2010-10-20T12:44:00,1.95,13995,United Kingdom
528077,22694,WICKER STAR,12,2010-10-20T12:44:00,2.1,13995,United Kingdom
528077,22744,MAKE YOUR OWN MONSOON CARD KIT,6,2010-10-20T12:44:00,2.95,13995,United Kingdom
528077,22758,LARGE PURPLE BABUSHKA NOTEBOOK,12,2010-10-20T12:44:00,1.25,13995,United Kingdom
528077,22855,FINE WICKER HEART,12,2010-10-20T12:44:00,1.25,13995,United Kingdom
528077,22902,TOTE BAG I LOVE LONDON,12,2010-10-20T12:44:00,2.1,13995,United Kingdom
528077,22909,SET OF 20 VINTAGE CHRISTMAS NAPKINS,12,2010-10-20T12:44:00,0.85,13995,United Kingdom
528077,22910,PAPER CHAIN KIT VINTAGE CHRISTMAS,6,2010-10-20T12:44:00,2.95,13995,United Kingdom
528077,35970,ZINC FOLKART SLEIGH BELLS,12,2010-10-20T12:44:00,1.69,13995,United Kingdom
528077,84270,ASSTD DESIGN BUBBLE GUM RING,30,2010-10-20T12:44:00,0.21,13995,United Kingdom
528077,85048,15CM CHRISTMAS GLASS BALL 20 LIGHTS,2,2010-10-20T12:44:00,7.95,13995,United Kingdom
528168,M,Manual,1,2010-10-21T09:49:00,10,12415,Australia
528313,21491,SET OF THREE VINTAGE GIFT WRAPS,12,2010-10-21T12:22:00,1.95,13047,United Kingdom
528313,21587,COSY HOUR GIANT TUBE MATCHES,12,2010-10-21T12:22:00,2.55,13047,United Kingdom
528313,21658,GLASS  BEURRE DISH,4,2010-10-21T12:22:00,3.95,13047,United Kingdom
528313,22086,PAPER CHAIN KIT 50'S CHRISTMAS,12,2010-10-21T12:22:00,2.95,13047,United Kingdom
528313,22138,BAKING SET 9 PIECE RETROSPOT,3,2010-10-21T12:22:00,4.95,13047,United Kingdom
528313,22184,CAKE STAND VICTORIAN FILIGREE LARGE,2,2010-10-21T12:22:00,8.5,13047,United Kingdom
528313,22271,FELTCRAFT DOLL ROSIE,6,2010-10-21T12:22:00,2.95,13047,United Kingdom
528313,22274,FELTCRAFT DOLL EMILY,6,2010-10-21T12:22:00,2.95,13047,United Kingdom
528313,22310,IVORY KNITTED MUG COSY,6,2010-10-21T12:22:00,1.65,13047,United Kingdom
528313,22582,PACK OF 6 SWEETIE GIFT BOXES,6,2010-10-21T12:22:00,2.55,13047,United Kingdom
528313,22584,PACK OF 6 PANNETONE GIFT BOXES,6,2010-10-21T12:22:00,2.55,13047,United Kingdom
528313,22617,BAKING SET SPACEBOY DESIGN,3,2010-10-21T12:22:00,4.95,13047,United Kingdom
528313,22619,SET OF 6 SOLDIER SKITTLES,4,2010-10-21T12:22:00,3.75,13047,United Kingdom
528313,22634,CHILDS BREAKFAST SET SPACEBOY,2,2010-10-21T12:22:00,9.95,13047,United Kingdom
528313,22635,CHILDS BREAKFAST SET DOLLY GIRL,2,2010-10-21T12:22:00,9.95,13047,United Kingdom
528313,22666,RECIPE BOX PANTRY YELLOW DESIGN,6,2010-10-21T12:22:00,2.95,13047,United Kingdom
528313,22734,SET OF 6 RIBBONS VINTAGE CHRISTMAS,12,2010-10-21T12:22:00,2.55,13047,United Kingdom
528313,22743,MAKE YOUR OWN FLOWERPOWER CARD KIT,6,2010-10-21T12:22:00,2.95,13047,United Kingdom
528313,22744,MAKE YOUR OWN MONSOON CARD KIT,6,2010-10-21T12:22:00,2.95,13047,United Kingdom
528313,22745,POPPY'S PLAYHOUSE BEDROOM,6,2010-10-21T12:22:00,2.1,13047,United Kingdom
528313,22746,POPPY'S PLAYHOUSE LIVINGROOM,6,2010-10-21T12:22:00,2.1,13047,United Kingdom
528313,22748,POPPY'S PLAYHOUSE KITCHEN,6,2010-10-21T12:22:00,2.1,13047,United Kingdom
528313,22749,FELTCRAFT PRINCESS CHARLOTTE DOLL,4,2010-10-21T12:22:00,3.75,13047,United Kingdom
528313,22847,BREAD BIN DINER STYLE IVORY,1,2010-10-21T12:22:00,16.95,13047,United Kingdom
528313,22849,BREAD BIN DINER STYLE MINT,1,2010-10-21T12:22:00,16.95,13047,United Kingdom
528313,22863,SOAP DISH BROCANTE,6,2010-10-21T12:22:00,2.95,13047,United Kingdom
528313,22909,SET OF 20 VINTAGE CHRISTMAS NAPKINS,12,2010-10-21T12:22:00,0.85,13047,United Kingdom
528313,22959,WRAP CHRISTMAS VILLAGE,25,2010-10-21T12:22:00,0.42,13047,United Kingdom
528313,22986,GINGHAM ROSE WRAP,25,2010-10-21T12:22:00,0.42,13047,United Kingdom
528313,84969,BOX OF 6 ASSORTED COLOUR TEASPOONS,6,2010-10-21T12:22:00,4.25,13047,United Kingdom
528313,85123A,WHITE HANGING HEART T-LIGHT HOLDER,32,2010-10-21T12:22:00,2.55,13047,United Kingdom
528478,21491,SET OF THREE VINTAGE GIFT WRAPS,48,2010-10-22T12:03:00,1.65,14290,United Kingdom
528478,22585,PACK OF 6 BIRDY GIFT TAGS,24,2010-10-22T12:03:00,1.25,14290,United Kingdom
528478,22731,3D STICKERS CHRISTMAS STAMPS,40,2010-10-22T12:03:00,1.25,14290,United Kingdom
528478,22734,SET OF 6 RIBBONS VINTAGE CHRISTMAS,36,2010-10-22T12:03:00,2.55,14290,United Kingdom
528478,22941,CHRISTMAS LIGHTS 10 REINDEER,24,2010-10-22T12:03:00,7.65,14290,United Kingdom
528478,22942,CHRISTMAS LIGHTS 10 SANTAS,24,2010-10-22T12:03:00,7.65,14290,United Kingdom
528478,22943,CHRISTMAS LIGHTS 10 VINTAGE BAUBLES,24,2010-10-22T12:03:00,4.25,14290,United Kingdom
528478,85049E,SCANDINAVIAN REDS RIBBONS,12,2010-10-22T12:03:00,1.25,14290,United Kingdom
528478,85123A,WHITE HANGING HEART T-LIGHT HOLDER,32,2010-10-22T12:03:00,2.55,14290,United Kingdom
528644,16225,RATTLE SNAKE EGGS,1,2010-10-24T12:00:00,1.25,14553,United Kingdom
528644,20725,LUNCH BAG RED RETROSPOT,1,2010-10-24T12:00:00,1.65,14553,United Kingdom
528644,20727,LUNCH BAG  BLACK SKULL.,1,2010-10-24T12:00:00,1.65,14553,United Kingdom
528644,21025,SPACE FROG,1,2010-10-24T12:00:00,1.25,14553,United Kingdom
528644,21078,SET/20 STRAWBERRY PAPER NAPKINS,2,2010-10-24T12:00:00,0.85,14553,United Kingdom
528644,21181,PLEASE ONE PERSON METAL SIGN,4,2010-10-24T12:00:00,2.1,14553,United Kingdom
528644,21439,BASKET OF TOADSTOOLS,2,2010-10-24T12:00:00,1.25,14553,United Kingdom
528644,21452,TOADSTOOL MONEY BOX,2,2010-10-24T12:00:00,2.95,14553,United Kingdom
528644,21563,RED HEART SHAPE LOVE BUCKET,1,2010-10-24T12:00:00,2.95,14553,United Kingdom
528644,21989,PACK OF 20 SKULL PAPER NAPKINS,1,2010-10-24T12:00:00,0.85,14553,United Kingdom
528644,21989,PACK OF 20 SKULL PAPER NAPKINS,1,2010-10-24T12:00:00,0.85,14553,United Kingdom
528644,22113,GREY HEART HOT WATER BOTTLE,1,2010-10-24T12:00:00,3.75,14553,United Kingdom
528644,22131,FOOD CONTAINER SET 3 LOVE HEART,1,2010-10-24T12:00:00,1.95,14553,United Kingdom
528644,22178,VICTORIAN GLASS HANGING T-LIGHT,6,2010-10-24T12:00:00,1.25,14553,United Kingdom
528644,22195,LARGE HEART MEASURING SPOONS,1,2010-10-24T12:00:00,1.65,14553,United Kingdom
528644,22195,LARGE HEART MEASURING SPOONS,1,2010-10-24T12:00:00,1.65,14553,United Kingdom
528644,22196,SMALL HEART MEASURING SPOONS,1,2010-10-24T12:00:00,0.85,14553,United Kingdom
528644,22196,SMALL HEART MEASURING SPOONS,1,2010-10-24T12:00:00,0.85,14553,United Kingdom
528644,22294,HEART FILIGREE DOVE  SMALL,6,2010-10-24T12:00:00,1.25,14553,United Kingdom
528644,22297,HEART IVORY TRELLIS SMALL,6,2010-10-24T12:00:00,1.25,14553,United Kingdom
528644,22326,ROUND SNACK BOXES SET OF4 WOODLAND,1,2010-10-24T12:00:00,2.95,14553,United Kingdom
528644,22402,MAGNETS PACK OF 4 VINTAGE COLLAGE,1,2010-10-24T12:00:00,1.25,14553,United Kingdom
528644,22423,REGENCY CAKESTAND 3 TIER,5,2010-10-24T12:00:00,12.75,14553,United Kingdom
528644,22530,MAGIC DRAWING SLATE DOLLY GIRL,6,2010-10-24T12:00:00,0.42,14553,United Kingdom
528644,22531,MAGIC DRAWING SLATE CIRCUS PARADE,1,2010-10-24T12:00:00,0.42,14553,United Kingdom
528644,22531,MAGIC DRAWING SLATE CIRCUS PARADE,8,2010-10-24T12:00:00,0.42,14553,United Kingdom
528644,22534,MAGIC DRAWING SLATE SPACEBOY,10,2010-10-24T12:00:00,0.42,14553,United Kingdom
528644,22534,MAGIC DRAWING SLATE SPACEBOY,2,2010-10-24T12:00:00,0.42,14553,United Kingdom
528644,22535,MAGIC DRAWING SLATE BUNNIES,7,2010-10-24T12:00:00,0.42,14553,United Kingdom
528644,22551,PLASTERS IN TIN SPACEBOY,1,2010-10-24T12:00:00,1.65,14553,United Kingdom
528644,22551,PLASTERS IN TIN SPACEBOY,7,2010-10-24T12:00:00,1.65,14553,United Kingdom
528644,22557,PLASTERS IN TIN VINTAGE PAISLEY,1,2010-10-24T12:00:00,1.65,14553,United Kingdom
528644,22557,PLASTERS IN TIN VINTAGE PAISLEY,3,2010-10-24T12:00:00,1.65,14553,United Kingdom
528644,22596,CHRISTMAS STAR WISH LIST CHALKBOARD,1,2010-10-24T12:00:00,0.85,14553,United Kingdom
528644,22739,RIBBON REEL CHRISTMAS SOCK BAUBLE,5,2010-10-24T12:00:00,1.65,14553,United Kingdom
528644,22812,PACK 3 BOXES CHRISTMAS PANNETONE,1,2010-10-24T12:00:00,1.95,14553,United Kingdom
528644,22812,PACK 3 BOXES CHRISTMAS PANNETONE,3,2010-10-24T12:00:00,1.95,14553,United Kingdom
528644,22907,PACK OF 20 NAPKINS PANTRY DESIGN,1,2010-10-24T12:00:00,0.85,14553,United Kingdom
528644,22907,PACK OF 20 NAPKINS PANTRY DESIGN,1,2010-10-24T12:00:00,0.85,14553,United Kingdom
528644,85071A,BLUE CHARLIE+LOLA PERSONAL DOORSIGN,1,2010-10-24T12:00:00,2.95,14553,United Kingdom
528644,85071B,RED CHARLIE+LOLA PERSONAL DOORSIGN,1,2010-10-24T12:00:00,2.95,14553,United Kingdom
528644,85226A,WHITE/BLUE PULL BACK RACING CAR,2,2010-10-24T12:00:00,0.55,14553,United Kingdom
528644,85226A,WHITE/BLUE PULL BACK RACING CAR,2,2010-10-24T12:00:00,0.55,14553,United Kingdom
528644,85226C,BLUE PULL BACK RACING CAR,2,2010-10-24T12:00:00,0.55,14553,United Kingdom
528644,85226C,BLUE PULL BACK RACING CAR,2,2010-10-24T12:00:00,0.55,14553,United Kingdom
528644,85227,SET OF 6 3D KIT CARDS FOR KIDS,4,2010-10-24T12:00:00,0.85,14553,United Kingdom
528734,21166,COOK WITH WINE METAL SIGN,12,2010-10-24T13:55:00,1.95,17435,United Kingdom
528734,21175,GIN + TONIC DIET METAL SIGN,12,2010-10-24T13:55:00,2.1,17435,United Kingdom
528734,21216,"SET 3 RED SPOT TIN TEA,COFFEE,SUGAR",4,2010-10-24T13:55:00,4.95,17435,United Kingdom
528734,21908,CHOCOLATE THIS WAY METAL SIGN,12,2010-10-24T13:55:00,2.1,17435,United Kingdom
528734,22303,COFFEE MUG APPLES DESIGN,6,2010-10-24T13:55:00,2.55,17435,United Kingdom
528734,22740,POLKA DOT PEN,48,2010-10-24T13:55:00,0.85,17435,United Kingdom
528734,22741,FUNKY DIVA PEN,48,2010-10-24T13:55:00,0.85,17435,United Kingdom
528734,22744,MAKE YOUR OWN MONSOON CARD KIT,6,2010-10-24T13:55:00,2.95,17435,United Kingdom
528734,22847,BREAD BIN DINER STYLE IVORY,1,2010-10-24T13:55:00,16.95,17435,United Kingdom
528734,22849,BREAD BIN DINER STYLE MINT,1,2010-10-24T13:55:00,16.95,17435,United Kingdom
528734,22892,SALT AND PEPPER SHAKERS TOADSTOOLS,12,2010-10-24T13:55:00,1.25,17435,United Kingdom
528734,22895,SET OF 2 TEA TOWELS APPLE AND PEARS,6,2010-10-24T13:55:00,2.95,17435,United Kingdom
528734,47590B,PINK HAPPY BIRTHDAY BUNTING,3,2010-10-24T13:55:00,5.45,17435,United Kingdom
528734,84378,SET OF 3 HEART COOKIE CUTTERS,12,2010-10-24T13:55:00,1.25,17435,United Kingdom
528734,85152,HAND OVER THE CHOCOLATE   SIGN,12,2010-10-24T13:55:00,2.1,17435,United Kingdom
528926,21361,LOVE LARGE WOOD LETTERS,2,2010-10-25T14:51:00,12.75,14065,United Kingdom
528926,21391,FRENCH EMROIDR LAVENDER SCENT HEART,6,2010-10-25T14:51:00,2.1,14065,United Kingdom
528926,21657,MILK BOTTLE WITH GLASS STOPPER,3,2010-10-25T14:51:00,6.95,14065,United Kingdom
528926,21755,LOVE BUILDING BLOCK WORD,3,2010-10-25T14:51:00,5.95,14065,United Kingdom
528926,22119,PEACE WOODEN BLOCK LETTERS,3,2010-10-25T14:51:00,6.95,14065,United Kingdom
528926,22121,NOEL WOODEN BLOCK LETTERS,3,2010-10-25T14:51:00,5.95,14065,United Kingdom
528926,22180,RETROSPOT LAMP,1,2010-10-25T14:51:00,9.95,14065,United Kingdom
528926,22296,HEART IVORY TRELLIS LARGE,12,2010-10-25T14:51:00,1.65,14065,United Kingdom
528926,22464,HANGING METAL HEART LANTERN,12,2010-10-25T14:51:00,1.65,14065,United Kingdom
528926,22485,SET OF 2 WOODEN MARKET CRATES,2,2010-10-25T14:51:00,12.75,14065,United Kingdom
528926,22573,STAR WOODEN CHRISTMAS DECORATION,24,2010-10-25T14:51:00,0.85,14065,United Kingdom
528926,22574,HEART WOODEN CHRISTMAS DECORATION,24,2010-10-25T14:51:00,0.85,14065,United Kingdom
528926,22577,WOODEN HEART CHRISTMAS SCANDINAVIAN,24,2010-10-25T14:51:00,0.85,14065,United Kingdom
528926,22593,CHRISTMAS GINGHAM STAR,24,2010-10-25T14:51:00,0.85,14065,United Kingdom
528926,22595,CHRISTMAS GINGHAM HEART,24,2010-10-25T14:51:00,0.85,14065,United Kingdom
528926,22784,LANTERN CREAM GAZEBO,3,2010-10-25T14:51:00,4.95,14065,United Kingdom
528926,72802C,VANILLA SCENT CANDLE JEWELLED BOX,12,2010-10-25T14:51:00,4.25,14065,United Kingdom
528926,82482,WOODEN PICTURE FRAME WHITE FINISH,6,2010-10-25T14:51:00,2.55,14065,United Kingdom
528926,84946,ANTIQUE SILVER TEA GLASS ETCHED,12,2010-10-25T14:51:00,1.25,14065,United Kingdom
528926,85035B,CHOCOLATE 3 WICK MORRIS BOX CANDLE,4,2010-10-25T14:51:00,4.25,14065,United Kingdom
528926,85123A,WHITE HANGING HEART T-LIGHT HOLDER,6,2010-10-25T14:51:00,2.95,14065,United Kingdom
529038,20733,GOLD MINI TAPE MEASURE,60,2010-10-26T11:47:00,0.42,15311,United Kingdom
529150,16046,TEATIME PEN CASE & PENS,12,2010-10-26T16:03:00,0.85,16607,United Kingdom
529150,16161P,WRAP ENGLISH ROSE,25,2010-10-26T16:03:00,0.42,16607,United Kingdom
529150,20654,FIRST CLASS LUGGAGE TAG,12,2010-10-26T16:03:00,1.25,16607,United Kingdom
529150,21172,PARTY METAL SIGN,12,2010-10-26T16:03:00,1.45,16607,United Kingdom
529150,21174,POTTERING IN THE SHED METAL SIGN,12,2010-10-26T16:03:00,1.95,16607,United Kingdom
529150,21191,LARGE WHITE HONEYCOMB PAPER BELL,6,2010-10-26T16:03:00,2.1,16607,United Kingdom
529150,21452,TOADSTOOL MONEY BOX,6,2010-10-26T16:03:00,2.95,16607,United Kingdom
529150,21829,DINOSAUR KEYRINGS ASSORTED,36,2010-10-26T16:03:00,0.21,16607,United Kingdom
529150,21916,SET 12 RETRO WHITE CHALK STICKS,24,2010-10-26T16:03:00,0.42,16607,United Kingdom
529150,22052,VINTAGE CARAVAN GIFT WRAP,25,2010-10-26T16:03:00,0.42,16607,United Kingdom
529150,22090,PAPER BUNTING RETROSPOT,6,2010-10-26T16:03:00,2.95,16607,United Kingdom
529150,22099,CARAVAN SQUARE TISSUE BOX,36,2010-10-26T16:03:00,0.42,16607,United Kingdom
529150,22418,10 COLOUR SPACEBOY PEN,24,2010-10-26T16:03:00,0.85,16607,United Kingdom
529150,22619,SET OF 6 SOLDIER SKITTLES,12,2010-10-26T16:03:00,3.75,16607,United Kingdom
529150,22736,RIBBON REEL MAKING SNOWMEN,10,2010-10-26T16:03:00,1.65,16607,United Kingdom
529150,22816,CARD MOTORBIKE SANTA,12,2010-10-26T16:03:00,0.42,16607,United Kingdom
529327,21041,RED RETROSPOT OVEN GLOVE DOUBLE,6,2010-10-27T14:15:00,2.95,13089,United Kingdom
529327,21172,PARTY METAL SIGN,12,2010-10-27T14:15:00,1.45,13089,United Kingdom
529327,21179,NO JUNK MAIL METAL SIGN,12,2010-10-27T14:15:00,1.25,13089,United Kingdom
529327,21216,"SET 3 RETROSPOT TEA,COFFEE,SUGAR",4,2010-10-27T14:15:00,4.95,13089,United Kingdom
529327,21217,RED RETROSPOT ROUND CAKE TINS,1,2010-10-27T14:15:00,9.95,13089,United Kingdom
529327,21218,RED SPOTTY BISCUIT TIN,6,2010-10-27T14:15:00,3.75,13089,United Kingdom
529327,21446,12 RED ROSE PEG PLACE SETTINGS,12,2010-10-27T14:15:00,1.25,13089,United Kingdom
529327,21484,CHICK GREY HOT WATER BOTTLE,12,2010-10-27T14:15:00,3.45,13089,United Kingdom
529327,21523,DOORMAT FANCY FONT HOME SWEET HOME,4,2010-10-27T14:15:00,7.95,13089,United Kingdom
529327,21535,RED RETROSPOT SMALL MILK JUG,6,2010-10-27T14:15:00,2.55,13089,United Kingdom
529327,21844,RED RETROSPOT MUG,6,2010-10-27T14:15:00,2.95,13089,United Kingdom
529327,21911,GARDEN METAL SIGN,12,2010-10-27T14:15:00,1.65,13089,United Kingdom
529327,22112,CHOCOLATE HOT WATER BOTTLE,12,2010-10-27T14:15:00,4.95,13089,United Kingdom
529327,22632,HAND WARMER RED RETROSPOT,24,2010-10-27T14:15:00,2.1,13089,United Kingdom
529327,22633,HAND WARMER UNION JACK,24,2010-10-27T14:15:00,2.1,13089,United Kingdom
529327,22834,HAND WARMER BABUSHKA DESIGN,24,2010-10-27T14:15:00,2.1,13089,United Kingdom
529327,22835,HOT WATER BOTTLE I AM SO POORLY,12,2010-10-27T14:15:00,4.65,13089,United Kingdom
529327,22866,HAND WARMER SCOTTY DOG DESIGN,24,2010-10-27T14:15:00,2.1,13089,United Kingdom
529327,22867,HAND WARMER BIRD DESIGN,24,2010-10-27T14:15:00,2.1,13089,United Kingdom
529327,71053,WHITE METAL LANTERN,6,2010-10-27T14:15:00,3.75,13089,United Kingdom
529327,79000,MOROCCAN TEA GLASS,12,2010-10-27T14:15:00,0.85,13089,United Kingdom
529327,84029E,RED WOOLLY HOTTIE WHITE HEART.,12,2010-10-27T14:15:00,3.75,13089,United Kingdom
529327,84978,HANGING HEART JAR T-LIGHT HOLDER,12,2010-10-27T14:15:00,1.25,13089,United Kingdom
529327,84985A,SET OF 72 GREEN PAPER DOILIES,12,2010-10-27T14:15:00,1.45,13089,United Kingdom
529361,18098c,PORCELAIN BUTTERFLY OIL BURNER,2,2010-10-28T09:56:00,5.06,,United Kingdom
529361,20658,RED RETROSPOT LUGGAGE TAG,4,2010-10-28T09:56:00,2.51,,United Kingdom
529361,21033,JUMBO BAG CHARLIE AND LOLA TOYS,1,2010-10-28T09:56:00,5.49,,United Kingdom
529361,21108,FAIRY CAKE FLANNEL ASSORTED COLOUR,2,2010-10-28T09:56:00,5.06,,United Kingdom
529361,21155,RED RETROSPOT PEG BAG,1,2010-10-28T09:56:00,4.21,,United Kingdom
529361,21218,RED SPOTTY BISCUIT TIN,2,2010-10-28T09:56:00,8.47,,United Kingdom
529361,21249,WOODLAND  HEIGHT CHART STICKERS,1,2010-10-28T09:56:00,5.91,,United Kingdom
529361,21306,SET/4 DAISY MIRROR MAGNETS,2,2010-10-28T09:56:00,3.36,,United Kingdom
529361,21531,RED RETROSPOT SUGAR JAM BOWL,1,2010-10-28T09:56:00,5.06,,United Kingdom
529361,21535,RED RETROSPOT SMALL MILK JUG,1,2010-10-28T09:56:00,5.06,,United Kingdom
529361,22055,MINI CAKE STAND  HANGING STRAWBERY,3,2010-10-28T09:56:00,3.36,,United Kingdom
529361,22064,PINK DOUGHNUT TRINKET POT,1,2010-10-28T09:56:00,3.36,,United Kingdom
529361,22173,METAL 4 HOOK HANGER FRENCH CHATEAU,2,2010-10-28T09:56:00,5.91,,United Kingdom
529361,22179,SET 10 LIGHTS NIGHT OWL,1,2010-10-28T09:56:00,13.57,,United Kingdom
529361,22195,LARGE HEART MEASURING SPOONS,1,2010-10-28T09:56:00,3.36,,United Kingdom
529361,22196,SMALL HEART MEASURING SPOONS,1,2010-10-28T09:56:00,1.66,,United Kingdom
529361,22197,SMALL POPCORN HOLDER,1,2010-10-28T09:56:00,1.66,,United Kingdom
529361,22297,HEART IVORY TRELLIS SMALL,1,2010-10-28T09:56:00,2.51,,United Kingdom
529361,22357,KINGS CHOICE BISCUIT TIN,1,2010-10-28T09:56:00,8.47,,United Kingdom
529361,22386,JUMBO BAG PINK POLKADOT,1,2010-10-28T09:56:00,5.06,,United Kingdom
529361,22502,PICNIC BASKET WICKER SMALL,1,2010-10-28T09:56:00,8.47,,United Kingdom
529361,22515,CHILDS GARDEN SPADE PINK,1,2010-10-28T09:56:00,4.21,,United Kingdom
529361,22659,LUNCH BOX I LOVE LONDON,3,2010-10-28T09:56:00,2.51,,United Kingdom
529361,22697,GREEN REGENCY TEACUP AND SAUCER,1,2010-10-28T09:56:00,5.91,,United Kingdom
529361,22698,PINK REGENCY TEACUP AND SAUCER,1,2010-10-28T09:56:00,5.91,,United Kingdom
529361,22699,ROSES REGENCY TEACUP AND SAUCER,1,2010-10-28T09:56:00,5.91,,United Kingdom
529361,22719,GUMBALL MONOCHROME COAT RACK,2,2010-10-28T09:56:00,2.51,,United Kingdom
529361,22758,LARGE PURPLE BABUSHKA NOTEBOOK,1,2010-10-28T09:56:00,2.51,,United Kingdom
529361,35004c,SET OF 3 COLOURED  FLYING DUCKS,1,2010-10-28T09:56:00,12.72,,United Kingdom
529361,35400,WOODEN BOX ADVENT CALENDAR,1,2010-10-28T09:56:00,16.98,,United Kingdom
529361,48111,DOORMAT 3 SMILEY CATS,1,2010-10-28T09:56:00,14.43,,United Kingdom
529361,72801d,4 SKY BLUE DINNER CANDLES,2,2010-10-28T09:56:00,2.51,,United Kingdom
529361,79066k,RETRO MOD TRAY,1,2010-10-28T09:56:00,1.66,,United Kingdom
529361,84509a,SET OF 4 ENGLISH ROSE PLACEMATS,1,2010-10-28T09:56:00,7.62,,United Kingdom
529361,85040a,S/4 PINK FLOWER CANDLES IN BOWL,2,2010-10-28T09:56:00,3.36,,United Kingdom
529361,DOT,DOTCOM POSTAGE,1,2010-10-28T09:56:00,79.25,,United Kingdom
529605,22690,DOORMAT HOME SWEET HOME BLUE,2,2010-10-29T10:18:00,7.95,15078,United Kingdom
530308,21114,LAVENDER SCENTED FABRIC HEART,10,2010-11-02T13:23:00,1.25,13453,United Kingdom
530308,21169,YOU'RE CONFUSING ME METAL SIGN,12,2010-11-02T13:23:00,1.69,13453,United Kingdom
530308,21175,GIN + TONIC DIET METAL SIGN,12,2010-11-02T13:23:00,2.1,13453,United Kingdom
530308,21385,IVORY HANGING DECORATION  HEART,24,2010-11-02T13:23:00,0.85,13453,United Kingdom
530308,22061,LARGE CAKE STAND  HANGING STRAWBERY,2,2010-11-02T13:23:00,9.95,13453,United Kingdom
530308,22218,CAKE STAND LACE WHITE,3,2010-11-02T13:23:00,4.25,13453,United Kingdom
530308,22236,CAKE STAND 3 TIER MAGIC GARDEN,2,2010-11-02T13:23:00,12.75,13453,United Kingdom
530308,22284,HEN HOUSE DECORATION,12,2010-11-02T13:23:00,1.65,13453,United Kingdom
530308,22297,HEART IVORY TRELLIS SMALL,24,2010-11-02T13:23:00,1.25,13453,United Kingdom
530308,22420,LIPSTICK PEN BABY PINK,12,2010-11-02T13:23:00,0.42,13453,United Kingdom
530308,22421,LIPSTICK PEN FUSCHIA,12,2010-11-02T13:23:00,0.42,13453,United Kingdom
530308,22497,SET OF 2 TINS VINTAGE BATHROOM,8,2010-11-02T13:23:00,4.25,13453,United Kingdom
530308,47591D,PINK FAIRY CAKE CHILDRENS APRON,8,2010-11-02T13:23:00,1.95,13453,United Kingdom
530308,71053,WHITE METAL LANTERN,4,2010-11-02T13:23:00,3.75,13453,United Kingdom
530308,72802B,OCEAN SCENT CANDLE IN JEWELLED BOX,6,2010-11-02T13:23:00,4.25,13453,United Kingdom
530308,72802C,VANILLA SCENT CANDLE JEWELLED BOX,6,2010-11-02T13:23:00,4.25,13453,United Kingdom
530308,82482,WOODEN PICTURE FRAME WHITE FINISH,6,2010-11-02T13:23:00,2.55,13453,United Kingdom
530308,84050,PINK HEART SHAPE EGG FRYING PAN,6,2010-11-02T13:23:00,1.65,13453,United Kingdom
530308,84406B,CREAM CUPID HEARTS COAT HANGER,8,2010-11-02T13:23:00,3.25,13453,United Kingdom
530308,84510A,SET OF 4 ENGLISH ROSE COASTERS,10,2010-11-02T13:23:00,1.25,13453,United Kingdom
530308,84926E,FLOWERS TILE COASTER,12,2010-11-02T13:23:00,1.25,13453,United Kingdom
530308,85034A,3 GARDENIA MORRIS BOXED CANDLES,4,2010-11-02T13:23:00,4.25,13453,United Kingdom
530308,85036A,GARDENIA 1 WICK MORRIS BOXED CANDLE,4,2010-11-02T13:23:00,4.25,13453,United Kingdom
530833,20712,JUMBO BAG WOODLAND ANIMALS,1,2010-11-04T13:43:00,1.95,17286,United Kingdom
530833,20724,RED RETROSPOT CHARLOTTE BAG,30,2010-11-04T13:43:00,0.85,17286,United Kingdom
530833,22386,JUMBO BAG PINK POLKADOT,1,2010-11-04T13:43:00,1.95,17286,United Kingdom
530833,22661,CHARLOTTE BAG DOLLY GIRL DESIGN,100,2010-11-04T13:43:00,0.72,17286,United Kingdom
530833,22663,JUMBO BAG DOLLY GIRL DESIGN,2,2010-11-04T13:43:00,1.95,17286,United Kingdom
530833,22708,WRAP DOLLY GIRL,25,2010-11-04T13:43:00,0.42,17286,United Kingdom
531006,21481,FAWN BLUE HOT WATER BOTTLE,12,2010-11-05T11:37:00,2.95,16048,United Kingdom
531006,21484,CHICK GREY HOT WATER BOTTLE,8,2010-11-05T11:37:00,3.45,16048,United Kingdom
531006,22398,MAGNETS PACK OF 4 SWALLOWS,12,2010-11-05T11:37:00,1.25,16048,United Kingdom
531006,22400,MAGNETS PACK OF 4 HOME SWEET HOME,12,2010-11-05T11:37:00,1.25,16048,United Kingdom
531006,22402,MAGNETS PACK OF 4 VINTAGE COLLAGE,12,2010-11-05T11:37:00,1.25,16048,United Kingdom
531006,22652,TRAVEL SEWING KIT,10,2010-11-05T11:37:00,1.65,16048,United Kingdom
531006,22654,DELUXE SEWING KIT,3,2010-11-05T11:37:00,5.95,16048,United Kingdom
531006,22666,RECIPE BOX PANTRY YELLOW DESIGN,6,2010-11-05T11:37:00,2.95,16048,United Kingdom
531006,22667,RECIPE BOX RETROSPOT,6,2010-11-05T11:37:00,2.95,16048,United Kingdom
531006,22697,GREEN REGENCY TEACUP AND SAUCER,6,2010-11-05T11:37:00,2.95,16048,United Kingdom
531006,22698,PINK REGENCY TEACUP AND SAUCER,6,2010-11-05T11:37:00,2.95,16048,United Kingdom
531006,22699,ROSES REGENCY TEACUP AND SAUCER,6,2010-11-05T11:37:00,2.95,16048,United Kingdom
531006,22837,HOT WATER BOTTLE BABUSHKA,8,2010-11-05T11:37:00,4.65,16048,United Kingdom
531006,22865,HAND WARMER OWL DESIGN,12,2010-11-05T11:37:00,2.1,16048,United Kingdom
531006,22866,HAND WARMER SCOTTY DOG DESIGN,12,2010-11-05T11:37:00,2.1,16048,United Kingdom
531006,22867,HAND WARMER BIRD DESIGN,12,2010-11-05T11:37:00,2.1,16048,United Kingdom
531006,22904,CALENDAR PAPER CUT DESIGN,6,2010-11-05T11:37:00,2.95,16048,United Kingdom
531129,21054,NURSE'S BAG SOFT TOY,2,2010-11-05T13:31:00,8.95,13836,United Kingdom
531129,21055,TOOL BOX SOFT TOY,2,2010-11-05T13:31:00,8.95,13836,United Kingdom
531129,21231,SWEETHEART CERAMIC TRINKET BOX,12,2010-11-05T13:31:00,1.25,13836,United Kingdom
531129,21232,STRAWBERRY CERAMIC TRINKET BOX,24,2010-11-05T13:31:00,1.25,13836,United Kingdom
531129,21258,VICTORIAN SEWING BOX LARGE,3,2010-11-05T13:31:00,12.75,13836,United Kingdom
531129,21841,BABY MOUSE RED GINGHAM DRESS,3,2010-11-05T13:31:00,4.25,13836,United Kingdom
531129,22070,SMALL RED RETROSPOT MUG IN BOX,6,2010-11-05T13:31:00,3.75,13836,United Kingdom
531129,22073,RED RETROSPOT STORAGE JAR,8,2010-11-05T13:31:00,3.75,13836,United Kingdom
531129,22139,RETROSPOT TEA SET CERAMIC 11 PC,6,2010-11-05T13:31:00,4.95,13836,United Kingdom
531129,22448,PIN CUSHION BABUSHKA RED,6,2010-11-05T13:31:00,3.35,13836,United Kingdom
531129,22483,RED GINGHAM TEDDY BEAR,6,2010-11-05T13:31:00,2.95,13836,United Kingdom
531129,22619,SET OF 6 SOLDIER SKITTLES,4,2010-11-05T13:31:00,3.75,13836,United Kingdom
531129,22757,LARGE RED BABUSHKA NOTEBOOK,12,2010-11-05T13:31:00,1.25,13836,United Kingdom
531129,22807,SET OF 6 T-LIGHTS TOADSTOOLS,6,2010-11-05T13:31:00,2.95,13836,United Kingdom
531395,20713,JUMBO BAG OWLS,20,2010-11-08T10:07:00,1.95,12435,Denmark
531395,21931,JUMBO STORAGE BAG SUKI,20,2010-11-08T10:07:00,1.95,12435,Denmark
531395,22242,"HOOK, 5 HANGER , MAGIC TOADSTOOL",24,2010-11-08T10:07:00,1.65,12435,Denmark
531395,22243,"HOOK, 5 HANGER ,MAGIC TOADSTOOL RED",24,2010-11-08T10:07:00,1.65,12435,Denmark
531395,22244,"HOOK, 3 HANGER ,MAGIC GARDEN",24,2010-11-08T10:07:00,1.95,12435,Denmark
531395,22328,ROUND SNACK BOXES SET OF 4 FRUITS,96,2010-11-08T10:07:00,2.55,12435,Denmark
531395,22434,BALLOON PUMP WITH 10 BALLOONS,24,2010-11-08T10:07:00,1.95,12435,Denmark
531395,22436,12 COLOURED PARTY BALLOONS,40,2010-11-08T10:07:00,0.65,12435,Denmark
531395,22444,GROW YOUR OWN PLANT IN A CAN,96,2010-11-08T10:07:00,1.06,12435,Denmark
531395,22467,GUMBALL COAT RACK,72,2010-11-08T10:07:00,2.1,12435,Denmark
531395,22567,20 DOLLY PEGS RETROSPOT,48,2010-11-08T10:07:00,1.06,12435,Denmark
531395,22630,DOLLY GIRL LUNCH BOX,48,2010-11-08T10:07:00,1.95,12435,Denmark
531395,22631,CIRCUS PARADE LUNCH BOX,48,2010-11-08T10:07:00,1.95,12435,Denmark
531395,22725,ALARM CLOCK BAKELIKE CHOCOLATE,12,2010-11-08T10:07:00,3.75,12435,Denmark
531395,22726,ALARM CLOCK BAKELIKE GREEN,12,2010-11-08T10:07:00,3.75,12435,Denmark
531395,22727,ALARM CLOCK BAKELIKE RED,12,2010-11-08T10:07:00,3.75,12435,Denmark
531395,22729,ALARM CLOCK BAKELIKE ORANGE,8,2010-11-08T10:07:00,3.75,12435,Denmark
531395,22730,ALARM CLOCK BAKELIKE IVORY,24,2010-11-08T10:07:00,3.75,12435,Denmark
531395,22734,SET OF 6 RIBBONS VINTAGE CHRISTMAS,144,2010-11-08T10:07:00,2.1,12435,Denmark
531395,22754,SMALL RED BABUSHKA NOTEBOOK,12,2010-11-08T10:07:00,0.85,12435,Denmark
531395,22755,SMALL PURPLE BABUSHKA NOTEBOOK,12,2010-11-08T10:07:00,0.85,12435,Denmark
531395,22847,BREAD BIN DINER STYLE IVORY,8,2010-11-08T10:07:00,14.95,12435,Denmark
531395,22849,BREAD BIN DINER STYLE MINT,8,2010-11-08T10:07:00,14.95,12435,Denmark
531395,22941,CHRISTMAS LIGHTS 10 REINDEER,24,2010-11-08T10:07:00,7.65,12435,Denmark
531395,22942,CHRISTMAS LIGHTS 10 SANTAS,24,2010-11-08T10:07:00,7.65,12435,Denmark
531395,22943,CHRISTMAS LIGHTS 10 VINTAGE BAUBLES,24,2010-11-08T10:07:00,4.25,12435,Denmark
531395,22955,36 FOIL STAR CAKE CASES,60,2010-11-08T10:07:00,1.85,12435,Denmark
531395,22956,36 FOIL HEART CAKE CASES,60,2010-11-08T10:07:00,1.85,12435,Denmark
531444,16225,RATTLE SNAKE EGGS,10,2010-11-08T12:35:00,1.25,12748,United Kingdom
531444,20832,RED FLOCK LOVE HEART PHOTO FRAME,10,2010-11-08T12:35:00,0.85,12748,United Kingdom
531444,20981,12 PENCILS TALL TUBE WOODLAND,24,2010-11-08T12:35:00,0.85,12748,United Kingdom
531444,21034,REX CASH+CARRY JUMBO SHOPPER,2,2010-11-08T12:35:00,0.95,12748,United Kingdom
531444,21644,ASSORTED TUTTI FRUTTI HEART BOX,12,2010-11-08T12:35:00,1.25,12748,United Kingdom
531444,21704,BAG 250g SWIRLY MARBLES,6,2010-11-08T12:35:00,0.85,12748,United Kingdom
531444,21827,EIGHT PIECE CREEPY CRAWLIE SET,15,2010-11-08T12:35:00,1.25,12748,United Kingdom
531444,22082,RIBBON REEL STRIPES DESIGN,5,2010-11-08T12:35:00,1.65,12748,United Kingdom
531444,22559,SEASIDE FLYING DISC,13,2010-11-08T12:35:00,1.25,12748,United Kingdom
531444,22565,FELTCRAFT HAIRBANDS PINK AND WHITE,24,2010-11-08T12:35:00,0.85,12748,United Kingdom
531444,22755,SMALL PURPLE BABUSHKA NOTEBOOK,12,2010-11-08T12:35:00,0.85,12748,United Kingdom
531444,37424,WHITE WITH BLACK CATS MUG,12,2010-11-08T12:35:00,0.85,12748,United Kingdom
531444,84006,MAGIC TREE -PAPER FLOWERS,12,2010-11-08T12:35:00,0.85,12748,United Kingdom
531444,85226A,WHITE/BLUE PULL BACK RACING CAR,7,2010-11-08T12:35:00,0.55,12748,United Kingdom
531731,20718,RED RETROSPOT SHOPPER BAG,20,2010-11-09T12:15:00,1.25,14817,United Kingdom
531731,20972,PINK CREAM FELT CRAFT TRINKET BOX,12,2010-11-09T12:15:00,1.25,14817,United Kingdom
531731,21094,SET/6 RED SPOTTY PAPER PLATES,12,2010-11-09T12:15:00,0.85,14817,United Kingdom
531731,21212,PACK OF 72 RETROSPOT CAKE CASES,24,2010-11-09T12:15:00,0.55,14817,United Kingdom
531731,21232,STRAWBERRY CERAMIC TRINKET BOX,12,2010-11-09T12:15:00,1.25,14817,United Kingdom
531731,21675,BUTTERFLIES STICKERS,12,2010-11-09T12:15:00,0.85,14817,United Kingdom
531731,21676,FLOWERS  STICKERS,12,2010-11-09T12:15:00,0.85,14817,United Kingdom
531731,21916,SET 12 RETRO WHITE CHALK STICKS,24,2010-11-09T12:15:00,0.42,14817,United Kingdom
531731,22155,STAR DECORATION RUSTIC,48,2010-11-09T12:15:00,0.42,14817,United Kingdom
531731,22156,HEART DECORATION WITH PEARLS,12,2010-11-09T12:15:00,0.85,14817,United Kingdom
531731,22180,RETROSPOT LAMP,2,2010-11-09T12:15:00,9.95,14817,United Kingdom
531731,22197,SMALL POPCORN HOLDER,12,2010-11-09T12:15:00,0.85,14817,United Kingdom
531731,22348,TEA BAG PLATE RED RETROSPOT,12,2010-11-09T12:15:00,0.85,14817,United Kingdom
531731,22470,HEART OF WICKER LARGE,6,2010-11-09T12:15:00,2.95,14817,United Kingdom
531731,22493,PAINT YOUR OWN CANVAS SET,12,2010-11-09T12:15:00,1.65,14817,United Kingdom
531731,22624,IVORY KITCHEN SCALES,2,2010-11-09T12:15:00,8.5,14817,United Kingdom
531731,22626,BLACK KITCHEN SCALES,2,2010-11-09T12:15:00,8.5,14817,United Kingdom
531731,22646,CERAMIC STRAWBERRY CAKE MONEY BANK,12,2010-11-09T12:15:00,1.45,14817,United Kingdom
531731,22694,WICKER STAR,6,2010-11-09T12:15:00,2.1,14817,United Kingdom
531731,22766,PHOTO FRAME CORNICE,8,2010-11-09T12:15:00,2.95,14817,United Kingdom
531731,22767,TRIPLE PHOTO FRAME CORNICE,4,2010-11-09T12:15:00,9.95,14817,United Kingdom
531731,22865,HAND WARMER OWL DESIGN,12,2010-11-09T12:15:00,2.1,14817,United Kingdom
531731,22866,HAND WARMER SCOTTY DOG DESIGN,12,2010-11-09T12:15:00,2.1,14817,United Kingdom
531731,22867,HAND WARMER BIRD DESIGN,12,2010-11-09T12:15:00,2.1,14817,United Kingdom
531731,85048,15CM CHRISTMAS GLASS BALL 20 LIGHTS,2,2010-11-09T12:15:00,7.95,14817,United Kingdom
531731,85066,CREAM SWEETHEART MINI CHEST,2,2010-11-09T12:15:00,12.75,14817,United Kingdom
531731,85099B,JUMBO BAG RED RETROSPOT,20,2010-11-09T12:15:00,1.95,14817,United Kingdom
531731,85123A,WHITE HANGING HEART T-LIGHT HOLDER,6,2010-11-09T12:15:00,2.95,14817,United Kingdom
531731,90040A,MURANO STYLE GLASS BRACELET RED,3,2010-11-09T12:15:00,3.5,14817,United Kingdom
531731,90040B,MURANO STYLE GLASS BRACELET BLACK,3,2010-11-09T12:15:00,3.5,14817,United Kingdom
531731,90040C,MURANO STYLE GLASS BRACELET GOLD,3,2010-11-09T12:15:00,3.5,14817,United Kingdom
531731,90081B,LILY BROOCH WHITE/SILVER COLOUR,3,2010-11-09T12:15:00,4.95,14817,United Kingdom
531731,90082D,DIAMANTE BOW BROOCH BLACK COLOUR,3,2010-11-09T12:15:00,6.35,14817,United Kingdom
531731,90198A,VINTAGE ROSE BEAD BRACELET RASPBERR,4,2010-11-09T12:15:00,4.25,14817,United Kingdom
531731,90198B,VINTAGE ROSE BEAD BRACELET BLACK,4,2010-11-09T12:15:00,4.25,14817,United Kingdom
531731,C2,CARRIAGE,1,2010-11-09T12:15:00,50,14817,United Kingdom
531837,15056N,EDWARDIAN PARASOL NATURAL,60,2010-11-10T08:56:00,4.25,13777,United Kingdom
531837,20727,LUNCH BAG  BLACK SKULL.,100,2010-11-10T08:56:00,1.45,13777,United Kingdom
531837,20971,PINK BLUE FELT CRAFT TRINKET BOX,144,2010-11-10T08:56:00,1.06,13777,United Kingdom
531837,21107,CREAM SLICE FLANNEL PINK SPOT,72,2010-11-10T08:56:00,2.55,13777,United Kingdom
531837,21156,RETROSPOT CHILDRENS APRON,24,2010-11-10T08:56:00,1.65,13777,United Kingdom
531837,21354,TOAST ITS - BEST MUM,24,2010-11-10T08:56:00,1.05,13777,United Kingdom
531837,22041,"RECORD FRAME 7"" SINGLE SIZE",192,2010-11-10T08:56:00,2.1,13777,United Kingdom
531837,22095,LADS ONLY TISSUE BOX,108,2010-11-10T08:56:00,1.25,13777,United Kingdom
531837,35004C,SET OF 3 COLOURED  FLYING DUCKS,168,2010-11-10T08:56:00,4.65,13777,United Kingdom
531837,82615,PINK MARSHMALLOW SCARF KNITTING KIT,60,2010-11-10T08:56:00,2.55,13777,United Kingdom
531837,84029E,RED WOOLLY HOTTIE WHITE HEART.,120,2010-11-10T08:56:00,2.95,13777,United Kingdom
531837,84050,PINK HEART SHAPE EGG FRYING PAN,144,2010-11-10T08:56:00,1.25,13777,United Kingdom
531837,85038,6 CHOCOLATE LOVE HEART T-LIGHTS,72,2010-11-10T08:56:00,1.69,13777,United Kingdom
531837,85099B,JUMBO BAG RED RETROSPOT,40,2010-11-10T08:56:00,1.65,13777,United Kingdom
531837,85123A,WHITE HANGING HEART T-LIGHT HOLDER,168,2010-11-10T08:56:00,2.55,13777,United Kingdom
531837,85174,S/4 CACTI CANDLES,24,2010-11-10T08:56:00,4.25,13777,United Kingdom
531844,21463,MIRRORED DISCO BALL,4,2010-11-10T09:35:00,5.95,13809,Cyprus
531844,21922,UNION STRIPE WITH FRINGE  HAMMOCK,6,2010-11-10T09:35:00,7.95,13809,Cyprus
531844,47480,HANGING PHOTO CLIP ROPE LADDER,192,2010-11-10T09:35:00,1.45,13809,Cyprus
531844,84795B,SUNSET CHECK HAMMOCK,6,2010-11-10T09:35:00,7.95,13809,Cyprus
532021,20703,BLUE PADDED SOFT MOBILE,1,2010-11-10T13:09:00,4.25,16208,United Kingdom
532021,21181,PLEASE ONE PERSON METAL SIGN,5,2010-11-10T13:09:00,2.1,16208,United Kingdom
532021,21564,PINK  HEART SHAPE LOVE BUCKET,1,2010-11-10T13:09:00,2.95,16208,United Kingdom
532021,21733,RED HANGING HEART T-LIGHT HOLDER,6,2010-11-10T13:09:00,2.95,16208,United Kingdom
532021,21755,LOVE BUILDING BLOCK WORD,3,2010-11-10T13:09:00,5.95,16208,United Kingdom
532021,22077,6 RIBBONS RUSTIC CHARM,6,2010-11-10T13:09:00,1.65,16208,United Kingdom
532021,22162,HEART GARLAND RUSTIC PADDED,8,2010-11-10T13:09:00,2.95,16208,United Kingdom
532021,22457,NATURAL SLATE HEART CHALKBOARD,5,2010-11-10T13:09:00,2.95,16208,United Kingdom
532021,22470,HEART OF WICKER LARGE,3,2010-11-10T13:09:00,2.95,16208,United Kingdom
532021,22694,WICKER STAR,3,2010-11-10T13:09:00,2.1,16208,United Kingdom
532021,22796,PHOTO FRAME 3 CLASSIC HANGING,4,2010-11-10T13:09:00,9.95,16208,United Kingdom
532021,22954,HEN PARTY CORDON BARRIER TAPE,3,2010-11-10T13:09:00,1.25,16208,United Kingdom
532021,35400,WOODEN BOX ADVENT CALENDAR,4,2010-11-10T13:09:00,8.95,16208,United Kingdom
532021,35607A,PINK FLUFFY CHRISTMAS DECORATION,4,2010-11-10T13:09:00,0.19,16208,United Kingdom
532021,72128,COLUMBIAN CANDLE ROUND,1,2010-11-10T13:09:00,0.85,16208,United Kingdom
532021,82482,WOODEN PICTURE FRAME WHITE FINISH,3,2010-11-10T13:09:00,2.55,16208,United Kingdom
532021,84534B,FAIRY CAKE NOTEBOOK A5 SIZE,6,2010-11-10T13:09:00,0.85,16208,United Kingdom
532021,84535B,FAIRY CAKES NOTEBOOK A6 SIZE,6,2010-11-10T13:09:00,0.65,16208,United Kingdom
532021,84536B,FAIRY CAKES NOTEBOOK A7 SIZE,6,2010-11-10T13:09:00,0.42,16208,United Kingdom
532021,85094,CANDY SPOT EGG WARMER RABBIT,2,2010-11-10T13:09:00,1.25,16208,United Kingdom
532021,85123A,WHITE HANGING HEART T-LIGHT HOLDER,6,2010-11-10T13:09:00,2.95,16208,United Kingdom
532021,85208,SET/12 FUNKY FELT FLOWER PEG IN BAG,1,2010-11-10T13:09:00,2.1,16208,United Kingdom
532058,20685,DOORMAT RED SPOT,2,2010-11-10T14:34:00,7.95,14205,United Kingdom
532058,20914,SET/5 RED SPOTTY LID GLASS BOWLS,6,2010-11-10T14:34:00,2.95,14205,United Kingdom
532058,21210,SET OF 72 RETRO SPOT PAPER  DOILIES,12,2010-11-10T14:34:00,1.45,14205,United Kingdom
532058,21212,PACK OF 72 RETRO SPOT CAKE CASES,24,2010-11-10T14:34:00,0.55,14205,United Kingdom
532058,21217,RED SPOTTY ROUND CAKE TINS,3,2010-11-10T14:34:00,9.95,14205,United Kingdom
532058,21524,DOORMAT SPOTTY HOME SWEET HOME,2,2010-11-10T14:34:00,7.95,14205,United Kingdom
532058,21533,RETRO SPOT LARGE MILK JUG,3,2010-11-10T14:34:00,4.95,14205,United Kingdom
532058,21535,RED RETROSPOT SMALL MILK JUG,6,2010-11-10T14:34:00,2.55,14205,United Kingdom
532058,21975,PACK OF 60 DINOSAUR CAKE CASES,24,2010-11-10T14:34:00,0.55,14205,United Kingdom
532058,22697,GREEN REGENCY TEACUP AND SAUCER,6,2010-11-10T14:34:00,2.95,14205,United Kingdom
532058,22698,PINK REGENCY TEACUP AND SAUCER,6,2010-11-10T14:34:00,2.95,14205,United Kingdom
532058,22699,ROSES REGENCY TEACUP AND SAUCER,6,2010-11-10T14:34:00,2.95,14205,United Kingdom
532058,22727,ALARM CLOCK BAKELIKE RED,4,2010-11-10T14:34:00,3.75,14205,United Kingdom
532058,22840,ROUND CAKE TIN VINTAGE RED,2,2010-11-10T14:34:00,7.95,14205,United Kingdom
532058,22842,BISCUIT TIN VINTAGE RED,2,2010-11-10T14:34:00,6.75,14205,United Kingdom
532058,22951,72 CAKE CASES DOLLY GIRL DESIGN,24,2010-11-10T14:34:00,0.55,14205,United Kingdom
532058,48187,DOORMAT NEW ENGLAND,2,2010-11-10T14:34:00,7.95,14205,United Kingdom
532058,48188,DOORMAT WELCOME PUPPIES,2,2010-11-10T14:34:00,7.95,14205,United Kingdom
532058,84378,SET OF 3 HEART COOKIE CUTTERS,12,2010-11-10T14:34:00,1.25,14205,United Kingdom
532058,84380,SET OF 3 BUTTERFLY COOKIE CUTTERS,12,2010-11-10T14:34:00,1.25,14205,United Kingdom
532058,84992,72 SWEETHEART FAIRY CAKE CASES,24,2010-11-10T14:34:00,0.55,14205,United Kingdom
532494,20724,RED RETROSPOT CHARLOTTE BAG,1,2010-11-12T11:47:00,0.85,14082,United Kingdom
532494,20726,LUNCH BAG WOODLAND,3,2010-11-12T11:47:00,1.65,14082,United Kingdom
532494,20728,LUNCH BAG CARS BLUE,2,2010-11-12T11:47:00,1.65,14082,United Kingdom
532494,20749,ASSORTED COLOUR MINI CASES,2,2010-11-12T11:47:00,7.95,14082,United Kingdom
532494,20750,RED RETROSPOT MINI CASES,3,2010-11-12T11:47:00,7.95,14082,United Kingdom
532494,20977,36 PENCILS TUBE WOODLAND,3,2010-11-12T11:47:00,1.25,14082,United Kingdom
532494,21156,RETROSPOT CHILDRENS APRON,3,2010-11-12T11:47:00,1.95,14082,United Kingdom
532494,21715,GIRLS VINTAGE TIN SEASIDE BUCKET,2,2010-11-12T11:47:00,2.55,14082,United Kingdom
532494,21790,VINTAGE SNAP CARDS,4,2010-11-12T11:47:00,0.85,14082,United Kingdom
532494,21791,VINTAGE HEADS AND TAILS CARD GAME,4,2010-11-12T11:47:00,1.25,14082,United Kingdom
532494,21889,WOODEN BOX OF DOMINOES,4,2010-11-12T11:47:00,1.25,14082,United Kingdom
532494,21891,TRADITIONAL WOODEN SKIPPING ROPE,4,2010-11-12T11:47:00,1.25,14082,United Kingdom
532494,21912,VINTAGE SNAKES & LADDERS,2,2010-11-12T11:47:00,3.75,14082,United Kingdom
532494,22139,RETROSPOT TEA SET CERAMIC 11 PC,4,2010-11-12T11:47:00,4.95,14082,United Kingdom
532494,22367,CHILDRENS APRON SPACEBOY DESIGN,3,2010-11-12T11:47:00,1.95,14082,United Kingdom
532494,22380,TOY TIDY SPACEBOY,3,2010-11-12T11:47:00,2.1,14082,United Kingdom
532494,22382,LUNCH BAG SPACEBOY DESIGN,3,2010-11-12T11:47:00,1.65,14082,United Kingdom
532494,22399,MAGNETS PACK OF 4 CHILDHOOD MEMORY,4,2010-11-12T11:47:00,1.25,14082,United Kingdom
532494,22467,GUMBALL COAT RACK,2,2010-11-12T11:47:00,2.55,14082,United Kingdom
532494,22492,MINI PAINT SET VINTAGE,36,2010-11-12T11:47:00,0.65,14082,United Kingdom
532494,22530,MAGIC DRAWING SLATE DOLLY GIRL,1,2010-11-12T11:47:00,0.42,14082,United Kingdom
532494,22531,MAGIC DRAWING SLATE CIRCUS PARADE,2,2010-11-12T11:47:00,0.42,14082,United Kingdom
532494,22549,PICTURE DOMINOES,4,2010-11-12T11:47:00,1.45,14082,United Kingdom
532494,22551,PLASTERS IN TIN SPACEBOY,4,2010-11-12T11:47:00,1.65,14082,United Kingdom
532494,22554,PLASTERS IN TIN WOODLAND ANIMALS,4,2010-11-12T11:47:00,1.65,14082,United Kingdom
532494,22556,PLASTERS IN TIN CIRCUS PARADE,4,2010-11-12T11:47:00,1.65,14082,United Kingdom
532494,22560,TRADITIONAL MODELLING CLAY,2,2010-11-12T11:47:00,1.25,14082,United Kingdom
532494,22561,WOODEN SCHOOL COLOURING SET,2,2010-11-12T11:47:00,1.65,14082,United Kingdom
532494,22629,SPACEBOY LUNCH BOX,3,2010-11-12T11:47:00,1.95,14082,United Kingdom
532494,22630,DOLLY GIRL LUNCH BOX,3,2010-11-12T11:47:00,1.95,14082,United Kingdom
532494,22631,CIRCUS PARADE LUNCH BOX,2,2010-11-12T11:47:00,1.95,14082,United Kingdom
532494,22661,CHARLOTTE BAG DOLLY GIRL DESIGN,2,2010-11-12T11:47:00,0.85,14082,United Kingdom
532494,22662,LUNCH BAG DOLLY GIRL DESIGN,3,2010-11-12T11:47:00,1.65,14082,United Kingdom
532494,22664,TOY TIDY DOLLY GIRL DESIGN,3,2010-11-12T11:47:00,2.1,14082,United Kingdom
532494,22899,CHILDREN'S APRON DOLLY GIRL,4,2010-11-12T11:47:00,2.1,14082,United Kingdom
532494,85114A,BLACK ENCHANTED FOREST PLACEMAT,1,2010-11-12T11:47:00,1.65,14082,United Kingdom
532599,21137,BLACK RECORD COVER FRAME,48,2010-11-12T14:55:00,3.39,13576,United Kingdom
532599,21623,VINTAGE UNION JACK MEMOBOARD,2,2010-11-12T14:55:00,9.95,13576,United Kingdom
532599,22041,"RECORD FRAME 7"" SINGLE SIZE",48,2010-11-12T14:55:00,2.1,13576,United Kingdom
532599,22169,FAMILY ALBUM WHITE PICTURE FRAME,2,2010-11-12T14:55:00,8.5,13576,United Kingdom
532599,22188,BLACK HEART CARD HOLDER,4,2010-11-12T14:55:00,3.95,13576,United Kingdom
532599,22189,CREAM HEART CARD HOLDER,4,2010-11-12T14:55:00,3.95,13576,United Kingdom
532599,22785,SQUARECUSHION COVER PINK UNION FLAG,2,2010-11-12T14:55:00,6.75,13576,United Kingdom
532599,22800,ANTIQUE TALL SWIRLGLASS TRINKET POT,4,2010-11-12T14:55:00,3.75,13576,United Kingdom
532599,82001S,VINYL RECORD FRAME SILVER,24,2010-11-12T14:55:00,3.39,13576,United Kingdom
532642,15036,ASSORTED COLOURS SILK FAN,2,2010-11-12T17:00:00,1.28,,United Kingdom
532642,15060B,FAIRY CAKE DESIGN UMBRELLA,1,2010-11-12T17:00:00,8.47,,United Kingdom
532642,16236,KITTY PENCIL ERASERS,1,2010-11-12T17:00:00,0.43,,United Kingdom
532642,16237,SLEEPING CAT ERASERS,2,2010-11-12T17:00:00,0.43,,United Kingdom
532642,16238,PARTY TIME PENCIL ERASERS,2,2010-11-12T17:00:00,0.43,,United Kingdom
532642,17012D,ORIGAMI ROSE INCENSE/CANDLE SET,2,2010-11-12T17:00:00,2.51,,United Kingdom
532642,17084N,FAIRY DREAMS INCENSE,7,2010-11-12T17:00:00,0.43,,United Kingdom
532642,17084P,DRAGONS BLOOD INCENSE,2,2010-11-12T17:00:00,0.43,,United Kingdom
532642,17096,ASSORTED LAQUERED INCENSE HOLDERS,5,2010-11-12T17:00:00,0.43,,United Kingdom
532642,17129F,BLUE GLASS GEMS IN BAG,1,2010-11-12T17:00:00,1.66,,United Kingdom
532642,20617,FIRST CLASS PASSPORT COVER,1,2010-11-12T17:00:00,4.21,,United Kingdom
532642,20622,VIPPASSPORT COVER,1,2010-11-12T17:00:00,4.21,,United Kingdom
532642,20665,RED RETROSPOT PURSE,1,2010-11-12T17:00:00,5.91,,United Kingdom
532642,20711,JUMBO BAG TOYS,1,2010-11-12T17:00:00,4.21,,United Kingdom
532642,20712,JUMBO BAG WOODLAND ANIMALS,1,2010-11-12T17:00:00,4.21,,United Kingdom
532642,20712,JUMBO BAG WOODLAND ANIMALS,6,2010-11-12T17:00:00,1.95,,United Kingdom
532642,20713,JUMBO BAG OWLS,1,2010-11-12T17:00:00,4.21,,United Kingdom
532642,20723,STRAWBERRY CHARLOTTE BAG,2,2010-11-12T17:00:00,1.66,,United Kingdom
532642,20724,RED RETROSPOT CHARLOTTE BAG,6,2010-11-12T17:00:00,1.66,,United Kingdom
532642,20725,LUNCH BAG RED RETROSPOT,1,2010-11-12T17:00:00,4.21,,United Kingdom
532642,20726,LUNCH BAG WOODLAND,1,2010-11-12T17:00:00,4.21,,United Kingdom
532642,20727,LUNCH BAG  BLACK SKULL.,1,2010-11-12T17:00:00,4.21,,United Kingdom
532642,20733,GOLD MINI TAPE MEASURE,3,2010-11-12T17:00:00,0.85,,United Kingdom
532642,20735,BLACK MINI TAPE MEASURE,1,2010-11-12T17:00:00,0.85,,United Kingdom
532642,20755,BLUE PAISLEY POCKET BOOK,1,2010-11-12T17:00:00,1.66,,United Kingdom
532642,20766,GARDEN PATH SKETCHBOOK,1,2010-11-12T17:00:00,7.62,,United Kingdom
532642,20828,GLITTER BUTTERFLY CLIPS,1,2010-11-12T17:00:00,2.54,,United Kingdom
532642,20829,GLITTER HANGING BUTTERFLY STRING,4,2010-11-12T17:00:00,2.09,,United Kingdom
532642,20871,OPULENT VELVET SET/3 CANDLES,2,2010-11-12T17:00:00,4.21,,United Kingdom
532642,20914,SET/5 RED RETROSPOT LID GLASS BOWLS,2,2010-11-12T17:00:00,5.91,,United Kingdom
532642,20934,SET/3 POT PLANT CANDLES,1,2010-11-12T17:00:00,11.02,,United Kingdom
532642,20952,PORCELAIN CHERUB BELL SMALL,1,2010-11-12T17:00:00,2.51,,United Kingdom
532642,20956,PORCELAIN T-LIGHT HOLDERS ASSORTED,1,2010-11-12T17:00:00,2.51,,United Kingdom
532642,20961,STRAWBERRY BATH SPONGE,1,2010-11-12T17:00:00,2.51,,United Kingdom
532642,20963,APPLE BATH SPONGE,2,2010-11-12T17:00:00,2.51,,United Kingdom
532642,20966,SANDWICH BATH SPONGE,3,2010-11-12T17:00:00,2.51,,United Kingdom
532642,20971,PINK BLUE FELT CRAFT TRINKET BOX,2,2010-11-12T17:00:00,2.51,,United Kingdom
532642,20972,PINK CREAM FELT CRAFT TRINKET BOX,1,2010-11-12T17:00:00,2.51,,United Kingdom
532642,20974,12 PENCILS SMALL TUBE SKULL,3,2010-11-12T17:00:00,1.28,,United Kingdom
532642,20978,36 PENCILS TUBE SKULLS,2,2010-11-12T17:00:00,2.51,,United Kingdom
532642,20983,12 PENCILS TALL TUBE RED RETROSPOT,3,2010-11-12T17:00:00,1.66,,United Kingdom
532642,20996,JAZZ HEARTS ADDRESS BOOK,4,2010-11-12T17:00:00,0.84,,United Kingdom
532642,21002,ROSE DU SUD DRAWSTRING BAG,3,2010-11-12T17:00:00,3.36,,United Kingdom
532642,21012,ANTIQUE ALL GLASS CANDLESTICK,2,2010-11-12T17:00:00,2.51,,United Kingdom
532642,21028,NINJA RABBIT BLACK,1,2010-11-12T17:00:00,1.25,,United Kingdom
532642,21068,VINTAGE BILLBOARD LOVE/HATE MUG,1,2010-11-12T17:00:00,2.51,,United Kingdom
532642,21071,VINTAGE BILLBOARD DRINK ME MUG,1,2010-11-12T17:00:00,2.51,,United Kingdom
532642,21086,SET/6 RED SPOTTY PAPER CUPS,2,2010-11-12T17:00:00,1.66,,United Kingdom
532642,21098,CHRISTMAS TOILET ROLL,9,2010-11-12T17:00:00,2.51,,United Kingdom
532642,21165,BEWARE OF THE CAT METAL SIGN,1,2010-11-12T17:00:00,4.21,,United Kingdom
532642,21172,PARTY METAL SIGN,1,2010-11-12T17:00:00,4.21,,United Kingdom
532642,21174,POTTERING IN THE SHED METAL SIGN,1,2010-11-12T17:00:00,4.21,,United Kingdom
532642,21175,GIN + TONIC DIET METAL SIGN,2,2010-11-12T17:00:00,4.21,,United Kingdom
532642,21181,PLEASE ONE PERSON METAL SIGN,3,2010-11-12T17:00:00,4.21,,United Kingdom
532642,21186,WHITE DOVE HONEYCOMB PAPER GARLAND,2,2010-11-12T17:00:00,1.64,,United Kingdom
532642,21187,WHITE BELL HONEYCOMB PAPER GARLAND,4,2010-11-12T17:00:00,3.36,,United Kingdom
532642,21191,LARGE WHITE HONEYCOMB PAPER BELL,1,2010-11-12T17:00:00,4.21,,United Kingdom
532642,21192,WHITE BELL HONEYCOMB PAPER,2,2010-11-12T17:00:00,3.36,,United Kingdom
532642,21212,PACK OF 72 RETROSPOT CAKE CASES,3,2010-11-12T17:00:00,1.28,,United Kingdom
532642,21231,SWEETHEART CERAMIC TRINKET BOX,3,2010-11-12T17:00:00,2.51,,United Kingdom
532642,21232,STRAWBERRY CERAMIC TRINKET BOX,4,2010-11-12T17:00:00,2.51,,United Kingdom
532642,21238,RED RETROSPOT CUP,1,2010-11-12T17:00:00,1.66,,United Kingdom
532642,21251,DINOSAUR HEIGHT CHART STICKER SET,2,2010-11-12T17:00:00,5.91,,United Kingdom
532642,21260,FIRST AID TIN,1,2010-11-12T17:00:00,3.24,,United Kingdom
532642,21260,FIRST AID TIN,1,2010-11-12T17:00:00,6.77,,United Kingdom
532642,21261,GREEN GOOSE FEATHER CHRISTMAS TREE,1,2010-11-12T17:00:00,7.62,,United Kingdom
532642,21263,GREEN GOOSE FEATHER TREE 60CM,1,2010-11-12T17:00:00,5.91,,United Kingdom
532642,21313,GLASS HEART T-LIGHT HOLDER,1,2010-11-12T17:00:00,1.66,,United Kingdom
532642,21314,SMALL GLASS HEART TRINKET POT,3,2010-11-12T17:00:00,4.21,,United Kingdom
532642,21327,SKULLS WRITING SET,1,2010-11-12T17:00:00,3.36,,United Kingdom
532642,21328,BALLOONS  WRITING SET,1,2010-11-12T17:00:00,3.36,,United Kingdom
532642,21349,IVY HEART WREATH,1,2010-11-12T17:00:00,13.57,,United Kingdom
532642,21351,CINAMMON & ORANGE WREATH,3,2010-11-12T17:00:00,5.91,,United Kingdom
532642,21380,WOODEN HAPPY BIRTHDAY GARLAND,2,2010-11-12T17:00:00,2.95,,United Kingdom
532642,21381,MINI WOODEN HAPPY BIRTHDAY GARLAND,4,2010-11-12T17:00:00,1.69,,United Kingdom
532642,21385,IVORY HANGING DECORATION  HEART,2,2010-11-12T17:00:00,1.66,,United Kingdom
532642,21392,RED POLKADOT PUDDING BOWL,2,2010-11-12T17:00:00,4.21,,United Kingdom
532642,21397,BLUE POLKADOT EGG CUP,4,2010-11-12T17:00:00,1.24,,United Kingdom
532642,21399,BLUE POLKADOT COFFEE MUG,1,2010-11-12T17:00:00,4.21,,United Kingdom
532642,21411,GINGHAM HEART  DOORSTOP RED,1,2010-11-12T17:00:00,8.47,,United Kingdom
532642,21429,RED GINGHAM ROSE JEWELLERY BOX,2,2010-11-12T17:00:00,3.36,,United Kingdom
532642,21446,12 RED ROSE PEG PLACE SETTINGS,1,2010-11-12T17:00:00,2.51,,United Kingdom
532642,21479,WHITE SKULL HOT WATER BOTTLE,2,2010-11-12T17:00:00,7.62,,United Kingdom
532642,21481,FAWN BLUE HOT WATER BOTTLE,1,2010-11-12T17:00:00,5.91,,United Kingdom
532642,21484,CHICK GREY HOT WATER BOTTLE,1,2010-11-12T17:00:00,7.62,,United Kingdom
532642,21486,PINK HEART DOTS HOT WATER BOTTLE,2,2010-11-12T17:00:00,4.21,,United Kingdom
532642,21488,RED WHITE SCARF  HOT WATER BOTTLE,1,2010-11-12T17:00:00,8.47,,United Kingdom
532642,21494,ROTATING LEAVES T-LIGHT HOLDER,2,2010-11-12T17:00:00,5.06,,United Kingdom
532642,21504,SKULLS GREETING CARD,3,2010-11-12T17:00:00,0.85,,United Kingdom
532642,21523,DOORMAT FANCY FONT HOME SWEET HOME,1,2010-11-12T17:00:00,14.43,,United Kingdom
532642,21527,RED RETROSPOT TRADITIONAL TEAPOT,1,2010-11-12T17:00:00,16.98,,United Kingdom
532642,21531,RED RETROSPOT SUGAR JAM BOWL,1,2010-11-12T17:00:00,5.06,,United Kingdom
532642,21535,RED RETROSPOT SMALL MILK JUG,1,2010-11-12T17:00:00,2.55,,United Kingdom
532642,21544,SKULLS  WATER TRANSFER TATTOOS,2,2010-11-12T17:00:00,1.66,,United Kingdom
532642,21624,VINTAGE UNION JACK DOORSTOP,1,2010-11-12T17:00:00,11.87,,United Kingdom
532642,21627,ELEPHANT CARNIVAL POUFFE,1,2010-11-12T17:00:00,29.79,,United Kingdom
532642,21648,ASSORTED TUTTI FRUTTI SMALL PURSE,1,2010-11-12T17:00:00,2.51,,United Kingdom
532642,21670,BLUE SPOT CERAMIC DRAWER KNOB,2,2010-11-12T17:00:00,2.51,,United Kingdom
532642,21673,WHITE SPOT BLUE CERAMIC DRAWER KNOB,6,2010-11-12T17:00:00,2.51,,United Kingdom
532642,21677,HEARTS  STICKERS,1,2010-11-12T17:00:00,1.66,,United Kingdom
532642,21703,BAG 125g SWIRLY MARBLES,2,2010-11-12T17:00:00,0.85,,United Kingdom
532642,21713,CITRONELLA CANDLE FLOWERPOT,2,2010-11-12T17:00:00,4.21,,United Kingdom
532642,21723,ALPHABET HEARTS STICKER SHEET,1,2010-11-12T17:00:00,0.84,,United Kingdom
532642,21724,PANDA AND BUNNIES STICKER SHEET,1,2010-11-12T17:00:00,0.84,,United Kingdom
532642,21726,MULTI HEARTS  STICKERS,1,2010-11-12T17:00:00,0.84,,United Kingdom
532642,21731,RED TOADSTOOL LED NIGHT LIGHT,3,2010-11-12T17:00:00,3.36,,United Kingdom
532642,21733,RED HANGING HEART T-LIGHT HOLDER,1,2010-11-12T17:00:00,5.91,,United Kingdom
532642,21735,TWO DOOR CURIO CABINET,2,2010-11-12T17:00:00,12.75,,United Kingdom
532642,21744,SNOWFLAKE PORTABLE TABLE LIGHT,1,2010-11-12T17:00:00,2.94,,United Kingdom
532642,21754,HOME BUILDING BLOCK WORD,1,2010-11-12T17:00:00,11.87,,United Kingdom
532642,21773,DECORATIVE ROSE BATHROOM BOTTLE,1,2010-11-12T17:00:00,2.51,,United Kingdom
532642,21781,MA CAMPAGNE CUTLERY BOX,1,2010-11-12T17:00:00,29.74,,United Kingdom
532642,21786,POLKADOT RAIN HAT,7,2010-11-12T17:00:00,0.85,,United Kingdom
532642,21790,VINTAGE SNAP CARDS,1,2010-11-12T17:00:00,0.84,,United Kingdom
532642,21790,VINTAGE SNAP CARDS,4,2010-11-12T17:00:00,1.66,,United Kingdom
532642,21801,CHRISTMAS TREE DECORATION WITH BELL,28,2010-11-12T17:00:00,0.43,,United Kingdom
532642,21802,CHRISTMAS TREE HEART DECORATION,22,2010-11-12T17:00:00,0.43,,United Kingdom
532642,21803,CHRISTMAS TREE STAR DECORATION,21,2010-11-12T17:00:00,0.43,,United Kingdom
532642,21808,"CHRISTMAS GARLAND STARS,TREES",4,2010-11-12T17:00:00,3.36,,United Kingdom
532642,21809,CHRISTMAS HANGING TREE WITH BELL,1,2010-11-12T17:00:00,2.51,,United Kingdom
532642,21811,CHRISTMAS HANGING HEART WITH BELL,3,2010-11-12T17:00:00,2.51,,United Kingdom
532642,21812,GARLAND WITH HEARTS AND BELLS,1,2010-11-12T17:00:00,10.17,,United Kingdom
532642,21821,GLITTER STAR GARLAND WITH BELLS,1,2010-11-12T17:00:00,3.74,,United Kingdom
532642,21821,GLITTER STAR GARLAND WITH BELLS,1,2010-11-12T17:00:00,7.62,,United Kingdom
532642,21829,DINOSAUR KEYRINGS ASSORTED,2,2010-11-12T17:00:00,0.43,,United Kingdom
532642,21832,CHOCOLATE CALCULATOR,1,2010-11-12T17:00:00,3.36,,United Kingdom
532642,21833,CAMOUFLAGE LED TORCH,2,2010-11-12T17:00:00,3.36,,United Kingdom
532642,21843,RED RETROSPOT CAKE STAND,1,2010-11-12T17:00:00,21.23,,United Kingdom
532642,21844,RED RETROSPOT MUG,8,2010-11-12T17:00:00,5.91,,United Kingdom
532642,21846,PINK DIAMANTE PEN IN GIFT BOX,1,2010-11-12T17:00:00,4.21,,United Kingdom
532642,21864,UNION JACK FLAG PASSPORT COVER,1,2010-11-12T17:00:00,4.21,,United Kingdom
532642,21866,UNION JACK FLAG LUGGAGE TAG,2,2010-11-12T17:00:00,2.51,,United Kingdom
532642,21868,POTTING SHED TEA MUG,1,2010-11-12T17:00:00,1.24,,United Kingdom
532642,21871,SAVE THE PLANET MUG,2,2010-11-12T17:00:00,3.36,,United Kingdom
532642,21874,GIN AND TONIC MUG,1,2010-11-12T17:00:00,3.36,,United Kingdom
532642,21875,KINGS CHOICE MUG,1,2010-11-12T17:00:00,3.36,,United Kingdom
532642,21877,HOME SWEET HOME MUG,3,2010-11-12T17:00:00,3.36,,United Kingdom
532642,21889,WOODEN BOX OF DOMINOES,4,2010-11-12T17:00:00,2.51,,United Kingdom
532642,21908,CHOCOLATE THIS WAY METAL SIGN,2,2010-11-12T17:00:00,4.21,,United Kingdom
532642,21914,BLUE HARMONICA IN BOX,1,2010-11-12T17:00:00,2.51,,United Kingdom
532642,21918,SET 12 KIDS COLOUR  CHALK STICKS,1,2010-11-12T17:00:00,0.85,,United Kingdom
532642,21930,JUMBO STORAGE BAG SKULLS,3,2010-11-12T17:00:00,4.21,,United Kingdom
532642,21931,JUMBO STORAGE BAG SUKI,1,2010-11-12T17:00:00,4.21,,United Kingdom
532642,21931,JUMBO STORAGE BAG SUKI,9,2010-11-12T17:00:00,1.95,,United Kingdom
532642,21934,SKULL SHOULDER BAG,3,2010-11-12T17:00:00,3.36,,United Kingdom
532642,21935,SUKI  SHOULDER BAG,2,2010-11-12T17:00:00,3.36,,United Kingdom
532642,21945,STRAWBERRIES  DESIGN FLANNEL,1,2010-11-12T17:00:00,1.66,,United Kingdom
532642,21967,PACK OF 12 SKULL TISSUES,2,2010-11-12T17:00:00,0.85,,United Kingdom
532642,21975,PACK OF 60 DINOSAUR CAKE CASES,1,2010-11-12T17:00:00,1.28,,United Kingdom
532642,21976,PACK OF 60 MUSHROOM CAKE CASES,1,2010-11-12T17:00:00,1.28,,United Kingdom
532642,21980,PACK OF 12 RED RETROSPOT TISSUES,2,2010-11-12T17:00:00,0.85,,United Kingdom
532642,21981,PACK OF 12 WOODLAND TISSUES,3,2010-11-12T17:00:00,0.85,,United Kingdom
532642,21982,PACK OF 12 SUKI TISSUES,5,2010-11-12T17:00:00,0.85,,United Kingdom
532642,21983,PACK OF 12 BLUE PAISLEY TISSUES,1,2010-11-12T17:00:00,0.85,,United Kingdom
532642,21984,PACK OF 12 PINK PAISLEY TISSUES,1,2010-11-12T17:00:00,0.85,,United Kingdom
532642,21985,PACK OF 12 HEARTS DESIGN TISSUES,1,2010-11-12T17:00:00,0.85,,United Kingdom
532642,21986,PACK OF 12 PINK POLKADOT TISSUES,1,2010-11-12T17:00:00,0.85,,United Kingdom
532642,21990,MODERN FLORAL STATIONERY SET,3,2010-11-12T17:00:00,2.51,,United Kingdom
532642,21991,BOHEMIAN COLLAGE STATIONERY SET,1,2010-11-12T17:00:00,2.51,,United Kingdom
532642,21992,VINTAGE PAISLEY STATIONERY SET,2,2010-11-12T17:00:00,2.51,,United Kingdom
532642,21993,FLORAL FOLK STATIONERY SET,2,2010-11-12T17:00:00,2.51,,United Kingdom
532642,22023,EMPIRE BIRTHDAY CARD,1,2010-11-12T17:00:00,0.85,,United Kingdom
532642,22027,TEA PARTY BIRTHDAY CARD,2,2010-11-12T17:00:00,0.85,,United Kingdom
532642,22028,PENNY FARTHING BIRTHDAY CARD,1,2010-11-12T17:00:00,0.42,,United Kingdom
532642,22029,SPACEBOY BIRTHDAY CARD,2,2010-11-12T17:00:00,0.85,,United Kingdom
532642,22037,ROBOT BIRTHDAY CARD,4,2010-11-12T17:00:00,0.85,,United Kingdom
532642,22055,MINI CAKE STAND  HANGING STRAWBERY,4,2010-11-12T17:00:00,3.36,,United Kingdom
532642,22057,CERAMIC PLATE STRAWBERRY DESIGN,2,2010-11-12T17:00:00,3.36,,United Kingdom
532642,22065,CHRISTMAS PUDDING TRINKET POT,1,2010-11-12T17:00:00,3.36,,United Kingdom
532642,22066,LOVE HEART TRINKET POT,1,2010-11-12T17:00:00,3.36,,United Kingdom
532642,22079,RIBBON REEL HEARTS DESIGN,1,2010-11-12T17:00:00,3.36,,United Kingdom
532642,22081,RIBBON REEL FLORA + FAUNA,1,2010-11-12T17:00:00,3.36,,United Kingdom
532642,22084,PAPER CHAIN KIT EMPIRE,1,2010-11-12T17:00:00,5.91,,United Kingdom
532642,22086,PAPER CHAIN KIT 50'S CHRISTMAS,2,2010-11-12T17:00:00,2.94,,United Kingdom
532642,22086,PAPER CHAIN KIT 50'S CHRISTMAS,20,2010-11-12T17:00:00,5.91,,United Kingdom
532642,22098,BOUDOIR SQUARE TISSUE BOX,2,2010-11-12T17:00:00,2.51,,United Kingdom
532642,22099,CARAVAN SQUARE TISSUE BOX,1,2010-11-12T17:00:00,2.51,,United Kingdom
532642,22104,MIRROR MOSAIC CANDLE PLATE,3,2010-11-12T17:00:00,1.66,,United Kingdom
532642,22107,PIZZA PLATE IN BOX,1,2010-11-12T17:00:00,7.62,,United Kingdom
532642,22108,PING! MICROWAVE PLATE,1,2010-11-12T17:00:00,3.36,,United Kingdom
532642,22109,FULL ENGLISH BREAKFAST PLATE,1,2010-11-12T17:00:00,7.62,,United Kingdom
532642,22112,CHOCOLATE HOT WATER BOTTLE,1,2010-11-12T17:00:00,11.02,,United Kingdom
532642,22113,GREY HEART HOT WATER BOTTLE,1,2010-11-12T17:00:00,7.62,,United Kingdom
532642,22120,WELCOME  WOODEN BLOCK LETTERS,1,2010-11-12T17:00:00,20.38,,United Kingdom
532642,22121,NOEL WOODEN BLOCK LETTERS,2,2010-11-12T17:00:00,11.87,,United Kingdom
532642,22130,PARTY CONE CHRISTMAS DECORATION,2,2010-11-12T17:00:00,8.47,,United Kingdom
532642,22135,LADLE LOVE HEART PINK,1,2010-11-12T17:00:00,0.85,,United Kingdom
532642,22139,RETROSPOT TEA SET CERAMIC 11 PC,1,2010-11-12T17:00:00,11.02,,United Kingdom
532642,22147,FELTCRAFT BUTTERFLY HEARTS,2,2010-11-12T17:00:00,3.36,,United Kingdom
532642,22149,FELTCRAFT 6 FLOWER FRIENDS,2,2010-11-12T17:00:00,4.21,,United Kingdom
532642,22156,HEART DECORATION WITH PEARLS,1,2010-11-12T17:00:00,1.66,,United Kingdom
532642,22161,HEART DECORATION RUSTIC HANGING,1,2010-11-12T17:00:00,0.81,,United Kingdom
532642,22162,HEART GARLAND RUSTIC PADDED,4,2010-11-12T17:00:00,3.36,,United Kingdom
532642,22169,FAMILY ALBUM WHITE PICTURE FRAME,1,2010-11-12T17:00:00,16.98,,United Kingdom
532642,22174,PHOTO CUBE,4,2010-11-12T17:00:00,3.36,,United Kingdom
532642,22178,VICTORIAN GLASS HANGING T-LIGHT,1,2010-11-12T17:00:00,2.51,,United Kingdom
532642,22182,CAKE STAND VICTORIAN FILIGREE SMALL,4,2010-11-12T17:00:00,4.21,,United Kingdom
532642,22183,CAKE STAND VICTORIAN FILIGREE MED,3,2010-11-12T17:00:00,5.91,,United Kingdom
532642,22184,CAKE STAND VICTORIAN FILIGREE LARGE,3,2010-11-12T17:00:00,8.47,,United Kingdom
532642,22189,CREAM HEART CARD HOLDER,1,2010-11-12T17:00:00,8.47,,United Kingdom
532642,22190,LOCAL CAFE MUG,1,2010-11-12T17:00:00,2.51,,United Kingdom
532642,22193,RED DINER WALL CLOCK,1,2010-11-12T17:00:00,16.98,,United Kingdom
532642,22197,SMALL POPCORN HOLDER,2,2010-11-12T17:00:00,0.84,,United Kingdom
532642,22197,SMALL POPCORN HOLDER,2,2010-11-12T17:00:00,1.66,,United Kingdom
532642,22198,LARGE POPCORN HOLDER,2,2010-11-12T17:00:00,1.64,,United Kingdom
532642,22198,LARGE POPCORN HOLDER,6,2010-11-12T17:00:00,3.36,,United Kingdom
532642,22199,FRYING PAN RED RETROSPOT,1,2010-11-12T17:00:00,8.47,,United Kingdom
532642,22208,WOOD STAMP SET THANK YOU,1,2010-11-12T17:00:00,3.36,,United Kingdom
532642,22244,3 HOOK HANGER MAGIC GARDEN,1,2010-11-12T17:00:00,4.21,,United Kingdom
532642,22260,FELT EGG COSY BLUE RABBIT,1,2010-11-12T17:00:00,0.84,,United Kingdom
532642,22291,"SPRING DEC , HANGING CHICK CREAM",1,2010-11-12T17:00:00,1.45,,United Kingdom
532642,22296,HEART IVORY TRELLIS LARGE,1,2010-11-12T17:00:00,3.36,,United Kingdom
532642,22297,HEART IVORY TRELLIS SMALL,1,2010-11-12T17:00:00,2.51,,United Kingdom
532642,22299,PIG KEYRING WITH LIGHT & SOUND,1,2010-11-12T17:00:00,2.51,,United Kingdom
532642,22304,COFFEE MUG BLUE PAISLEY DESIGN,2,2010-11-12T17:00:00,5.06,,United Kingdom
532642,22311,OFFICE MUG WARMER BLACK+SILVER,2,2010-11-12T17:00:00,5.91,,United Kingdom
532642,22318,FIVE HEART HANGING DECORATION,1,2010-11-12T17:00:00,5.91,,United Kingdom
532642,22322,BIRD DECORATION GREEN POLKADOT,1,2010-11-12T17:00:00,1.66,,United Kingdom
532642,22324,BLUE POLKADOT KIDS BAG,1,2010-11-12T17:00:00,4.21,,United Kingdom
532642,22326,ROUND SNACK BOXES SET OF4 WOODLAND,1,2010-11-12T17:00:00,5.91,,United Kingdom
532642,22333,RETROSPOT PARTY BAG + STICKER SET,1,2010-11-12T17:00:00,3.36,,United Kingdom
532642,22335,HEART DECORATION PAINTED ZINC,4,2010-11-12T17:00:00,1.28,,United Kingdom
532642,22336,DOVE DECORATION PAINTED ZINC,1,2010-11-12T17:00:00,1.28,,United Kingdom
532642,22337,ANGEL DECORATION PAINTED ZINC,1,2010-11-12T17:00:00,1.28,,United Kingdom
532642,22338,STAR DECORATION PAINTED ZINC,1,2010-11-12T17:00:00,1.28,,United Kingdom
532642,22341,LOVE GARLAND PAINTED ZINC,1,2010-11-12T17:00:00,3.36,,United Kingdom
532642,22348,TEA BAG PLATE RED RETROSPOT,4,2010-11-12T17:00:00,1.66,,United Kingdom
532642,22355,CHARLOTTE BAG SUKI DESIGN,5,2010-11-12T17:00:00,1.66,,United Kingdom
532642,22356,CHARLOTTE BAG PINK POLKADOT,4,2010-11-12T17:00:00,1.66,,United Kingdom
532642,22366,DOORMAT AIRMAIL,1,2010-11-12T17:00:00,14.43,,United Kingdom
532642,22371,AIRLINE BAG VINTAGE TOKYO 78,1,2010-11-12T17:00:00,8.47,,United Kingdom
532642,22376,AIRLINE BAG VINTAGE JET SET WHITE,1,2010-11-12T17:00:00,8.47,,United Kingdom
532642,22379,RECYCLING BAG RETROSPOT,2,2010-11-12T17:00:00,4.21,,United Kingdom
532642,22382,LUNCH BAG SPACEBOY DESIGN,1,2010-11-12T17:00:00,1.64,,United Kingdom
532642,22382,LUNCH BAG SPACEBOY DESIGN,1,2010-11-12T17:00:00,4.21,,United Kingdom
532642,22384,LUNCH BAG PINK POLKADOT,1,2010-11-12T17:00:00,4.21,,United Kingdom
532642,22386,JUMBO BAG PINK POLKADOT,5,2010-11-12T17:00:00,1.95,,United Kingdom
532642,22393,PAPERWEIGHT VINTAGE COLLAGE,1,2010-11-12T17:00:00,5.06,,United Kingdom
532642,22419,LIPSTICK PEN RED,1,2010-11-12T17:00:00,0.42,,United Kingdom
532642,22419,LIPSTICK PEN RED,5,2010-11-12T17:00:00,0.85,,United Kingdom
532642,22420,LIPSTICK PEN BABY PINK,2,2010-11-12T17:00:00,0.85,,United Kingdom
532642,22421,LIPSTICK PEN FUSCHIA,3,2010-11-12T17:00:00,0.85,,United Kingdom
532642,22422,TOOTHPASTE TUBE PEN,1,2010-11-12T17:00:00,1.28,,United Kingdom
532642,22423,REGENCY CAKESTAND 3 TIER,1,2010-11-12T17:00:00,12.75,,United Kingdom
532642,22423,REGENCY CAKESTAND 3 TIER,1,2010-11-12T17:00:00,25.49,,United Kingdom
532642,22437,SET OF 9 BLACK SKULL BALLOONS,1,2010-11-12T17:00:00,1.66,,United Kingdom
532642,22457,NATURAL SLATE HEART CHALKBOARD,4,2010-11-12T17:00:00,5.91,,United Kingdom
532642,22470,HEART OF WICKER LARGE,2,2010-11-12T17:00:00,5.91,,United Kingdom
532642,22473,TV DINNER TRAY VINTAGE PAISLEY,1,2010-11-12T17:00:00,4.94,,United Kingdom
532642,22474,SPACEBOY TV DINNER TRAY,1,2010-11-12T17:00:00,4.94,,United Kingdom
532642,22481,BLACK TEA TOWEL CLASSIC DESIGN,2,2010-11-12T17:00:00,1.24,,United Kingdom
532642,22483,RED GINGHAM TEDDY BEAR,1,2010-11-12T17:00:00,5.91,,United Kingdom
532642,22491,PACK OF 12 COLOURED PENCILS,1,2010-11-12T17:00:00,0.84,,United Kingdom
532642,22492,MINI PAINT SET VINTAGE,1,2010-11-12T17:00:00,0.65,,United Kingdom
532642,22495,SET OF 2 ROUND TINS CAMEMBERT,1,2010-11-12T17:00:00,5.91,,United Kingdom
532642,22501,PICNIC BASKET WICKER LARGE,1,2010-11-12T17:00:00,21.23,,United Kingdom
532642,22502,PICNIC BASKET WICKER SMALL,1,2010-11-12T17:00:00,8.47,,United Kingdom
532642,22530,MAGIC DRAWING SLATE DOLLY GIRL,1,2010-11-12T17:00:00,0.42,,United Kingdom
532642,22531,MAGIC DRAWING SLATE CIRCUS PARADE,3,2010-11-12T17:00:00,0.85,,United Kingdom
532642,22532,MAGIC DRAWING SLATE LEAP FROG,1,2010-11-12T17:00:00,0.42,,United Kingdom
532642,22533,MAGIC DRAWING SLATE BAKE A CAKE,1,2010-11-12T17:00:00,0.42,,United Kingdom
532642,22533,MAGIC DRAWING SLATE BAKE A CAKE,2,2010-11-12T17:00:00,0.85,,United Kingdom
532642,22534,MAGIC DRAWING SLATE SPACEBOY,1,2010-11-12T17:00:00,0.42,,United Kingdom
532642,22534,MAGIC DRAWING SLATE SPACEBOY,4,2010-11-12T17:00:00,0.85,,United Kingdom
532642,22536,MAGIC DRAWING SLATE PURDEY,1,2010-11-12T17:00:00,0.85,,United Kingdom
532642,22538,MINI JIGSAW GO TO THE FAIR,1,2010-11-12T17:00:00,0.85,,United Kingdom
532642,22539,MINI JIGSAW DOLLY GIRL,1,2010-11-12T17:00:00,0.85,,United Kingdom
532642,22540,MINI JIGSAW CIRCUS PARADE,1,2010-11-12T17:00:00,0.85,,United Kingdom
532642,22541,MINI JIGSAW LEAP FROG,1,2010-11-12T17:00:00,0.85,,United Kingdom
532642,22545,MINI JIGSAW BUNNIES,3,2010-11-12T17:00:00,0.85,,United Kingdom
532642,22546,MINI JIGSAW PURDEY,3,2010-11-12T17:00:00,0.85,,United Kingdom
532642,22547,MINI JIGSAW DINOSAUR,1,2010-11-12T17:00:00,0.85,,United Kingdom
532642,22553,PLASTERS IN TIN SKULLS,1,2010-11-12T17:00:00,3.36,,United Kingdom
532642,22555,PLASTERS IN TIN STRONGMAN,2,2010-11-12T17:00:00,3.36,,United Kingdom
532642,22568,FELTCRAFT CUSHION OWL,1,2010-11-12T17:00:00,7.62,,United Kingdom
532642,22569,FELTCRAFT CUSHION BUTTERFLY,1,2010-11-12T17:00:00,3.74,,United Kingdom
532642,22571,ROCKING HORSE RED CHRISTMAS,4,2010-11-12T17:00:00,1.66,,United Kingdom
532642,22575,METAL MERRY CHRISTMAS WREATH,1,2010-11-12T17:00:00,4.21,,United Kingdom
532642,22577,WOODEN HEART CHRISTMAS SCANDINAVIAN,1,2010-11-12T17:00:00,1.66,,United Kingdom
532642,22579,WOODEN TREE CHRISTMAS SCANDINAVIAN,1,2010-11-12T17:00:00,1.66,,United Kingdom
532642,22580,ADVENT CALENDAR GINGHAM SACK,1,2010-11-12T17:00:00,11.87,,United Kingdom
532642,22581,WOOD STOCKING CHRISTMAS SCANDISPOT,2,2010-11-12T17:00:00,1.66,,United Kingdom
532642,22588,CARD HOLDER GINGHAM HEART,2,2010-11-12T17:00:00,5.06,,United Kingdom
532642,22593,CHRISTMAS GINGHAM STAR,2,2010-11-12T17:00:00,1.66,,United Kingdom
532642,22594,CHRISTMAS GINGHAM TREE,2,2010-11-12T17:00:00,1.66,,United Kingdom
532642,22595,CHRISTMAS GINGHAM HEART,1,2010-11-12T17:00:00,1.66,,United Kingdom
532642,22597,CHRISTMAS MUSICAL ZINC HEART,1,2010-11-12T17:00:00,1.66,,United Kingdom
532642,22598,CHRISTMAS MUSICAL ZINC TREE,1,2010-11-12T17:00:00,1.66,,United Kingdom
532642,22600,CHRISTMAS RETROSPOT STAR WOOD,3,2010-11-12T17:00:00,1.66,,United Kingdom
532642,22602,CHRISTMAS RETROSPOT HEART WOOD,6,2010-11-12T17:00:00,1.66,,United Kingdom
532642,22603,CHRISTMAS RETROSPOT TREE WOOD,3,2010-11-12T17:00:00,1.66,,United Kingdom
532642,22611,VINTAGE UNION JACK SHOPPING BAG,1,2010-11-12T17:00:00,10.17,,United Kingdom
532642,22615,PACK OF 12 CIRCUS PARADE TISSUES,1,2010-11-12T17:00:00,0.85,,United Kingdom
532642,22616,PACK OF 12 LONDON TISSUES,2,2010-11-12T17:00:00,0.85,,United Kingdom
532642,22618,COOKING SET RETROSPOT,1,2010-11-12T17:00:00,20.38,,United Kingdom
532642,22619,SET OF 6 SOLDIER SKITTLES,1,2010-11-12T17:00:00,7.62,,United Kingdom
532642,22621,TRADITIONAL KNITTING NANCY,6,2010-11-12T17:00:00,1.45,,United Kingdom
532642,22630,DOLLY GIRL LUNCH BOX,1,2010-11-12T17:00:00,4.21,,United Kingdom
532642,22632,HAND WARMER RED RETROSPOT,2,2010-11-12T17:00:00,4.21,,United Kingdom
532642,22633,HAND WARMER UNION JACK,1,2010-11-12T17:00:00,4.21,,United Kingdom
532642,22639,SET OF 4 NAPKIN CHARMS HEARTS,1,2010-11-12T17:00:00,5.06,,United Kingdom
532642,22645,CERAMIC HEART FAIRY CAKE MONEY BANK,2,2010-11-12T17:00:00,3.36,,United Kingdom
532642,22646,CERAMIC STRAWBERRY CAKE MONEY BANK,1,2010-11-12T17:00:00,3.36,,United Kingdom
532642,22650,CERAMIC PIRATE CHEST MONEY BANK,1,2010-11-12T17:00:00,3.36,,United Kingdom
532642,22651,GENTLEMAN SHIRT REPAIR KIT,1,2010-11-12T17:00:00,1.66,,United Kingdom
532642,22659,LUNCH BOX I LOVE LONDON,1,2010-11-12T17:00:00,1.95,,United Kingdom
532642,22662,LUNCH BAG DOLLY GIRL DESIGN,1,2010-11-12T17:00:00,4.21,,United Kingdom
532642,22665,RECIPE BOX BLUE SKETCHBOOK DESIGN,1,2010-11-12T17:00:00,5.91,,United Kingdom
532642,22676,FRENCH BLUE METAL DOOR SIGN 1,1,2010-11-12T17:00:00,2.51,,United Kingdom
532642,22677,FRENCH BLUE METAL DOOR SIGN 2,1,2010-11-12T17:00:00,2.51,,United Kingdom
532642,22678,FRENCH BLUE METAL DOOR SIGN 3,1,2010-11-12T17:00:00,2.51,,United Kingdom
532642,22687,DOORMAT CHRISTMAS VILLAGE,2,2010-11-12T17:00:00,7.95,,United Kingdom
532642,22692,DOORMAT WELCOME TO OUR HOME,1,2010-11-12T17:00:00,14.43,,United Kingdom
532642,22694,WICKER STAR,9,2010-11-12T17:00:00,4.21,,United Kingdom
532642,22697,GREEN REGENCY TEACUP AND SAUCER,2,2010-11-12T17:00:00,5.91,,United Kingdom
532642,22698,PINK REGENCY TEACUP AND SAUCER,1,2010-11-12T17:00:00,2.94,,United Kingdom
532642,22698,PINK REGENCY TEACUP AND SAUCER,3,2010-11-12T17:00:00,5.91,,United Kingdom
532642,22699,ROSES REGENCY TEACUP AND SAUCER,2,2010-11-12T17:00:00,5.91,,United Kingdom
532642,22712,CARD DOLLY GIRL,4,2010-11-12T17:00:00,0.85,,United Kingdom
532642,22728,ALARM CLOCK BAKELIKE PINK,1,2010-11-12T17:00:00,7.62,,United Kingdom
532642,22732,3D VINTAGE CHRISTMAS STICKERS,1,2010-11-12T17:00:00,1.24,,United Kingdom
532642,22734,SET OF 6 RIBBONS VINTAGE CHRISTMAS,3,2010-11-12T17:00:00,5.06,,United Kingdom
532642,22736,RIBBON REEL MAKING SNOWMEN,1,2010-11-12T17:00:00,1.64,,United Kingdom
532642,22739,RIBBON REEL CHRISTMAS SOCK BAUBLE,2,2010-11-12T17:00:00,3.36,,United Kingdom
532642,22745,POPPY'S PLAYHOUSE BEDROOM,1,2010-11-12T17:00:00,2.09,,United Kingdom
532642,22745,POPPY'S PLAYHOUSE BEDROOM,1,2010-11-12T17:00:00,4.21,,United Kingdom
532642,22746,POPPY'S PLAYHOUSE LIVINGROOM,1,2010-11-12T17:00:00,2.09,,United Kingdom
532642,22747,POPPY'S PLAYHOUSE BATHROOM,1,2010-11-12T17:00:00,2.09,,United Kingdom
532642,22748,POPPY'S PLAYHOUSE KITCHEN,1,2010-11-12T17:00:00,2.09,,United Kingdom
532642,22749,FELTCRAFT PRINCESS CHARLOTTE DOLL,1,2010-11-12T17:00:00,7.62,,United Kingdom
532642,22754,SMALL RED BABUSHKA NOTEBOOK,4,2010-11-12T17:00:00,1.66,,United Kingdom
532642,22758,LARGE PURPLE BABUSHKA NOTEBOOK,1,2010-11-12T17:00:00,2.51,,United Kingdom
532642,22759,SET OF 3 NOTEBOOKS IN PARCEL,1,2010-11-12T17:00:00,3.36,,United Kingdom
532642,22765,NEWSPAPER STAND,1,2010-11-12T17:00:00,14.94,,United Kingdom
532642,22771,CLEAR DRAWER KNOB ACRYLIC EDWARDIAN,2,2010-11-12T17:00:00,1.24,,United Kingdom
532642,22772,PINK DRAWER KNOB ACRYLIC EDWARDIAN,8,2010-11-12T17:00:00,2.51,,United Kingdom
532642,22777,GLASS CLOCHE LARGE,1,2010-11-12T17:00:00,8.49,,United Kingdom
532642,22778,GLASS CLOCHE SMALL,1,2010-11-12T17:00:00,3.95,,United Kingdom
532642,22791,T-LIGHT GLASS FLUTED ANTIQUE,3,2010-11-12T17:00:00,2.51,,United Kingdom
532642,22798,ANTIQUE GLASS DRESSING TABLE POT,1,2010-11-12T17:00:00,5.91,,United Kingdom
532642,22800,ANTIQUE TALL SWIRLGLASS TRINKET POT,1,2010-11-12T17:00:00,3.74,,United Kingdom
532642,22804,CANDLEHOLDER PINK HANGING HEART,1,2010-11-12T17:00:00,2.94,,United Kingdom
532642,22812,PACK 3 BOXES CHRISTMAS PANNETONE,1,2010-11-12T17:00:00,4.21,,United Kingdom
532642,22817,CARD SUKI BIRTHDAY,2,2010-11-12T17:00:00,0.85,,United Kingdom
532642,22819,"BIRTHDAY CARD, RETRO SPOT",1,2010-11-12T17:00:00,0.85,,United Kingdom
532642,22834,HAND WARMER BABUSHKA DESIGN,1,2010-11-12T17:00:00,4.21,,United Kingdom
532642,22835,HOT WATER BOTTLE I AM SO POORLY,1,2010-11-12T17:00:00,4.65,,United Kingdom
532642,22835,HOT WATER BOTTLE I AM SO POORLY,1,2010-11-12T17:00:00,9.32,,United Kingdom
532642,22837,HOT WATER BOTTLE BABUSHKA,2,2010-11-12T17:00:00,9.32,,United Kingdom
532642,22844,VINTAGE CREAM DOG FOOD CONTAINER,1,2010-11-12T17:00:00,16.98,,United Kingdom
532642,22845,VINTAGE CREAM CAT FOOD CONTAINER,1,2010-11-12T17:00:00,12.72,,United Kingdom
532642,22855,FINE WICKER HEART,5,2010-11-12T17:00:00,2.51,,United Kingdom
532642,22865,HAND WARMER OWL DESIGN,1,2010-11-12T17:00:00,4.21,,United Kingdom
532642,22866,HAND WARMER SCOTTY DOG DESIGN,2,2010-11-12T17:00:00,4.21,,United Kingdom
532642,22867,HAND WARMER BIRD DESIGN,1,2010-11-12T17:00:00,4.21,,United Kingdom
532642,22879,NUMBER TILE VINTAGE FONT 0,1,2010-11-12T17:00:00,4.21,,United Kingdom
532642,22880,NUMBER TILE VINTAGE FONT 1,2,2010-11-12T17:00:00,4.21,,United Kingdom
532642,22886,NUMBER TILE VINTAGE FONT 7,1,2010-11-12T17:00:00,1.95,,United Kingdom
532642,22889,NUMBER TILE VINTAGE FONT No,1,2010-11-12T17:00:00,4.21,,United Kingdom
532642,22890,NOVELTY BISCUITS CAKE STAND 3 TIER,1,2010-11-12T17:00:00,20.38,,United Kingdom
532642,22897,OVEN MITT APPLES DESIGN,1,2010-11-12T17:00:00,2.98,,United Kingdom
532642,22900,SET 2 TEA TOWELS I LOVE LONDON,1,2010-11-12T17:00:00,5.91,,United Kingdom
532642,22904,CALENDAR PAPER CUT DESIGN,1,2010-11-12T17:00:00,5.91,,United Kingdom
532642,22909,SET OF 20 VINTAGE CHRISTMAS NAPKINS,1,2010-11-12T17:00:00,0.84,,United Kingdom
532642,22909,SET OF 20 VINTAGE CHRISTMAS NAPKINS,5,2010-11-12T17:00:00,1.66,,United Kingdom
532642,22910,PAPER CHAIN KIT VINTAGE CHRISTMAS,1,2010-11-12T17:00:00,5.91,,United Kingdom
532642,22943,CHRISTMAS LIGHTS 10 VINTAGE BAUBLES,1,2010-11-12T17:00:00,11.02,,United Kingdom
532642,22945,CHRISTMAS METAL TAGS ASSORTED,2,2010-11-12T17:00:00,11.02,,United Kingdom
532642,22945,CHRISTMAS METAL TAGS ASSORTED,6,2010-11-12T17:00:00,0.85,,United Kingdom
532642,22945,CHRISTMAS METAL TAGS ASSORTED,6,2010-11-12T17:00:00,0.85,,United Kingdom
532642,22946,WOODEN ADVENT CALENDAR CREAM,1,2010-11-12T17:00:00,34,,United Kingdom
532642,22950,36 DOILIES VINTAGE CHRISTMAS,1,2010-11-12T17:00:00,1.45,,United Kingdom
532642,22951,60 CAKE CASES DOLLY GIRL DESIGN,2,2010-11-12T17:00:00,1.28,,United Kingdom
532642,22952,60 CAKE CASES VINTAGE CHRISTMAS,1,2010-11-12T17:00:00,1.28,,United Kingdom
532642,22968,ROSE COTTAGE KEEPSAKE BOX,1,2010-11-12T17:00:00,20.38,,United Kingdom
532642,35004B,SET OF 3 BLACK FLYING DUCKS,3,2010-11-12T17:00:00,5.91,,United Kingdom
532642,35004C,SET OF 3 COLOURED  FLYING DUCKS,1,2010-11-12T17:00:00,12.72,,United Kingdom
532642,35400,WOODEN BOX ADVENT CALENDAR,4,2010-11-12T17:00:00,16.98,,United Kingdom
532642,35599D,PINK AND WHITE CHRISTMAS TREE 120CM,1,2010-11-12T17:00:00,5.91,,United Kingdom
532642,35653,VINTAGE BEAD NOTEBOOK,1,2010-11-12T17:00:00,5.91,,United Kingdom
532642,35818B,"ACRYLIC JEWEL ICICLE, BLUE",1,2010-11-12T17:00:00,3.36,,United Kingdom
532642,35954,SMALL FOLKART STAR CHRISTMAS DEC,1,2010-11-12T17:00:00,3.36,,United Kingdom
532642,35957,SMALLFOLKART BAUBLE CHRISTMAS DEC,6,2010-11-12T17:00:00,1.66,,United Kingdom
532642,35958,FOLKART ZINC STAR CHRISTMAS DEC,1,2010-11-12T17:00:00,1.66,,United Kingdom
532642,35961,FOLKART ZINC HEART CHRISTMAS DEC,1,2010-11-12T17:00:00,1.66,,United Kingdom
532642,35967,FOLK ART METAL STAR T-LIGHT HOLDER,1,2010-11-12T17:00:00,1.66,,United Kingdom
532642,35968,FOLK ART METAL HEART T-LIGHT HOLDER,1,2010-11-12T17:00:00,1.66,,United Kingdom
532642,35969,FOLKART CROWN TABLE DECORATIONS,1,2010-11-12T17:00:00,1.66,,United Kingdom
532642,37342,POLKADOT COFFEE CUP & SAUCER PINK,2,2010-11-12T17:00:00,5.91,,United Kingdom
532642,37464,ROBOT MUG IN DISPLAY BOX,1,2010-11-12T17:00:00,2.51,,United Kingdom
532642,47503H,ASS FLORAL PRINT SPIRIT LEVEL,1,2010-11-12T17:00:00,4.21,,United Kingdom
532642,47591B,SCOTTIES CHILDRENS APRON,2,2010-11-12T17:00:00,1.66,,United Kingdom
532642,47591D,PINK FAIRY CAKE CHILDRENS APRON,1,2010-11-12T17:00:00,4.21,,United Kingdom
532642,47593B,SCOTTIE DOGS BABY BIB,2,2010-11-12T17:00:00,0.85,,United Kingdom
532642,48173C,DOORMAT BLACK FLOCK,1,2010-11-12T17:00:00,7.95,,United Kingdom
532642,48187,DOORMAT NEW ENGLAND,2,2010-11-12T17:00:00,14.43,,United Kingdom
532642,51014A,"FEATHER PEN,HOT PINK",1,2010-11-12T17:00:00,1.66,,United Kingdom
532642,70006,LOVE HEART POCKET WARMER,1,2010-11-12T17:00:00,3.36,,United Kingdom
532642,70007,HI TEC ALPINE HAND WARMER,2,2010-11-12T17:00:00,3.36,,United Kingdom
532642,71053,WHITE METAL LANTERN,1,2010-11-12T17:00:00,8.47,,United Kingdom
532642,71477,COLOUR GLASS. STAR T-LIGHT HOLDER,2,2010-11-12T17:00:00,6.77,,United Kingdom
532642,72598,SET/12 TAPER CANDLES,2,2010-11-12T17:00:00,1.66,,United Kingdom
532642,72760B,VINTAGE CREAM 3 BASKET CAKE STAND,1,2010-11-12T17:00:00,21.23,,United Kingdom
532642,72802A,ROSE SCENT CANDLE IN JEWELLED BOX,1,2010-11-12T17:00:00,8.47,,United Kingdom
532642,72802B,OCEAN SCENT CANDLE IN JEWELLED BOX,1,2010-11-12T17:00:00,8.47,,United Kingdom
532642,72802C,VANILLA SCENT CANDLE JEWELLED BOX,1,2010-11-12T17:00:00,8.47,,United Kingdom
532642,72807B,SET/3 OCEAN SCENT CANDLE JEWEL BOX,1,2010-11-12T17:00:00,4.25,,United Kingdom
532642,72807C,SET/3 VANILLA SCENTED CANDLE IN BOX,1,2010-11-12T17:00:00,4.25,,United Kingdom
532642,72817,SET OF 2 CHRISTMAS DECOUPAGE CANDLE,2,2010-11-12T17:00:00,1.66,,United Kingdom
532642,79067,CORONA MEXICAN TRAY,3,2010-11-12T17:00:00,8.47,,United Kingdom
532642,79190B,RETRO PLASTIC POLKA TRAY,6,2010-11-12T17:00:00,0.85,,United Kingdom
532642,79321,CHILLI LIGHTS,1,2010-11-12T17:00:00,10.17,,United Kingdom
532642,82482,WOODEN PICTURE FRAME WHITE FINISH,1,2010-11-12T17:00:00,5.06,,United Kingdom
532642,82484,WOOD BLACK BOARD ANT WHITE FINISH,1,2010-11-12T17:00:00,13.57,,United Kingdom
532642,82494L,WOODEN FRAME ANTIQUE WHITE,2,2010-11-12T17:00:00,7.62,,United Kingdom
532642,82580,BATHROOM METAL SIGN,1,2010-11-12T17:00:00,1.28,,United Kingdom
532642,82583,HOT BATHS METAL SIGN,1,2010-11-12T17:00:00,4.21,,United Kingdom
532642,82599,FANNY'S REST STOPMETAL SIGN,1,2010-11-12T17:00:00,4.21,,United Kingdom
532642,84032A,CHARLIE+LOLA PINK HOT WATER BOTTLE,1,2010-11-12T17:00:00,3.36,,United Kingdom
532642,84032B,CHARLIE + LOLA RED HOT WATER BOTTLE,1,2010-11-12T17:00:00,3.36,,United Kingdom
532642,84347,ROTATING SILVER ANGELS T-LIGHT HLDR,1,2010-11-12T17:00:00,5.06,,United Kingdom
532642,84378,SET OF 3 HEART COOKIE CUTTERS,3,2010-11-12T17:00:00,2.51,,United Kingdom
532642,84380,SET OF 3 BUTTERFLY COOKIE CUTTERS,1,2010-11-12T17:00:00,2.51,,United Kingdom
532642,84534B,FAIRY CAKE NOTEBOOK A5 SIZE,1,2010-11-12T17:00:00,1.66,,United Kingdom
532642,84625A,PINK NEW BAROQUECANDLESTICK CANDLE,10,2010-11-12T17:00:00,5.91,,United Kingdom
532642,84673B,BLUE FLY SWAT,1,2010-11-12T17:00:00,1.28,,United Kingdom
532642,84685,BEACH HUT KEY CABINET,1,2010-11-12T17:00:00,7.62,,United Kingdom
532642,84692,BOX OF 24 COCKTAIL PARASOLS,1,2010-11-12T17:00:00,0.85,,United Kingdom
532642,84908B,BLUE 5 PATCH FLOWER CUSHION COVER,1,2010-11-12T17:00:00,5.91,,United Kingdom
532642,84912A,PINK ROSE WASHBAG,1,2010-11-12T17:00:00,3.36,,United Kingdom
532642,84912B,GREEN ROSE WASHBAG,1,2010-11-12T17:00:00,3.36,,United Kingdom
532642,84913A,SOFT PINK ROSE TOWEL,3,2010-11-12T17:00:00,3.36,,United Kingdom
532642,84917,WHITE HAND TOWEL WITH BUTTERFLY,1,2010-11-12T17:00:00,4.21,,United Kingdom
532642,84923,PINK BUTTERFLY HANDBAG W BOBBLES,1,2010-11-12T17:00:00,4.21,,United Kingdom
532642,84946,ANTIQUE SILVER TEA GLASS ETCHED,30,2010-11-12T17:00:00,2.51,,United Kingdom
532642,84949,SILVER HANGING T-LIGHT HOLDER,2,2010-11-12T17:00:00,3.36,,United Kingdom
532642,84978,HANGING HEART JAR T-LIGHT HOLDER,3,2010-11-12T17:00:00,2.51,,United Kingdom
532642,84987,SET OF 36 TEATIME PAPER DOILIES,2,2010-11-12T17:00:00,2.98,,United Kingdom
532642,84988,SET OF 72 PINK HEART PAPER DOILIES,2,2010-11-12T17:00:00,2.98,,United Kingdom
532642,84991,60 TEATIME FAIRY CAKE CASES,2,2010-11-12T17:00:00,1.28,,United Kingdom
532642,84992,72 SWEETHEART FAIRY CAKE CASES,1,2010-11-12T17:00:00,1.28,,United Kingdom
532642,85017A,ENVELOPE 50 ROMANTIC IMAGES,2,2010-11-12T17:00:00,0.85,,United Kingdom
532642,85017B,ENVELOPE 50 BLOSSOM IMAGES,2,2010-11-12T17:00:00,0.85,,United Kingdom
532642,85018D,YULETIDE IMAGES S/6 PAPER BOXES,1,2010-11-12T17:00:00,2.55,,United Kingdom
532642,85019A,ROMANTIC IMAGES NOTEBOOK SET,1,2010-11-12T17:00:00,4.25,,United Kingdom
532642,85034C,3 ROSE MORRIS BOXED CANDLES,1,2010-11-12T17:00:00,8.47,,United Kingdom
532642,85039A,SET/4 RED MINI ROSE CANDLE IN BOWL,2,2010-11-12T17:00:00,1.66,,United Kingdom
532642,85048,15CM CHRISTMAS GLASS BALL 20 LIGHTS,3,2010-11-12T17:00:00,7.95,,United Kingdom
532642,85049A,TRADITIONAL CHRISTMAS RIBBONS,1,2010-11-12T17:00:00,2.51,,United Kingdom
532642,85049E,SCANDINAVIAN REDS RIBBONS,2,2010-11-12T17:00:00,2.51,,United Kingdom
532642,85096,HILDA CANDY SPOT RABBIT,1,2010-11-12T17:00:00,7.62,,United Kingdom
532642,85099B,JUMBO BAG RED RETROSPOT,18,2010-11-12T17:00:00,2.51,,United Kingdom
532642,85099B,JUMBO BAG RED RETROSPOT,8,2010-11-12T17:00:00,1.95,,United Kingdom
532642,85099F,JUMBO BAG STRAWBERRY,4,2010-11-12T17:00:00,4.21,,United Kingdom
532642,85099F,JUMBO BAG STRAWBERRY,5,2010-11-12T17:00:00,1.95,,United Kingdom
532642,85123A,WHITE HANGING HEART T-LIGHT HOLDER,1,2010-11-12T17:00:00,5.91,,United Kingdom
532642,85131A,BEADED PEARL HEART WHITE ON STICK,4,2010-11-12T17:00:00,0.85,,United Kingdom
532642,85131B,BEADED CRYSTAL HEART GREEN ON STICK,3,2010-11-12T17:00:00,0.85,,United Kingdom
532642,85131D,BEADED CRYSTAL HEART PINK ON STICK,7,2010-11-12T17:00:00,0.85,,United Kingdom
532642,85132C,CHARLIE AND LOLA FIGURES TINS,1,2010-11-12T17:00:00,8.47,,United Kingdom
532642,85135B,BLUE DRAGONFLY HELICOPTER,1,2010-11-12T17:00:00,8.47,,United Kingdom
532642,85135C,RED DRAGONFLY HELICOPTER,1,2010-11-12T17:00:00,8.47,,United Kingdom
532642,85169A,IVORY LOVE BIRD CANDLE,2,2010-11-12T17:00:00,2.51,,United Kingdom
532642,85169B,BLACK LOVE BIRD CANDLE,2,2010-11-12T17:00:00,2.51,,United Kingdom
532642,85170A,SET/6 IVORY BIRD T-LIGHT CANDLES,1,2010-11-12T17:00:00,4.21,,United Kingdom
532642,85170B,SET/6 BLACK BIRD T-LIGHT CANDLES,1,2010-11-12T17:00:00,4.21,,United Kingdom
532642,85202,HANGING WOOD AND FELT HEART,1,2010-11-12T17:00:00,0.84,,United Kingdom
532642,85226A,WHITE/BLUE PULL BACK RACING CAR,4,2010-11-12T17:00:00,1.66,,United Kingdom
532642,85227,SET OF 6 3D KIT CARDS FOR KIDS,1,2010-11-12T17:00:00,1.66,,United Kingdom
532642,90000D,COPPER/OLIVE GREEN FLOWER NECKLACE,1,2010-11-12T17:00:00,6.37,,United Kingdom
532642,90011E,AMBER CRYSTAL DROP EARRINGS,1,2010-11-12T17:00:00,2.96,,United Kingdom
532642,90013B,BLACK VINTAGE EARRINGS,1,2010-11-12T17:00:00,4.24,,United Kingdom
532642,90036B,"FLOWER GLASS GARLAND NECKL.36""GREEN",1,2010-11-12T17:00:00,7.95,,United Kingdom
532642,90036C,"FLOWER GLASS GARLAND NECKL.36""BLUE",3,2010-11-12T17:00:00,7.95,,United Kingdom
532642,90101,WHITE FRANGIPANI NECKLACE,1,2010-11-12T17:00:00,2.54,,United Kingdom
532642,90116,FRUIT SALAD BAG CHARM,1,2010-11-12T17:00:00,2.51,,United Kingdom
532642,90134,OLD ROSE COMBO BEAD NECKLACE,1,2010-11-12T17:00:00,2.96,,United Kingdom
532642,90165B,WHITE ROSEBUD  PEARL EARRINGS,1,2010-11-12T17:00:00,2.54,,United Kingdom
532642,90177D,DROP DIAMANTE EARRINGS PURPLE,1,2010-11-12T17:00:00,2.96,,United Kingdom
532642,90187B,GREEN DROP EARRINGS W BEAD CLUSTER,2,2010-11-12T17:00:00,3.39,,United Kingdom
532642,90188,DROP EARRINGS W FLOWER & LEAF,1,2010-11-12T17:00:00,2.54,,United Kingdom
532642,90200C,BLUE SWEETHEART BRACELET,1,2010-11-12T17:00:00,4.24,,United Kingdom
532642,90214E,"LETTER ""E"" BLING KEY RING",1,2010-11-12T17:00:00,0.85,,United Kingdom
532642,90214J,"LETTER ""J"" BLING KEY RING",1,2010-11-12T17:00:00,0.85,,United Kingdom
532642,90214S,"LETTER ""S"" BLING KEY RING",1,2010-11-12T17:00:00,0.85,,United Kingdom
532642,90214V,"LETTER ""V"" BLING KEY RING",1,2010-11-12T17:00:00,0.85,,United Kingdom
532642,DOT,DOTCOM POSTAGE,1,2010-11-12T17:00:00,397.15,,United Kingdom
532758,20724,RED RETROSPOT CHARLOTTE BAG,20,2010-11-14T13:42:00,0.85,13758,United Kingdom
532758,21212,PACK OF 72 RETROSPOT CAKE CASES,24,2010-11-14T13:42:00,0.55,13758,United Kingdom
532758,21826,EIGHT PIECE DINOSAUR SET,12,2010-11-14T13:42:00,1.25,13758,United Kingdom
532758,21828,EIGHT PIECE SNAKE  SET,12,2010-11-14T13:42:00,1.25,13758,United Kingdom
532758,21830,ASSORTED CREEPY CRAWLIES,48,2010-11-14T13:42:00,0.42,13758,United Kingdom
532758,21928,JUMBO BAG SCANDINAVIAN PAISLEY,20,2010-11-14T13:42:00,1.95,13758,United Kingdom
532758,22086,PAPER CHAIN KIT 50'S CHRISTMAS,40,2010-11-14T13:42:00,2.55,13758,United Kingdom
532758,22502,PICNIC BASKET WICKER SMALL,4,2010-11-14T13:42:00,5.95,13758,United Kingdom
532758,22784,LANTERN CREAM GAZEBO,3,2010-11-14T13:42:00,4.95,13758,United Kingdom
532758,22791,T-LIGHT GLASS FLUTED ANTIQUE,24,2010-11-14T13:42:00,1.25,13758,United Kingdom
532758,22952,60 CAKE CASES VINTAGE CHRISTMAS,120,2010-11-14T13:42:00,0.42,13758,United Kingdom
532758,22968,ROSE COTTAGE KEEPSAKE BOX,2,2010-11-14T13:42:00,9.95,13758,United Kingdom
532758,84617,NEW BAROQUE BLACK BOXES,2,2010-11-14T13:42:00,12.75,13758,United Kingdom
532758,85099B,JUMBO BAG RED RETROSPOT,20,2010-11-14T13:42:00,1.95,13758,United Kingdom
532758,85099C,JUMBO  BAG BAROQUE BLACK WHITE,20,2010-11-14T13:42:00,1.95,13758,United Kingdom
532826,10125,MINI FUNKY DESIGN TAPES,2,2010-11-15T09:32:00,1.66,,United Kingdom
532826,15036,ASSORTED COLOURS SILK FAN,7,2010-11-15T09:32:00,1.28,,United Kingdom
532826,15060B,FAIRY CAKE DESIGN UMBRELLA,1,2010-11-15T09:32:00,8.47,,United Kingdom
532826,16235,RECYCLED PENCIL WITH RABBIT ERASER,9,2010-11-15T09:32:00,0.43,,United Kingdom
532826,16236,KITTY PENCIL ERASERS,2,2010-11-15T09:32:00,0.43,,United Kingdom
532826,16237,SLEEPING CAT ERASERS,1,2010-11-15T09:32:00,0.43,,United Kingdom
532826,16238,PARTY TIME PENCIL ERASERS,3,2010-11-15T09:32:00,0.43,,United Kingdom
532826,16258A,SWIRLY CIRCULAR RUBBERS IN BAG,2,2010-11-15T09:32:00,0.84,,United Kingdom
532826,17012B,ORIGAMI JASMINE INCENSE/CANDLE SET,1,2010-11-15T09:32:00,2.51,,United Kingdom
532826,20665,RED RETROSPOT PURSE,1,2010-11-15T09:32:00,5.91,,United Kingdom
532826,20668,DISCO BALL CHRISTMAS DECORATION,6,2010-11-15T09:32:00,0.43,,United Kingdom
532826,20676,RED RETROSPOT BOWL,1,2010-11-15T09:32:00,2.51,,United Kingdom
532826,20677,PINK POLKADOT BOWL,1,2010-11-15T09:32:00,2.51,,United Kingdom
532826,20682,RED RETROSPOT CHILDRENS UMBRELLA,1,2010-11-15T09:32:00,6.77,,United Kingdom
532826,20685,DOORMAT RED RETROSPOT,1,2010-11-15T09:32:00,14.43,,United Kingdom
532826,20694,FLORAL PINK MONSTER,1,2010-11-15T09:32:00,7.62,,United Kingdom
532826,20711,JUMBO BAG TOYS,1,2010-11-15T09:32:00,4.21,,United Kingdom
532826,20713,JUMBO BAG OWLS,4,2010-11-15T09:32:00,4.21,,United Kingdom
532826,20716,PARTY FOOD SHOPPER BAG,1,2010-11-15T09:32:00,2.51,,United Kingdom
532826,20717,STRAWBERRY SHOPPER BAG,1,2010-11-15T09:32:00,2.51,,United Kingdom
532826,20725,LUNCH BAG RED RETROSPOT,2,2010-11-15T09:32:00,4.21,,United Kingdom
532826,20727,LUNCH BAG  BLACK SKULL.,1,2010-11-15T09:32:00,4.21,,United Kingdom
532826,20733,GOLD MINI TAPE MEASURE,2,2010-11-15T09:32:00,0.85,,United Kingdom
532826,20751,FUNKY WASHING UP GLOVES ASSORTED,1,2010-11-15T09:32:00,4.21,,United Kingdom
532826,20867,PINK ROSE FABRIC MIRROR,1,2010-11-15T09:32:00,2.51,,United Kingdom
532826,20878,SET/9 CHRISTMAS T-LIGHTS SCENTED,2,2010-11-15T09:32:00,2.51,,United Kingdom
532826,20956,PORCELAIN T-LIGHT HOLDERS ASSORTED,10,2010-11-15T09:32:00,2.51,,United Kingdom
532826,20963,APPLE BATH SPONGE,2,2010-11-15T09:32:00,2.51,,United Kingdom
532826,20966,SANDWICH BATH SPONGE,2,2010-11-15T09:32:00,2.51,,United Kingdom
532826,20973,12 PENCIL SMALL TUBE WOODLAND,1,2010-11-15T09:32:00,1.28,,United Kingdom
532826,20977,36 PENCILS TUBE WOODLAND,1,2010-11-15T09:32:00,2.51,,United Kingdom
532826,20978,36 PENCILS TUBE SKULLS,2,2010-11-15T09:32:00,2.51,,United Kingdom
532826,20979,36 PENCILS TUBE RED RETROSPOT,2,2010-11-15T09:32:00,2.51,,United Kingdom
532826,20985,HEART CALCULATOR,1,2010-11-15T09:32:00,2.51,,United Kingdom
532826,21012,ANTIQUE ALL GLASS CANDLESTICK,1,2010-11-15T09:32:00,2.51,,United Kingdom
532826,21014,SWISS CHALET TREE DECORATION,1,2010-11-15T09:32:00,1.28,,United Kingdom
532826,21015,DARK BIRD HOUSE TREE DECORATION,1,2010-11-15T09:32:00,1.28,,United Kingdom
532826,21017,RED BIRD HOUSE TREE DECORATION,2,2010-11-15T09:32:00,1.28,,United Kingdom
532826,21055,TOOL BOX SOFT TOY,1,2010-11-15T09:32:00,16.98,,United Kingdom
532826,21067,VINTAGE RED TEATIME MUG,1,2010-11-15T09:32:00,2.51,,United Kingdom
532826,21080,SET/20 RED RETROSPOT PAPER NAPKINS,1,2010-11-15T09:32:00,1.66,,United Kingdom
532826,21086,SET/6 RED SPOTTY PAPER CUPS,4,2010-11-15T09:32:00,1.66,,United Kingdom
532826,21094,SET/6 RED SPOTTY PAPER PLATES,6,2010-11-15T09:32:00,1.66,,United Kingdom
532826,21098,CHRISTMAS TOILET ROLL,5,2010-11-15T09:32:00,2.51,,United Kingdom
532826,21108,FAIRY CAKE FLANNEL ASSORTED COLOUR,2,2010-11-15T09:32:00,5.06,,United Kingdom
532826,21112,"SWISS ROLL TOWEL, PINK  SPOTS",1,2010-11-15T09:32:00,5.91,,United Kingdom
532826,21114,LAVENDER SCENTED FABRIC HEART,1,2010-11-15T09:32:00,11.02,,United Kingdom
532826,21156,RETROSPOT CHILDRENS APRON,1,2010-11-15T09:32:00,4.21,,United Kingdom
532826,21159,MOODY BOY  DOOR HANGER,1,2010-11-15T09:32:00,3.36,,United Kingdom
532826,21166,COOK WITH WINE METAL SIGN,1,2010-11-15T09:32:00,4.21,,United Kingdom
532826,21175,GIN + TONIC DIET METAL SIGN,2,2010-11-15T09:32:00,4.21,,United Kingdom
532826,21186,WHITE DOVE HONEYCOMB PAPER GARLAND,3,2010-11-15T09:32:00,3.36,,United Kingdom
532826,21191,LARGE WHITE HONEYCOMB PAPER BELL,2,2010-11-15T09:32:00,4.21,,United Kingdom
532826,21192,WHITE BELL HONEYCOMB PAPER,2,2010-11-15T09:32:00,3.36,,United Kingdom
532826,21195,PINK  HONEYCOMB PAPER BALL,7,2010-11-15T09:32:00,4.21,,United Kingdom
532826,21205,MULTICOLOUR 3D BALLS GARLAND,2,2010-11-15T09:32:00,5.06,,United Kingdom
532826,21210,SET OF 72 RETROSPOT PAPER  DOILIES,1,2010-11-15T09:32:00,2.98,,United Kingdom
532826,21212,PACK OF 72 RETROSPOT CAKE CASES,3,2010-11-15T09:32:00,1.28,,United Kingdom
532826,21213,PACK OF 72 SKULL CAKE CASES,4,2010-11-15T09:32:00,1.28,,United Kingdom
532826,21231,SWEETHEART CERAMIC TRINKET BOX,3,2010-11-15T09:32:00,2.51,,United Kingdom
532826,21232,STRAWBERRY CERAMIC TRINKET BOX,4,2010-11-15T09:32:00,2.51,,United Kingdom
532826,21239,PINK  POLKADOT CUP,2,2010-11-15T09:32:00,1.66,,United Kingdom
532826,21240,BLUE POLKADOT CUP,2,2010-11-15T09:32:00,1.66,,United Kingdom
532826,21258,VICTORIAN SEWING BOX LARGE,2,2010-11-15T09:32:00,25.49,,United Kingdom
532826,21262,WHITE GOOSE FEATHER CHRISTMAS TREE,1,2010-11-15T09:32:00,7.62,,United Kingdom
532826,21313,GLASS HEART T-LIGHT HOLDER,1,2010-11-15T09:32:00,1.66,,United Kingdom
532826,21314,SMALL GLASS HEART TRINKET POT,1,2010-11-15T09:32:00,4.21,,United Kingdom
532826,21326,AGED GLASS SILVER T-LIGHT HOLDER,20,2010-11-15T09:32:00,1.66,,United Kingdom
532826,21327,SKULLS WRITING SET,3,2010-11-15T09:32:00,3.36,,United Kingdom
532826,21328,BALLOONS  WRITING SET,2,2010-11-15T09:32:00,3.36,,United Kingdom
532826,21329,DINOSAURS  WRITING SET,6,2010-11-15T09:32:00,3.36,,United Kingdom
532826,21349,IVY HEART WREATH,1,2010-11-15T09:32:00,13.57,,United Kingdom
532826,21351,CINAMMON & ORANGE WREATH,5,2010-11-15T09:32:00,5.91,,United Kingdom
532826,21352,EUCALYPTUS & PINECONE  WREATH,3,2010-11-15T09:32:00,5.91,,United Kingdom
532826,21356,TOAST ITS - FAIRY FLOWER,1,2010-11-15T09:32:00,2.51,,United Kingdom
532826,21363,HOME SMALL WOOD LETTERS,1,2010-11-15T09:32:00,11.02,,United Kingdom
532826,21385,IVORY HANGING DECORATION  HEART,1,2010-11-15T09:32:00,1.66,,United Kingdom
532826,21408,SPOTTY PINK DUCK DOORSTOP,1,2010-11-15T09:32:00,8.47,,United Kingdom
532826,21412,VINTAGE GOLD TINSEL REEL,1,2010-11-15T09:32:00,4.21,,United Kingdom
532826,21429,RED GINGHAM ROSE JEWELLERY BOX,5,2010-11-15T09:32:00,3.36,,United Kingdom
532826,21479,WHITE SKULL HOT WATER BOTTLE,3,2010-11-15T09:32:00,7.62,,United Kingdom
532826,21485,RETROSPOT HEART HOT WATER BOTTLE,1,2010-11-15T09:32:00,11.02,,United Kingdom
532826,21539,RED RETROSPOT BUTTER DISH,1,2010-11-15T09:32:00,10.17,,United Kingdom
532826,21544,SKULLS  WATER TRANSFER TATTOOS,2,2010-11-15T09:32:00,1.66,,United Kingdom
532826,21562,HAWAIIAN GRASS SKIRT,1,2010-11-15T09:32:00,4.21,,United Kingdom
532826,21578,WOODLAND DESIGN  COTTON TOTE BAG,1,2010-11-15T09:32:00,5.06,,United Kingdom
532826,21616,4 PEAR BOTANICAL DINNER CANDLES,2,2010-11-15T09:32:00,7.62,,United Kingdom
532826,21627,ELEPHANT CARNIVAL POUFFE,1,2010-11-15T09:32:00,29.79,,United Kingdom
532826,21640,ASSORTED TUTTI FRUTTI  FOB NOTEBOOK,3,2010-11-15T09:32:00,1.66,,United Kingdom
532826,21648,ASSORTED TUTTI FRUTTI SMALL PURSE,1,2010-11-15T09:32:00,2.51,,United Kingdom
532826,21658,GLASS  BEURRE DISH,1,2010-11-15T09:32:00,8.47,,United Kingdom
532826,21679,SKULLS  STICKERS,3,2010-11-15T09:32:00,1.66,,United Kingdom
532826,21680,WOODLAND  STICKERS,1,2010-11-15T09:32:00,1.66,,United Kingdom
532826,21698,MOCK LOBSTER FRIDGE MAGNET,1,2010-11-15T09:32:00,1.66,,United Kingdom
532826,21703,BAG 125g SWIRLY MARBLES,3,2010-11-15T09:32:00,0.85,,United Kingdom
532826,21719,LOVELY BONBON STICKER SHEET,1,2010-11-15T09:32:00,1.66,,United Kingdom
532826,21722,SWEET PUDDING STICKER SHEET,1,2010-11-15T09:32:00,1.66,,United Kingdom
532826,21731,RED TOADSTOOL LED NIGHT LIGHT,2,2010-11-15T09:32:00,3.36,,United Kingdom
532826,21738,COSY SLIPPER SHOES SMALL  RED,2,2010-11-15T09:32:00,5.91,,United Kingdom
532826,21743,STAR PORTABLE TABLE LIGHT,3,2010-11-15T09:32:00,5.91,,United Kingdom
532826,21744,SNOWFLAKE PORTABLE TABLE LIGHT,2,2010-11-15T09:32:00,5.91,,United Kingdom
532826,21754,HOME BUILDING BLOCK WORD,1,2010-11-15T09:32:00,11.87,,United Kingdom
532826,21768,WALL MOUNTED VINTAGE ORGANISER,1,2010-11-15T09:32:00,29.74,,United Kingdom
532826,21790,VINTAGE SNAP CARDS,2,2010-11-15T09:32:00,1.66,,United Kingdom
532826,21791,VINTAGE HEADS AND TAILS CARD GAME,2,2010-11-15T09:32:00,2.51,,United Kingdom
532826,21801,CHRISTMAS TREE DECORATION WITH BELL,14,2010-11-15T09:32:00,0.43,,United Kingdom
532826,21802,CHRISTMAS TREE HEART DECORATION,13,2010-11-15T09:32:00,0.43,,United Kingdom
532826,21803,CHRISTMAS TREE STAR DECORATION,3,2010-11-15T09:32:00,0.43,,United Kingdom
532826,21814,HEART T-LIGHT HOLDER,1,2010-11-15T09:32:00,2.98,,United Kingdom
532826,21826,EIGHT PIECE DINOSAUR SET,2,2010-11-15T09:32:00,2.51,,United Kingdom
532826,21830,ASSORTED CREEPY CRAWLIES,1,2010-11-15T09:32:00,0.85,,United Kingdom
532826,21832,CHOCOLATE CALCULATOR,2,2010-11-15T09:32:00,3.36,,United Kingdom
532826,21868,POTTING SHED TEA MUG,1,2010-11-15T09:32:00,3.36,,United Kingdom
532826,21870,I CAN ONLY PLEASE ONE PERSON MUG,3,2010-11-15T09:32:00,3.36,,United Kingdom
532826,21873,IF YOU CAN'T STAND THE HEAT MUG,1,2010-11-15T09:32:00,3.36,,United Kingdom
532826,21874,GIN AND TONIC MUG,1,2010-11-15T09:32:00,3.36,,United Kingdom
532826,21876,POTTERING MUG,1,2010-11-15T09:32:00,3.36,,United Kingdom
532826,21877,HOME SWEET HOME MUG,1,2010-11-15T09:32:00,3.36,,United Kingdom
532826,21878,PACK OF 6 SANDCASTLE FLAGS ASSORTED,1,2010-11-15T09:32:00,1.66,,United Kingdom
532826,21889,WOODEN BOX OF DOMINOES,1,2010-11-15T09:32:00,2.51,,United Kingdom
532826,21892,TRADITIONAL WOODEN CATCH CUP GAME,3,2010-11-15T09:32:00,2.51,,United Kingdom
532826,21914,BLUE HARMONICA IN BOX,4,2010-11-15T09:32:00,2.51,,United Kingdom
532826,21918,SET 12 KIDS COLOUR  CHALK STICKS,5,2010-11-15T09:32:00,0.85,,United Kingdom
532826,21931,JUMBO STORAGE BAG SUKI,4,2010-11-15T09:32:00,4.21,,United Kingdom
532826,21934,SKULL SHOULDER BAG,1,2010-11-15T09:32:00,3.36,,United Kingdom
532826,21935,SUKI  SHOULDER BAG,3,2010-11-15T09:32:00,3.36,,United Kingdom
532826,21944,KITTENS DESIGN FLANNEL,1,2010-11-15T09:32:00,1.66,,United Kingdom
532826,21945,STRAWBERRIES  DESIGN FLANNEL,1,2010-11-15T09:32:00,1.66,,United Kingdom
532826,21947,SET OF 6 HEART CHOPSTICKS,1,2010-11-15T09:32:00,2.51,,United Kingdom
532826,21948,SET OF 6 CAKE CHOPSTICKS,1,2010-11-15T09:32:00,2.51,,United Kingdom
532826,21981,PACK OF 12 WOODLAND TISSUES,1,2010-11-15T09:32:00,0.85,,United Kingdom
532826,21982,PACK OF 12 SUKI TISSUES,1,2010-11-15T09:32:00,0.85,,United Kingdom
532826,21990,MODERN FLORAL STATIONERY SET,1,2010-11-15T09:32:00,2.51,,United Kingdom
532826,21991,BOHEMIAN COLLAGE STATIONERY SET,1,2010-11-15T09:32:00,2.51,,United Kingdom
532826,21992,VINTAGE PAISLEY STATIONERY SET,3,2010-11-15T09:32:00,2.51,,United Kingdom
532826,21993,FLORAL FOLK STATIONERY SET,1,2010-11-15T09:32:00,2.51,,United Kingdom
532826,22028,PENNY FARTHING BIRTHDAY CARD,1,2010-11-15T09:32:00,0.85,,United Kingdom
532826,22042,CHRISTMAS CARD SINGING ANGEL,5,2010-11-15T09:32:00,0.43,,United Kingdom
532826,22043,CHRISTMAS CARD SCREEN PRINT,10,2010-11-15T09:32:00,0.43,,United Kingdom
532826,22057,CERAMIC PLATE STRAWBERRY DESIGN,4,2010-11-15T09:32:00,3.36,,United Kingdom
532826,22063,CERAMIC BOWL WITH STRAWBERRY DESIGN,1,2010-11-15T09:32:00,5.91,,United Kingdom
532826,22064,PINK DOUGHNUT TRINKET POT,3,2010-11-15T09:32:00,3.36,,United Kingdom
532826,22072,RED RETROSPOT TEA CUP AND SAUCER,2,2010-11-15T09:32:00,7.62,,United Kingdom
532826,22077,6 RIBBONS RUSTIC CHARM,3,2010-11-15T09:32:00,3.36,,United Kingdom
532826,22078,RIBBON REEL LACE DESIGN,1,2010-11-15T09:32:00,4.21,,United Kingdom
532826,22082,RIBBON REEL STRIPES DESIGN,2,2010-11-15T09:32:00,3.36,,United Kingdom
532826,22083,PAPER CHAIN KIT RETROSPOT,1,2010-11-15T09:32:00,5.91,,United Kingdom
532826,22084,PAPER CHAIN KIT EMPIRE,2,2010-11-15T09:32:00,5.91,,United Kingdom
532826,22086,PAPER CHAIN KIT 50'S CHRISTMAS,18,2010-11-15T09:32:00,5.91,,United Kingdom
532826,22095,LADS ONLY TISSUE BOX,1,2010-11-15T09:32:00,2.51,,United Kingdom
532826,22111,SCOTTIE DOG HOT WATER BOTTLE,1,2010-11-15T09:32:00,11.02,,United Kingdom
532826,22112,CHOCOLATE HOT WATER BOTTLE,1,2010-11-15T09:32:00,11.02,,United Kingdom
532826,22114,HOT WATER BOTTLE TEA AND SYMPATHY,4,2010-11-15T09:32:00,8.47,,United Kingdom
532826,22130,PARTY CONE CHRISTMAS DECORATION,1,2010-11-15T09:32:00,8.47,,United Kingdom
532826,22131,FOOD CONTAINER SET 3 LOVE HEART,1,2010-11-15T09:32:00,4.21,,United Kingdom
532826,22132,RED LOVE HEART SHAPE CUP,8,2010-11-15T09:32:00,1.66,,United Kingdom
532826,22139,RETROSPOT TEA SET CERAMIC 11 PC,1,2010-11-15T09:32:00,11.02,,United Kingdom
532826,22141,CHRISTMAS CRAFT TREE TOP ANGEL,2,2010-11-15T09:32:00,4.21,,United Kingdom
532826,22142,CHRISTMAS CRAFT WHITE FAIRY,1,2010-11-15T09:32:00,3.36,,United Kingdom
532826,22144,CHRISTMAS CRAFT LITTLE FRIENDS,3,2010-11-15T09:32:00,4.21,,United Kingdom
532826,22149,FELTCRAFT 6 FLOWER FRIENDS,2,2010-11-15T09:32:00,4.21,,United Kingdom
532826,22150,3 STRIPEY MICE FELTCRAFT,3,2010-11-15T09:32:00,4.21,,United Kingdom
532826,22155,STAR DECORATION RUSTIC,4,2010-11-15T09:32:00,0.85,,United Kingdom
532826,22161,HEART DECORATION RUSTIC HANGING,6,2010-11-15T09:32:00,0.81,,United Kingdom
532826,22162,HEART GARLAND RUSTIC PADDED,3,2010-11-15T09:32:00,3.36,,United Kingdom
532826,22163,HEART STRING MEMO HOLDER HANGING,2,2010-11-15T09:32:00,3.36,,United Kingdom
532826,22165,"DIAMANTE HEART SHAPED WALL MIRROR,",1,2010-11-15T09:32:00,11.02,,United Kingdom
532826,22167,OVAL WALL MIRROR DIAMANTE,1,2010-11-15T09:32:00,8.47,,United Kingdom
532826,22178,VICTORIAN GLASS HANGING T-LIGHT,11,2010-11-15T09:32:00,2.51,,United Kingdom
532826,22188,BLACK HEART CARD HOLDER,1,2010-11-15T09:32:00,8.47,,United Kingdom
532826,22190,LOCAL CAFE MUG,1,2010-11-15T09:32:00,2.51,,United Kingdom
532826,22195,LARGE HEART MEASURING SPOONS,1,2010-11-15T09:32:00,3.36,,United Kingdom
532826,22196,SMALL HEART MEASURING SPOONS,3,2010-11-15T09:32:00,1.66,,United Kingdom
532826,22197,SMALL POPCORN HOLDER,20,2010-11-15T09:32:00,1.66,,United Kingdom
532826,22198,LARGE POPCORN HOLDER,4,2010-11-15T09:32:00,3.36,,United Kingdom
532826,22219,LOVEBIRD HANGING DECORATION WHITE,4,2010-11-15T09:32:00,1.66,,United Kingdom
532826,22224,WHITE LOVEBIRD LANTERN,1,2010-11-15T09:32:00,5.91,,United Kingdom
532826,22250,DECORATION  BUTTERFLY  MAGIC GARDEN,1,2010-11-15T09:32:00,1.66,,United Kingdom
532826,22271,FELTCRAFT DOLL ROSIE,1,2010-11-15T09:32:00,5.91,,United Kingdom
532826,22272,FELTCRAFT DOLL MARIA,1,2010-11-15T09:32:00,5.91,,United Kingdom
532826,22273,FELTCRAFT DOLL MOLLY,2,2010-11-15T09:32:00,5.91,,United Kingdom
532826,22274,FELTCRAFT DOLL EMILY,1,2010-11-15T09:32:00,5.91,,United Kingdom
532826,22295,HEART FILIGREE DOVE LARGE,1,2010-11-15T09:32:00,3.36,,United Kingdom
532826,22297,HEART IVORY TRELLIS SMALL,1,2010-11-15T09:32:00,2.51,,United Kingdom
532826,22300,COFFEE MUG DOG + BALL DESIGN,1,2010-11-15T09:32:00,5.06,,United Kingdom
532826,22305,COFFEE MUG PINK PAISLEY DESIGN,2,2010-11-15T09:32:00,5.06,,United Kingdom
532826,22308,TEA COSY BLUE STRIPE,2,2010-11-15T09:32:00,5.06,,United Kingdom
532826,22310,IVORY KNITTED MUG COSY,2,2010-11-15T09:32:00,3.36,,United Kingdom
532826,22312,OFFICE MUG WARMER POLKADOT,2,2010-11-15T09:32:00,5.91,,United Kingdom
532826,22314,OFFICE MUG WARMER CHOC+BLUE,1,2010-11-15T09:32:00,5.91,,United Kingdom
532826,22326,ROUND SNACK BOXES SET OF4 WOODLAND,1,2010-11-15T09:32:00,5.91,,United Kingdom
532826,22331,WOODLAND PARTY BAG + STICKER SET,4,2010-11-15T09:32:00,3.36,,United Kingdom
532826,22335,HEART DECORATION PAINTED ZINC,3,2010-11-15T09:32:00,1.28,,United Kingdom
532826,22336,DOVE DECORATION PAINTED ZINC,4,2010-11-15T09:32:00,1.28,,United Kingdom
532826,22340,NOEL GARLAND PAINTED ZINC,1,2010-11-15T09:32:00,3.36,,United Kingdom
532826,22348,TEA BAG PLATE RED RETROSPOT,3,2010-11-15T09:32:00,1.66,,United Kingdom
532826,22355,CHARLOTTE BAG SUKI DESIGN,6,2010-11-15T09:32:00,1.66,,United Kingdom
532826,22356,CHARLOTTE BAG PINK POLKADOT,2,2010-11-15T09:32:00,1.66,,United Kingdom
532826,22361,GLASS JAR DAISY FRESH COTTON WOOL,1,2010-11-15T09:32:00,5.91,,United Kingdom
532826,22379,RECYCLING BAG RETROSPOT,2,2010-11-15T09:32:00,4.21,,United Kingdom
532826,22380,TOY TIDY SPACEBOY,1,2010-11-15T09:32:00,4.21,,United Kingdom
532826,22381,TOY TIDY PINK POLKADOT,1,2010-11-15T09:32:00,4.21,,United Kingdom
532826,22383,LUNCH BAG SUKI  DESIGN,1,2010-11-15T09:32:00,4.21,,United Kingdom
532826,22411,JUMBO SHOPPER VINTAGE RED PAISLEY,2,2010-11-15T09:32:00,4.21,,United Kingdom
532826,22419,LIPSTICK PEN RED,1,2010-11-15T09:32:00,0.85,,United Kingdom
532826,22420,LIPSTICK PEN BABY PINK,1,2010-11-15T09:32:00,0.85,,United Kingdom
532826,22421,LIPSTICK PEN FUSCHIA,1,2010-11-15T09:32:00,0.85,,United Kingdom
532826,22422,TOOTHPASTE TUBE PEN,2,2010-11-15T09:32:00,1.28,,United Kingdom
532826,22438,BALLOON ART MAKE YOUR OWN FLOWERS,1,2010-11-15T09:32:00,4.21,,United Kingdom
532826,22449,SILK PURSE BABUSHKA PINK,1,2010-11-15T09:32:00,6.77,,United Kingdom
532826,22457,NATURAL SLATE HEART CHALKBOARD,1,2010-11-15T09:32:00,5.91,,United Kingdom
532826,22460,EMBOSSED GLASS TEALIGHT HOLDER,6,2010-11-15T09:32:00,2.51,,United Kingdom
532826,22468,BABUSHKA LIGHTS STRING OF 10,1,2010-11-15T09:32:00,13.57,,United Kingdom
532826,22470,HEART OF WICKER LARGE,1,2010-11-15T09:32:00,5.91,,United Kingdom
532826,22476,EMPIRE UNION JACK TV DINNER TRAY,1,2010-11-15T09:32:00,11.02,,United Kingdom
532826,22489,PACK OF 12 TRADITIONAL CRAYONS,1,2010-11-15T09:32:00,0.85,,United Kingdom
532826,22493,PAINT YOUR OWN CANVAS SET,2,2010-11-15T09:32:00,3.36,,United Kingdom
532826,22502,PICNIC BASKET WICKER SMALL,2,2010-11-15T09:32:00,8.47,,United Kingdom
532826,22513,DOORSTOP FOOTBALL DESIGN,1,2010-11-15T09:32:00,7.62,,United Kingdom
532826,22530,MAGIC DRAWING SLATE DOLLY GIRL,1,2010-11-15T09:32:00,0.85,,United Kingdom
532826,22532,MAGIC DRAWING SLATE LEAP FROG,1,2010-11-15T09:32:00,0.85,,United Kingdom
532826,22534,MAGIC DRAWING SLATE SPACEBOY,1,2010-11-15T09:32:00,0.85,,United Kingdom
532826,22536,MAGIC DRAWING SLATE PURDEY,1,2010-11-15T09:32:00,0.85,,United Kingdom
532826,22537,MAGIC DRAWING SLATE DINOSAUR,1,2010-11-15T09:32:00,0.85,,United Kingdom
532826,22541,MINI JIGSAW LEAP FROG,1,2010-11-15T09:32:00,0.85,,United Kingdom
532826,22547,MINI JIGSAW DINOSAUR,2,2010-11-15T09:32:00,0.85,,United Kingdom
532826,22553,PLASTERS IN TIN SKULLS,1,2010-11-15T09:32:00,3.36,,United Kingdom
532826,22565,FELTCRAFT HAIRBANDS PINK AND WHITE,1,2010-11-15T09:32:00,1.66,,United Kingdom
532826,22566,FELTCRAFT HAIRBAND PINK AND PURPLE,1,2010-11-15T09:32:00,1.66,,United Kingdom
532826,22568,FELTCRAFT CUSHION OWL,1,2010-11-15T09:32:00,7.62,,United Kingdom
532826,22569,FELTCRAFT CUSHION BUTTERFLY,1,2010-11-15T09:32:00,7.62,,United Kingdom
532826,22570,FELTCRAFT CUSHION RABBIT,2,2010-11-15T09:32:00,7.62,,United Kingdom
532826,22571,ROCKING HORSE RED CHRISTMAS,2,2010-11-15T09:32:00,1.66,,United Kingdom
532826,22572,ROCKING HORSE GREEN CHRISTMAS,1,2010-11-15T09:32:00,1.66,,United Kingdom
532826,22573,STAR WOODEN CHRISTMAS DECORATION,4,2010-11-15T09:32:00,1.66,,United Kingdom
532826,22574,HEART WOODEN CHRISTMAS DECORATION,2,2010-11-15T09:32:00,1.66,,United Kingdom
532826,22576,SWALLOW WOODEN CHRISTMAS DECORATION,2,2010-11-15T09:32:00,1.66,,United Kingdom
532826,22578,WOODEN STAR CHRISTMAS SCANDINAVIAN,1,2010-11-15T09:32:00,1.66,,United Kingdom
532826,22580,ADVENT CALENDAR GINGHAM SACK,1,2010-11-15T09:32:00,11.87,,United Kingdom
532826,22581,WOOD STOCKING CHRISTMAS SCANDISPOT,2,2010-11-15T09:32:00,1.66,,United Kingdom
532826,22589,CARDHOLDER GINGHAM STAR,1,2010-11-15T09:32:00,5.06,,United Kingdom
532826,22593,CHRISTMAS GINGHAM STAR,3,2010-11-15T09:32:00,1.66,,United Kingdom
532826,22595,CHRISTMAS GINGHAM HEART,3,2010-11-15T09:32:00,1.66,,United Kingdom
532826,22597,CHRISTMAS MUSICAL ZINC HEART,2,2010-11-15T09:32:00,1.66,,United Kingdom
532826,22599,CHRISTMAS MUSICAL ZINC STAR,3,2010-11-15T09:32:00,1.66,,United Kingdom
532826,22601,CHRISTMAS RETROSPOT ANGEL WOOD,4,2010-11-15T09:32:00,1.66,,United Kingdom
532826,22602,CHRISTMAS RETROSPOT HEART WOOD,1,2010-11-15T09:32:00,1.66,,United Kingdom
532826,22603,CHRISTMAS RETROSPOT TREE WOOD,1,2010-11-15T09:32:00,1.66,,United Kingdom
532826,22608,PENS ASSORTED FUNKY JEWELED,2,2010-11-15T09:32:00,1.66,,United Kingdom
532826,22610,PENS ASSORTED FUNNY FACE,4,2010-11-15T09:32:00,1.66,,United Kingdom
532826,22614,PACK OF 12 SPACEBOY TISSUES,1,2010-11-15T09:32:00,0.85,,United Kingdom
532826,22615,PACK OF 12 CIRCUS PARADE TISSUES,1,2010-11-15T09:32:00,0.85,,United Kingdom
532826,22616,PACK OF 12 LONDON TISSUES,2,2010-11-15T09:32:00,0.85,,United Kingdom
532826,22632,HAND WARMER RED RETROSPOT,2,2010-11-15T09:32:00,4.21,,United Kingdom
532826,22633,HAND WARMER UNION JACK,3,2010-11-15T09:32:00,4.21,,United Kingdom
532826,22646,CERAMIC STRAWBERRY CAKE MONEY BANK,1,2010-11-15T09:32:00,3.36,,United Kingdom
532826,22649,STRAWBERRY FAIRY CAKE TEAPOT,1,2010-11-15T09:32:00,11.02,,United Kingdom
532826,22650,CERAMIC PIRATE CHEST MONEY BANK,1,2010-11-15T09:32:00,3.36,,United Kingdom
532826,22659,LUNCH BOX I LOVE LONDON,1,2010-11-15T09:32:00,4.21,,United Kingdom
532826,22661,CHARLOTTE BAG DOLLY GIRL DESIGN,1,2010-11-15T09:32:00,1.66,,United Kingdom
532826,22662,LUNCH BAG DOLLY GIRL DESIGN,1,2010-11-15T09:32:00,4.21,,United Kingdom
532826,22666,RECIPE BOX PANTRY YELLOW DESIGN,1,2010-11-15T09:32:00,5.91,,United Kingdom
532826,22669,RED BABY BUNTING,1,2010-11-15T09:32:00,5.91,,United Kingdom
532826,22680,FRENCH BLUE METAL DOOR SIGN 5,1,2010-11-15T09:32:00,2.51,,United Kingdom
532826,22683,FRENCH BLUE METAL DOOR SIGN 8,1,2010-11-15T09:32:00,2.51,,United Kingdom
532826,22692,DOORMAT WELCOME TO OUR HOME,2,2010-11-15T09:32:00,14.43,,United Kingdom
532826,22695,WICKER WREATH SMALL,2,2010-11-15T09:32:00,3.36,,United Kingdom
532826,22697,GREEN REGENCY TEACUP AND SAUCER,2,2010-11-15T09:32:00,5.91,,United Kingdom
532826,22698,PINK REGENCY TEACUP AND SAUCER,2,2010-11-15T09:32:00,5.91,,United Kingdom
532826,22726,ALARM CLOCK BAKELIKE GREEN,1,2010-11-15T09:32:00,7.62,,United Kingdom
532826,22728,ALARM CLOCK BAKELIKE PINK,1,2010-11-15T09:32:00,7.62,,United Kingdom
532826,22732,3D VINTAGE CHRISTMAS STICKERS,1,2010-11-15T09:32:00,2.51,,United Kingdom
532826,22734,SET OF 6 RIBBONS VINTAGE CHRISTMAS,1,2010-11-15T09:32:00,5.06,,United Kingdom
532826,22736,RIBBON REEL MAKING SNOWMEN,1,2010-11-15T09:32:00,3.36,,United Kingdom
532826,22738,RIBBON REEL SNOWY VILLAGE,1,2010-11-15T09:32:00,3.36,,United Kingdom
532826,22739,RIBBON REEL CHRISTMAS SOCK BAUBLE,1,2010-11-15T09:32:00,3.36,,United Kingdom
532826,22740,POLKADOT PEN,2,2010-11-15T09:32:00,1.66,,United Kingdom
532826,22745,POPPY'S PLAYHOUSE BEDROOM,2,2010-11-15T09:32:00,4.21,,United Kingdom
532826,22746,POPPY'S PLAYHOUSE LIVINGROOM,1,2010-11-15T09:32:00,4.21,,United Kingdom
532826,22748,POPPY'S PLAYHOUSE KITCHEN,1,2010-11-15T09:32:00,4.21,,United Kingdom
532826,22751,FELTCRAFT PRINCESS OLIVIA DOLL,3,2010-11-15T09:32:00,7.62,,United Kingdom
532826,22754,SMALL RED BABUSHKA NOTEBOOK,3,2010-11-15T09:32:00,1.66,,United Kingdom
532826,22756,LARGE YELLOW BABUSHKA NOTEBOOK,2,2010-11-15T09:32:00,2.51,,United Kingdom
532826,22757,LARGE RED BABUSHKA NOTEBOOK,3,2010-11-15T09:32:00,2.51,,United Kingdom
532826,22758,LARGE PURPLE BABUSHKA NOTEBOOK,1,2010-11-15T09:32:00,2.51,,United Kingdom
532826,22759,SET OF 3 NOTEBOOKS IN PARCEL,3,2010-11-15T09:32:00,3.36,,United Kingdom
532826,22791,T-LIGHT GLASS FLUTED ANTIQUE,1,2010-11-15T09:32:00,2.51,,United Kingdom
532826,22805,BLUE DRAWER KNOB ACRYLIC EDWARDIAN,1,2010-11-15T09:32:00,2.51,,United Kingdom
532826,22815,CARD PSYCHEDELIC APPLES,1,2010-11-15T09:32:00,0.85,,United Kingdom
532826,22816,CARD MOTORBIKE SANTA,1,2010-11-15T09:32:00,0.85,,United Kingdom
532826,22817,CARD SUKI BIRTHDAY,1,2010-11-15T09:32:00,0.85,,United Kingdom
532826,22818,CARD CHRISTMAS VILLAGE,1,2010-11-15T09:32:00,0.85,,United Kingdom
532826,22835,HOT WATER BOTTLE I AM SO POORLY,1,2010-11-15T09:32:00,9.32,,United Kingdom
532826,22837,HOT WATER BOTTLE BABUSHKA,3,2010-11-15T09:32:00,9.32,,United Kingdom
532826,22862,LOVE HEART NAPKIN BOX,1,2010-11-15T09:32:00,8.47,,United Kingdom
532826,22865,HAND WARMER OWL DESIGN,4,2010-11-15T09:32:00,4.21,,United Kingdom
532826,22866,HAND WARMER SCOTTY DOG DESIGN,1,2010-11-15T09:32:00,4.21,,United Kingdom
532826,22867,HAND WARMER BIRD DESIGN,3,2010-11-15T09:32:00,4.21,,United Kingdom
532826,22892,SET OF SALT AND PEPPER TOADSTOOLS,1,2010-11-15T09:32:00,2.51,,United Kingdom
532826,22900,SET 2 TEA TOWELS I LOVE LONDON,1,2010-11-15T09:32:00,5.91,,United Kingdom
532826,22906,12 MESSAGE CARDS WITH ENVELOPES,3,2010-11-15T09:32:00,3.36,,United Kingdom
532826,22909,SET OF 20 VINTAGE CHRISTMAS NAPKINS,10,2010-11-15T09:32:00,1.66,,United Kingdom
532826,22910,PAPER CHAIN KIT VINTAGE CHRISTMAS,5,2010-11-15T09:32:00,5.91,,United Kingdom
532826,22911,PAPER CHAIN KIT LONDON,1,2010-11-15T09:32:00,5.91,,United Kingdom
532826,22946,WOODEN ADVENT CALENDAR CREAM,2,2010-11-15T09:32:00,34,,United Kingdom
532826,22950,36 DOILIES VINTAGE CHRISTMAS,2,2010-11-15T09:32:00,2.98,,United Kingdom
532826,22951,60 CAKE CASES DOLLY GIRL DESIGN,1,2010-11-15T09:32:00,1.28,,United Kingdom
532826,22952,60 CAKE CASES VINTAGE CHRISTMAS,7,2010-11-15T09:32:00,1.28,,United Kingdom
532826,22983,"CARD, BILLBOARD FONT",1,2010-11-15T09:32:00,0.85,,United Kingdom
532826,35004B,SET OF 3 BLACK FLYING DUCKS,3,2010-11-15T09:32:00,5.91,,United Kingdom
532826,35095A,BLUE VICTORIAN FABRIC OVAL BOX,1,2010-11-15T09:32:00,0.84,,United Kingdom
532826,35095B,RED VICTORIAN FABRIC OVAL BOX,1,2010-11-15T09:32:00,0.84,,United Kingdom
532826,35400,WOODEN BOX ADVENT CALENDAR,4,2010-11-15T09:32:00,16.98,,United Kingdom
532826,35471D,SET OF 3 BIRD LIGHT PINK FEATHER,1,2010-11-15T09:32:00,2.51,,United Kingdom
532826,35598D,PINK/WHITE CHRISTMAS TREE 60CM,4,2010-11-15T09:32:00,2.51,,United Kingdom
532826,35957,SMALLFOLKART BAUBLE CHRISTMAS DEC,5,2010-11-15T09:32:00,1.66,,United Kingdom
532826,35961,FOLKART ZINC HEART CHRISTMAS DEC,2,2010-11-15T09:32:00,1.66,,United Kingdom
532826,35965,FOLKART HEART NAPKIN RINGS,1,2010-11-15T09:32:00,3.36,,United Kingdom
532826,35969,FOLKART CROWN TABLE DECORATIONS,3,2010-11-15T09:32:00,1.66,,United Kingdom
532826,35971,ROSE FOLKART HEART DECORATIONS,1,2010-11-15T09:32:00,2.51,,United Kingdom
532826,37444B,BLUE BREAKFAST CUP AND SAUCER,1,2010-11-15T09:32:00,5.91,,United Kingdom
532826,40016,CHINESE DRAGON PAPER LANTERNS,1,2010-11-15T09:32:00,8.47,,United Kingdom
532826,46776A,WOVEN BUBBLE GUM CUSHION COVER,1,2010-11-15T09:32:00,4.21,,United Kingdom
532826,46776B,WOVEN BERRIES CUSHION COVER,1,2010-11-15T09:32:00,4.21,,United Kingdom
532826,46776F,WOVEN ROSE GARDEN CUSHION COVER,1,2010-11-15T09:32:00,4.21,,United Kingdom
532826,47566,PARTY BUNTING,1,2010-11-15T09:32:00,8.47,,United Kingdom
532826,47591D,PINK FAIRY CAKE CHILDRENS APRON,3,2010-11-15T09:32:00,4.21,,United Kingdom
532826,47593B,SCOTTIE DOGS BABY BIB,3,2010-11-15T09:32:00,0.85,,United Kingdom
532826,48194,DOORMAT HEARTS,1,2010-11-15T09:32:00,14.43,,United Kingdom
532826,70006,LOVE HEART POCKET WARMER,1,2010-11-15T09:32:00,3.36,,United Kingdom
532826,71477,COLOUR GLASS. STAR T-LIGHT HOLDER,1,2010-11-15T09:32:00,6.77,,United Kingdom
532826,72598,SET/12 TAPER CANDLES,2,2010-11-15T09:32:00,1.66,,United Kingdom
532826,72799C,PINK PILLAR CANDLE SILVER FLOCK,1,2010-11-15T09:32:00,5.91,,United Kingdom
532826,72799E,IVORY PILLAR CANDLE SILVER FLOCK,5,2010-11-15T09:32:00,3.36,,United Kingdom
532826,72799F,IVORY PILLAR CANDLE GOLD FLOCK,5,2010-11-15T09:32:00,3.36,,United Kingdom
532826,72817,SET OF 2 CHRISTMAS DECOUPAGE CANDLE,1,2010-11-15T09:32:00,1.66,,United Kingdom
532826,75049L,LARGE CIRCULAR MIRROR MOBILE,4,2010-11-15T09:32:00,2.51,,United Kingdom
532826,79071B,ENGLISH ROSE METAL WASTE BIN,1,2010-11-15T09:32:00,5.91,,United Kingdom
532826,82613B,"METAL SIGN,CUPCAKE SINGLE HOOK",2,2010-11-15T09:32:00,2.51,,United Kingdom
532826,82613C,"METAL SIGN,CUPCAKE SINGLE HOOK",2,2010-11-15T09:32:00,2.51,,United Kingdom
532826,82613D,METAL SIGN CUPCAKE SINGLE HOOK,1,2010-11-15T09:32:00,2.51,,United Kingdom
532826,84029G,KNITTED UNION FLAG HOT WATER BOTTLE,2,2010-11-15T09:32:00,7.62,,United Kingdom
532826,84031A,CHARLIE+LOLA RED HOT WATER BOTTLE,1,2010-11-15T09:32:00,4.21,,United Kingdom
532826,84032A,CHARLIE+LOLA PINK HOT WATER BOTTLE,2,2010-11-15T09:32:00,3.36,,United Kingdom
532826,84032B,CHARLIE + LOLA RED HOT WATER BOTTLE,1,2010-11-15T09:32:00,3.36,,United Kingdom
532826,84050,PINK HEART SHAPE EGG FRYING PAN,1,2010-11-15T09:32:00,4.21,,United Kingdom
532826,84077,WORLD WAR 2 GLIDERS ASSTD DESIGNS,2,2010-11-15T09:32:00,0.43,,United Kingdom
532826,84212,"ASSORTED FLOWER COLOUR ""LEIS""",1,2010-11-15T09:32:00,5.06,,United Kingdom
532826,84378,SET OF 3 HEART COOKIE CUTTERS,1,2010-11-15T09:32:00,2.51,,United Kingdom
532826,84510A,SET OF 4 ENGLISH ROSE COASTERS,1,2010-11-15T09:32:00,2.51,,United Kingdom
532826,84535B,FAIRY CAKES NOTEBOOK A6 SIZE,1,2010-11-15T09:32:00,1.49,,United Kingdom
532826,84536B,FAIRY CAKES NOTEBOOK A7 SIZE,1,2010-11-15T09:32:00,0.85,,United Kingdom
532826,84568,GIRLS ALPHABET IRON ON PATCHES,13,2010-11-15T09:32:00,0.43,,United Kingdom
532826,84580,MOUSE TOY WITH PINK T-SHIRT,1,2010-11-15T09:32:00,4.21,,United Kingdom
532826,84584,PINK GINGHAM CAT WITH SCARF,1,2010-11-15T09:32:00,5.06,,United Kingdom
532826,84598,BOYS ALPHABET IRON ON PATCHES,4,2010-11-15T09:32:00,0.43,,United Kingdom
532826,84625A,PINK NEW BAROQUECANDLESTICK CANDLE,6,2010-11-15T09:32:00,5.91,,United Kingdom
532826,84673B,BLUE FLY SWAT,1,2010-11-15T09:32:00,1.28,,United Kingdom
532826,84755,COLOUR GLASS T-LIGHT HOLDER HANGING,28,2010-11-15T09:32:00,1.27,,United Kingdom
532826,84832,ZINC WILLIE WINKIE  CANDLE STICK,5,2010-11-15T09:32:00,1.66,,United Kingdom
532826,84899F,YELLOW PURPLE DAISY FELT PURSE KIT,1,2010-11-15T09:32:00,2.51,,United Kingdom
532826,84912A,PINK ROSE WASHBAG,1,2010-11-15T09:32:00,3.36,,United Kingdom
532826,84913A,SOFT PINK ROSE TOWEL,1,2010-11-15T09:32:00,3.36,,United Kingdom
532826,84913B,MINT GREEN ROSE TOWEL,3,2010-11-15T09:32:00,3.36,,United Kingdom
532826,84917,WHITE HAND TOWEL WITH BUTTERFLY,2,2010-11-15T09:32:00,4.21,,United Kingdom
532826,84945,MULTI COLOUR SILVER T-LIGHT HOLDER,24,2010-11-15T09:32:00,1.84,,United Kingdom
532826,84946,ANTIQUE SILVER TEA GLASS ETCHED,17,2010-11-15T09:32:00,2.51,,United Kingdom
532826,84947,ANTIQUE SILVER TEA GLASS ENGRAVED,11,2010-11-15T09:32:00,2.51,,United Kingdom
532826,84949,SILVER HANGING T-LIGHT HOLDER,1,2010-11-15T09:32:00,3.36,,United Kingdom
532826,84951B,SET OF 4 BLACK LOVEBIRD COASTERS,1,2010-11-15T09:32:00,5.06,,United Kingdom
532826,84970L,SINGLE HEART ZINC T-LIGHT HOLDER,1,2010-11-15T09:32:00,2.13,,United Kingdom
532826,84970S,HANGING HEART ZINC T-LIGHT HOLDER,1,2010-11-15T09:32:00,2.13,,United Kingdom
532826,84988,SET OF 72 PINK HEART PAPER DOILIES,1,2010-11-15T09:32:00,2.98,,United Kingdom
532826,84992,72 SWEETHEART FAIRY CAKE CASES,1,2010-11-15T09:32:00,1.28,,United Kingdom
532826,85017A,ENVELOPE 50 ROMANTIC IMAGES,1,2010-11-15T09:32:00,0.85,,United Kingdom
532826,85017B,ENVELOPE 50 BLOSSOM IMAGES,1,2010-11-15T09:32:00,0.85,,United Kingdom
532826,85032C,CURIOUS IMAGES GIFT WRAP SET,1,2010-11-15T09:32:00,4.21,,United Kingdom
532826,85048,15CM CHRISTMAS GLASS BALL 20 LIGHTS,2,2010-11-15T09:32:00,16.98,,United Kingdom
532826,85049E,SCANDINAVIAN REDS RIBBONS,2,2010-11-15T09:32:00,2.51,,United Kingdom
532826,85062,PEARL CRYSTAL PUMPKIN T-LIGHT HLDR,4,2010-11-15T09:32:00,2.51,,United Kingdom
532826,85068,CREAM SWEETHEART SHELF + HOOKS,1,2010-11-15T09:32:00,16.13,,United Kingdom
532826,85099B,JUMBO BAG RED RETROSPOT,25,2010-11-15T09:32:00,2.51,,United Kingdom
532826,85099F,JUMBO BAG STRAWBERRY,3,2010-11-15T09:32:00,4.21,,United Kingdom
532826,85103,SILVER T-LIGHT SETTING,2,2010-11-15T09:32:00,13.57,,United Kingdom
532826,85104,SILVER GLASS T-LIGHT SET,5,2010-11-15T09:32:00,5.91,,United Kingdom
532826,85116,BLACK CANDELABRA T-LIGHT HOLDER,3,2010-11-15T09:32:00,1.66,,United Kingdom
532826,85123A,WHITE HANGING HEART T-LIGHT HOLDER,5,2010-11-15T09:32:00,5.91,,United Kingdom
532826,85129C,BEADED CRYSTAL HEART BLUE SMALL,2,2010-11-15T09:32:00,2.51,,United Kingdom
532826,85130B,BEADED CRYSTAL HEART GREEN LARGE,1,2010-11-15T09:32:00,3.36,,United Kingdom
532826,85132A,CHARLIE + LOLA BISCUITS TINS,1,2010-11-15T09:32:00,8.47,,United Kingdom
532826,85136A,YELLOW SHARK HELICOPTER,1,2010-11-15T09:32:00,8.47,,United Kingdom
532826,85152,HAND OVER THE CHOCOLATE   SIGN,1,2010-11-15T09:32:00,4.21,,United Kingdom
532826,85170B,SET/6 BLACK BIRD T-LIGHT CANDLES,1,2010-11-15T09:32:00,4.21,,United Kingdom
532826,85227,SET OF 6 3D KIT CARDS FOR KIDS,3,2010-11-15T09:32:00,1.66,,United Kingdom
532826,90071,RUBY GLASS CLUSTER EARRINGS,1,2010-11-15T09:32:00,1.26,,United Kingdom
532826,90114,SUMMER DAISIES BAG CHARM,1,2010-11-15T09:32:00,2.51,,United Kingdom
532826,90116,FRUIT SALAD BAG CHARM,2,2010-11-15T09:32:00,2.51,,United Kingdom
532826,90125A,PINK BERTIE GLASS BEAD BAG CHARM,2,2010-11-15T09:32:00,4.21,,United Kingdom
532826,90129F,RED GLASS TASSLE BAG CHARM,1,2010-11-15T09:32:00,1.66,,United Kingdom
532826,90161C,ANT COPPER LIME BOUDICCA BRACELET,1,2010-11-15T09:32:00,5.09,,United Kingdom
532826,90200D,PINK SWEETHEART BRACELET,1,2010-11-15T09:32:00,4.24,,United Kingdom
532826,90206C,CRYSTAL DIAMANTE STAR BROOCH,1,2010-11-15T09:32:00,5.09,,United Kingdom
532826,90214F,"LETTER ""F"" BLING KEY RING",1,2010-11-15T09:32:00,0.85,,United Kingdom
532826,90214H,"LETTER ""H"" BLING KEY RING",1,2010-11-15T09:32:00,0.85,,United Kingdom
532826,90214N,"LETTER ""N"" BLING KEY RING",1,2010-11-15T09:32:00,0.85,,United Kingdom
532826,90214R,"LETTER ""R"" BLING KEY RING",1,2010-11-15T09:32:00,0.85,,United Kingdom
532826,DOT,DOTCOM POSTAGE,1,2010-11-15T09:32:00,437.67,,United Kingdom
532905,10124A,SPOTS ON RED BOOKCOVER TAPE,2,2010-11-15T11:49:00,0.42,17811,United Kingdom
532905,20886,BOX OF 9 PEBBLE CANDLES,6,2010-11-15T11:49:00,1.95,17811,United Kingdom
532905,20967,GREY FLORAL FELTCRAFT SHOULDER BAG,1,2010-11-15T11:49:00,3.75,17811,United Kingdom
532905,21283,NATURAL BARK CANDLE SMALL,3,2010-11-15T11:49:00,3.25,17811,United Kingdom
532905,21591,COSY HOUR CIGAR BOX MATCHES,2,2010-11-15T11:49:00,1.25,17811,United Kingdom
532905,21638,ASSORTED TUTTI FRUTTI NOTEBOOK,6,2010-11-15T11:49:00,2.1,17811,United Kingdom
532905,21642,ASSORTED TUTTI FRUTTI PEN,6,2010-11-15T11:49:00,0.85,17811,United Kingdom
532905,21786,POLKADOT RAIN HAT,4,2010-11-15T11:49:00,0.42,17811,United Kingdom
532905,21809,CHRISTMAS HANGING TREE WITH BELL,2,2010-11-15T11:49:00,1.25,17811,United Kingdom
532905,21810,CHRISTMAS HANGING STAR WITH BELL,2,2010-11-15T11:49:00,1.25,17811,United Kingdom
532905,21813,GARLAND WITH STARS AND BELLS,2,2010-11-15T11:49:00,4.95,17811,United Kingdom
532905,21847,GREEN  DIAMANTE PEN IN GIFT BOX,2,2010-11-15T11:49:00,4.95,17811,United Kingdom
532905,21847,GREEN  DIAMANTE PEN IN GIFT BOX,5,2010-11-15T11:49:00,4.95,17811,United Kingdom
532905,21849,SILVER DIAMANTE PEN IN GIFT BOX,1,2010-11-15T11:49:00,4.95,17811,United Kingdom
532905,21850,BLUE  DIAMANTE PEN IN GIFT BOX,2,2010-11-15T11:49:00,4.95,17811,United Kingdom
532905,21866,UNION JACK FLAG LUGGAGE TAG,1,2010-11-15T11:49:00,1.25,17811,United Kingdom
532905,21878,PACK OF 6 SANDCASTLE FLAGS ASSORTED,1,2010-11-15T11:49:00,0.85,17811,United Kingdom
532905,22091,EMPIRE TISSUE BOX,1,2010-11-15T11:49:00,1.25,17811,United Kingdom
532905,22152,PLACE SETTING WHITE STAR,16,2010-11-15T11:49:00,0.42,17811,United Kingdom
532905,22198,LARGE POPCORN HOLDER,1,2010-11-15T11:49:00,1.65,17811,United Kingdom
532905,22311,OFFICE MUG WARMER BLACK+SILVER,1,2010-11-15T11:49:00,2.95,17811,United Kingdom
532905,22570,FELTCRAFT CUSHION RABBIT,1,2010-11-15T11:49:00,3.75,17811,United Kingdom
532905,22582,PACK OF 6 SWEETIE GIFT BOXES,1,2010-11-15T11:49:00,2.55,17811,United Kingdom
532905,22583,PACK OF 6 HANDBAG GIFT BOXES,1,2010-11-15T11:49:00,2.55,17811,United Kingdom
532905,22584,PACK OF 6 PANNETONE GIFT BOXES,1,2010-11-15T11:49:00,2.55,17811,United Kingdom
532905,22639,SET OF 4 NAPKIN CHARMS HEARTS,2,2010-11-15T11:49:00,2.55,17811,United Kingdom
532905,22642,SET OF 4 NAPKIN CHARMS STARS,2,2010-11-15T11:49:00,2.55,17811,United Kingdom
532905,22774,RED DRAWER KNOB ACRYLIC EDWARDIAN,1,2010-11-15T11:49:00,1.25,17811,United Kingdom
532905,22775,PURPLE DRAWERKNOB ACRYLIC EDWARDIAN,1,2010-11-15T11:49:00,1.25,17811,United Kingdom
532905,22776,SWEETHEART CAKESTAND 3 TIER,1,2010-11-15T11:49:00,9.95,17811,United Kingdom
532905,22805,BLUE DRAWER KNOB ACRYLIC EDWARDIAN,1,2010-11-15T11:49:00,1.25,17811,United Kingdom
532905,72130,COLUMBIAN CANDLE ROUND,2,2010-11-15T11:49:00,0.65,17811,United Kingdom
532905,72131,COLUMBIAN CANDLE RECTANGLE,1,2010-11-15T11:49:00,1.95,17811,United Kingdom
532905,72132,COLUMBIAN CUBE CANDLE,1,2010-11-15T11:49:00,1.95,17811,United Kingdom
532905,72134,COLUMBIAN  CUBE CANDLE,1,2010-11-15T11:49:00,0.85,17811,United Kingdom
532905,84558A,3D DOG PICTURE PLAYING CARDS,1,2010-11-15T11:49:00,2.95,17811,United Kingdom
532905,84659A,WHITE TRAVEL ALARM CLOCK,1,2010-11-15T11:49:00,2.55,17811,United Kingdom
532905,85179A,GREEN BITTY LIGHT CHAIN,1,2010-11-15T11:49:00,4.65,17811,United Kingdom
532905,85179B,WHITE BITTY LIGHT CHAIN,1,2010-11-15T11:49:00,4.65,17811,United Kingdom
532905,90010B,BLACK/WHITE GLASS/SILVER BRACELET,1,2010-11-15T11:49:00,8.95,17811,United Kingdom
532905,90021,LASER CUT MULTI STRAND NECKLACE,1,2010-11-15T11:49:00,11.95,17811,United Kingdom
532905,90062,CARNIVAL BRACELET,1,2010-11-15T11:49:00,12.75,17811,United Kingdom
532905,90104,PURPLE FRANGIPANI HAIRCLIP,1,2010-11-15T11:49:00,0.85,17811,United Kingdom
532905,90122C,TURQUOISE CRYSTAL+GLASS BRACELET,1,2010-11-15T11:49:00,4.95,17811,United Kingdom
532905,90177D,DROP DIAMANTE EARRINGS PURPLE,1,2010-11-15T11:49:00,2.95,17811,United Kingdom
532905,90180A,BLACK+WHITE NECKLACE W TASSEL,1,2010-11-15T11:49:00,9.95,17811,United Kingdom
532905,90180B,PURPLE AMETHYST NECKLACE W TASSEL,1,2010-11-15T11:49:00,9.95,17811,United Kingdom
532905,90198A,VINTAGE ROSE BEAD BRACELET RASPBERR,1,2010-11-15T11:49:00,4.25,17811,United Kingdom
532905,90199B,5 STRAND GLASS NECKLACE AMETHYST,1,2010-11-15T11:49:00,6.35,17811,United Kingdom
532905,90200A,PURPLE SWEETHEART BRACELET,2,2010-11-15T11:49:00,4.25,17811,United Kingdom
532905,90200C,BLUE SWEETHEART BRACELET,1,2010-11-15T11:49:00,4.25,17811,United Kingdom
532905,90200D,PINK SWEETHEART BRACELET,1,2010-11-15T11:49:00,4.25,17811,United Kingdom
532905,90214M,"LETTER ""M"" BLING KEY RING",1,2010-11-15T11:49:00,1.25,17811,United Kingdom
533136,20777,CHRYSANTHEMUM NOTEBOOK,80,2010-11-16T12:52:00,1.65,17203,United Kingdom
533136,20828,GLITTER BUTTERFLY CLIPS,4,2010-11-16T12:52:00,2.55,17203,United Kingdom
533136,20868,SILVER FABRIC MIRROR,120,2010-11-16T12:52:00,1.06,17203,United Kingdom
533136,20956,PORCELAIN T-LIGHT HOLDERS ASSORTED,60,2010-11-16T12:52:00,1.25,17203,United Kingdom
533136,20966,SANDWICH BATH SPONGE,100,2010-11-16T12:52:00,1.25,17203,United Kingdom
533136,21034,REX CASH+CARRY JUMBO SHOPPER,6,2010-11-16T12:52:00,0.95,17203,United Kingdom
533136,21109,"LARGE CAKE TOWEL, CHOCOLATE SPOTS",2,2010-11-16T12:52:00,6.75,17203,United Kingdom
533136,21248,DOOR HANGER  MUM + DADS ROOM,72,2010-11-16T12:52:00,1.45,17203,United Kingdom
533136,21479,WHITE SKULL HOT WATER BOTTLE,2,2010-11-16T12:52:00,3.75,17203,United Kingdom
533136,21818,GLITTER CHRISTMAS HEART,36,2010-11-16T12:52:00,0.85,17203,United Kingdom
533136,21819,GLITTER CHRISTMAS STAR,36,2010-11-16T12:52:00,0.85,17203,United Kingdom
533136,21866,UNION JACK FLAG LUGGAGE TAG,100,2010-11-16T12:52:00,1.25,17203,United Kingdom
533136,21867,PINK UNION JACK  LUGGAGE TAG,100,2010-11-16T12:52:00,1.25,17203,United Kingdom
533136,21878,PACK OF 6 SANDCASTLE FLAGS ASSORTED,60,2010-11-16T12:52:00,0.85,17203,United Kingdom
533136,21889,WOODEN BOX OF DOMINOES,72,2010-11-16T12:52:00,1.25,17203,United Kingdom
533136,21901,"KEY FOB , BACK DOOR",96,2010-11-16T12:52:00,0.65,17203,United Kingdom
533136,21902,"KEY FOB , FRONT  DOOR",96,2010-11-16T12:52:00,0.65,17203,United Kingdom
533136,21928,JUMBO BAG SCANDINAVIAN PAISLEY,10,2010-11-16T12:52:00,1.95,17203,United Kingdom
533136,22030,SWALLOWS GREETING CARD,36,2010-11-16T12:52:00,0.42,17203,United Kingdom
533136,22037,ROBOT BIRTHDAY CARD,12,2010-11-16T12:52:00,0.42,17203,United Kingdom
533136,22052,VINTAGE CARAVAN GIFT WRAP,25,2010-11-16T12:52:00,0.42,17203,United Kingdom
533136,22196,SMALL HEART MEASURING SPOONS,100,2010-11-16T12:52:00,0.85,17203,United Kingdom
533136,22197,SMALL POPCORN HOLDER,50,2010-11-16T12:52:00,0.85,17203,United Kingdom
533136,22332,SKULLS PARTY BAG + STICKER SET,2,2010-11-16T12:52:00,1.65,17203,United Kingdom
533136,22333,RETROSPOT PARTY BAG + STICKER SET,2,2010-11-16T12:52:00,1.65,17203,United Kingdom
533136,22371,AIRLINE BAG VINTAGE TOKYO 78,1,2010-11-16T12:52:00,4.25,17203,United Kingdom
533136,22372,AIRLINE BAG VINTAGE WORLD CHAMPION,1,2010-11-16T12:52:00,4.25,17203,United Kingdom
533136,22374,AIRLINE BAG VINTAGE JET SET RED,1,2010-11-16T12:52:00,4.25,17203,United Kingdom
533136,22374,AIRLINE BAG VINTAGE JET SET RED,1,2010-11-16T12:52:00,4.25,17203,United Kingdom
533136,22375,AIRLINE BAG VINTAGE JET SET BROWN,1,2010-11-16T12:52:00,4.25,17203,United Kingdom
533136,22406,MONEY BOX KINGS CHOICE DESIGN,60,2010-11-16T12:52:00,1.06,17203,United Kingdom
533136,22411,JUMBO SHOPPER VINTAGE RED PAISLEY,10,2010-11-16T12:52:00,1.95,17203,United Kingdom
533136,22418,10 COLOUR SPACEBOY PEN,12,2010-11-16T12:52:00,0.85,17203,United Kingdom
533136,22423,REGENCY CAKESTAND 3 TIER,2,2010-11-16T12:52:00,12.75,17203,United Kingdom
533136,22494,EMERGENCY FIRST AID TIN,72,2010-11-16T12:52:00,1.25,17203,United Kingdom
533136,22551,PLASTERS IN TIN SPACEBOY,1,2010-11-16T12:52:00,1.65,17203,United Kingdom
533136,22553,PLASTERS IN TIN SKULLS,1,2010-11-16T12:52:00,1.65,17203,United Kingdom
533136,22556,PLASTERS IN TIN CIRCUS PARADE,1,2010-11-16T12:52:00,1.65,17203,United Kingdom
533136,22557,PLASTERS IN TIN VINTAGE PAISLEY,1,2010-11-16T12:52:00,1.65,17203,United Kingdom
533136,22561,WOODEN SCHOOL COLOURING SET,24,2010-11-16T12:52:00,1.65,17203,United Kingdom
533136,22632,HAND WARMER RED RETROSPOT,1,2010-11-16T12:52:00,2.1,17203,United Kingdom
533136,22633,HAND WARMER UNION JACK,2,2010-11-16T12:52:00,2.1,17203,United Kingdom
533136,22660,DOORMAT I LOVE LONDON,1,2010-11-16T12:52:00,7.95,17203,United Kingdom
533136,22710,WRAP I LOVE LONDON,25,2010-11-16T12:52:00,0.42,17203,United Kingdom
533136,22867,HAND WARMER BIRD DESIGN,1,2010-11-16T12:52:00,2.1,17203,United Kingdom
533136,35968,FOLK ART METAL HEART T-LIGHT HOLDER,60,2010-11-16T12:52:00,0.38,17203,United Kingdom
533136,84029E,RED WOOLLY HOTTIE WHITE HEART.,1,2010-11-16T12:52:00,3.75,17203,United Kingdom
533136,84029G,KNITTED UNION FLAG HOT WATER BOTTLE,1,2010-11-16T12:52:00,3.75,17203,United Kingdom
533136,84051,ASS COLOUR GLOWING TIARAS,20,2010-11-16T12:52:00,0.85,17203,United Kingdom
533136,84946,ANTIQUE SILVER TEA GLASS ETCHED,60,2010-11-16T12:52:00,1.25,17203,United Kingdom
533136,84949,SILVER HANGING T-LIGHT HOLDER,6,2010-11-16T12:52:00,1.65,17203,United Kingdom
533379,21294,ETCHED GLASS COASTER,12,2010-11-17T10:44:00,1.25,14049,United Kingdom
533379,22034,ROBIN CHRISTMAS CARD,12,2010-11-17T10:44:00,0.42,14049,United Kingdom
533379,22049,WRAP CHRISTMAS SCREEN PRINT,25,2010-11-17T10:44:00,0.42,14049,United Kingdom
533379,22666,RECIPE BOX PANTRY YELLOW DESIGN,1,2010-11-17T10:44:00,2.95,14049,United Kingdom
533379,22732,3D VINTAGE CHRISTMAS STICKERS,2,2010-11-17T10:44:00,1.25,14049,United Kingdom
533379,22816,CARD MOTORBIKE SANTA,12,2010-11-17T10:44:00,0.42,14049,United Kingdom
533379,22818,CARD CHRISTMAS VILLAGE,12,2010-11-17T10:44:00,0.42,14049,United Kingdom
533379,22942,CHRISTMAS LIGHTS 10 SANTAS,1,2010-11-17T10:44:00,8.5,14049,United Kingdom
533379,72807B,SET/3 OCEAN SCENT CANDLE JEWEL BOX,1,2010-11-17T10:44:00,4.25,14049,United Kingdom
533379,72807C,SET/3 VANILLA SCENTED CANDLE IN BOX,1,2010-11-17T10:44:00,4.25,14049,United Kingdom
533379,72815,3 WICK CHRISTMAS BRIAR CANDLE,1,2010-11-17T10:44:00,3.75,14049,United Kingdom
533379,72815,3 WICK CHRISTMAS BRIAR CANDLE,3,2010-11-17T10:44:00,3.75,14049,United Kingdom
533379,79030D,"TUMBLER, BAROQUE",8,2010-11-17T10:44:00,1.65,14049,United Kingdom
533379,84050,PINK HEART SHAPE EGG FRYING PAN,1,2010-11-17T10:44:00,1.65,14049,United Kingdom
533379,84247E,PACK/12 XMAS FUN CARD,1,2010-11-17T10:44:00,2.95,14049,United Kingdom
533379,84388,WISE MAN STAR SHAPE EGG PAN,1,2010-11-17T10:44:00,1.65,14049,United Kingdom
533379,85036A,GARDENIA 1 WICK MORRIS BOXED CANDLE,2,2010-11-17T10:44:00,4.25,14049,United Kingdom
533379,85146,JARDIN ETCHED GLASS SMALL BELL JAR,1,2010-11-17T10:44:00,5.95,14049,United Kingdom
533534,21181,PLEASE ONE PERSON METAL SIGN,12,2010-11-17T15:28:00,2.1,17239,United Kingdom
533534,22464,HANGING METAL HEART LANTERN,48,2010-11-17T15:28:00,1.45,17239,United Kingdom
533534,82580,BATHROOM METAL SIGN,12,2010-11-17T15:28:00,0.55,17239,United Kingdom
533534,82600,NO SINGING METAL SIGN,12,2010-11-17T15:28:00,2.1,17239,United Kingdom
533534,85123A,WHITE HANGING HEART T-LIGHT HOLDER,64,2010-11-17T15:28:00,2.55,17239,United Kingdom
533534,85152,HAND OVER THE CHOCOLATE   SIGN,12,2010-11-17T15:28:00,2.1,17239,United Kingdom
533596,85099B,JUMBO BAG RED RETROSPOT,200,2010-11-18T12:19:00,1.65,14646,Netherlands
533596,POST,POSTAGE,2,2010-11-18T12:19:00,15,14646,Netherlands
533975,21034,REX CASH+CARRY JUMBO SHOPPER,2,2010-11-19T13:24:00,0.95,15465,United Kingdom
533975,21429,RED GINGHAM ROSE JEWELLERY BOX,4,2010-11-19T13:24:00,1.65,15465,United Kingdom
533975,21524,DOORMAT SPOTTY HOME SWEET HOME,3,2010-11-19T13:24:00,7.95,15465,United Kingdom
533975,21733,RED HANGING HEART T-LIGHT HOLDER,5,2010-11-19T13:24:00,2.95,15465,United Kingdom
533975,21823,PAINTED METAL HEART WITH HOLLY BELL,10,2010-11-19T13:24:00,1.45,15465,United Kingdom
533975,21824,PAINTED METAL STAR WITH HOLLY BELLS,10,2010-11-19T13:24:00,1.45,15465,United Kingdom
533975,21843,RED RETROSPOT CAKE STAND,3,2010-11-19T13:24:00,10.95,15465,United Kingdom
533975,22141,CHRISTMAS CRAFT TREE TOP ANGEL,5,2010-11-19T13:24:00,2.1,15465,United Kingdom
533975,22144,CHRISTMAS CRAFT LITTLE FRIENDS,5,2010-11-19T13:24:00,2.1,15465,United Kingdom
533975,22187,GREEN CHRISTMAS TREE CARD HOLDER,4,2010-11-19T13:24:00,4.25,15465,United Kingdom
533975,22295,HEART FILIGREE DOVE LARGE,12,2010-11-19T13:24:00,1.65,15465,United Kingdom
533975,22423,REGENCY CAKESTAND 3 TIER,16,2010-11-19T13:24:00,10.95,15465,United Kingdom
533975,22622,BOX OF VINTAGE ALPHABET BLOCKS,6,2010-11-19T13:24:00,9.95,15465,United Kingdom
533975,84836,ZINC METAL HEART DECORATION,12,2010-11-19T13:24:00,1.25,15465,United Kingdom
533975,85123A,WHITE HANGING HEART T-LIGHT HOLDER,5,2010-11-19T13:24:00,2.95,15465,United Kingdom
534412,20751,FUNKY WASHING UP GLOVES ASSORTED,1,2010-11-22T14:44:00,2.1,17757,United Kingdom
534412,20751,FUNKY WASHING UP GLOVES ASSORTED,1,2010-11-22T14:44:00,2.1,17757,United Kingdom
534412,20754,RETROSPOT RED WASHING UP GLOVES,2,2010-11-22T14:44:00,2.1,17757,United Kingdom
534412,20914,SET/5 RED RETROSPOT LID GLASS BOWLS,4,2010-11-22T14:44:00,2.95,17757,United Kingdom
534412,21080,SET/20 RED RETROSPOT PAPER NAPKINS,1,2010-11-22T14:44:00,0.85,17757,United Kingdom
534412,21429,RED GINGHAM ROSE JEWELLERY BOX,1,2010-11-22T14:44:00,1.65,17757,United Kingdom
534412,21488,RED WHITE SCARF  HOT WATER BOTTLE,1,2010-11-22T14:44:00,3.95,17757,United Kingdom
534412,21494,ROTATING LEAVES T-LIGHT HOLDER,6,2010-11-22T14:44:00,1.25,17757,United Kingdom
534412,21790,VINTAGE SNAP CARDS,5,2010-11-22T14:44:00,0.85,17757,United Kingdom
534412,21804,WHITE CHRISTMAS GARLAND STARS TREES,2,2010-11-22T14:44:00,3.75,17757,United Kingdom
534412,21823,PAINTED METAL HEART WITH HOLLY BELL,4,2010-11-22T14:44:00,1.45,17757,United Kingdom
534412,21824,PAINTED METAL STAR WITH HOLLY BELLS,3,2010-11-22T14:44:00,1.45,17757,United Kingdom
534412,21889,WOODEN BOX OF DOMINOES,4,2010-11-22T14:44:00,1.25,17757,United Kingdom
534412,21899,"KEY FOB , GARAGE DESIGN",2,2010-11-22T14:44:00,0.65,17757,United Kingdom
534412,21900,"KEY FOB , SHED",2,2010-11-22T14:44:00,0.65,17757,United Kingdom
534412,21902,"KEY FOB , FRONT  DOOR",1,2010-11-22T14:44:00,0.65,17757,United Kingdom
534412,21915,RED  HARMONICA IN BOX,4,2010-11-22T14:44:00,1.25,17757,United Kingdom
534412,22083,PAPER CHAIN KIT RETROSPOT,2,2010-11-22T14:44:00,2.95,17757,United Kingdom
534412,22086,PAPER CHAIN KIT 50'S CHRISTMAS,40,2010-11-22T14:44:00,2.55,17757,United Kingdom
534412,22502,PICNIC BASKET WICKER SMALL,4,2010-11-22T14:44:00,5.95,17757,United Kingdom
534412,22620,4 TRADITIONAL SPINNING TOPS,4,2010-11-22T14:44:00,1.25,17757,United Kingdom
534412,22654,DELUXE SEWING KIT,1,2010-11-22T14:44:00,5.95,17757,United Kingdom
534412,22666,RECIPE BOX PANTRY YELLOW DESIGN,2,2010-11-22T14:44:00,2.95,17757,United Kingdom
534412,22676,FRENCH BLUE METAL DOOR SIGN 1,4,2010-11-22T14:44:00,1.25,17757,United Kingdom
534412,22678,FRENCH BLUE METAL DOOR SIGN 3,2,2010-11-22T14:44:00,1.25,17757,United Kingdom
534412,22748,POPPY'S PLAYHOUSE KITCHEN,1,2010-11-22T14:44:00,2.1,17757,United Kingdom
534412,22852,DOG BOWL VINTAGE CREAM,1,2010-11-22T14:44:00,4.25,17757,United Kingdom
534412,22853,CAT BOWL VINTAGE CREAM,1,2010-11-22T14:44:00,3.25,17757,United Kingdom
534412,22904,CALENDAR PAPER CUT DESIGN,2,2010-11-22T14:44:00,2.95,17757,United Kingdom
534412,22910,PAPER CHAIN KIT VINTAGE CHRISTMAS,8,2010-11-22T14:44:00,2.95,17757,United Kingdom
534470,15056BL,EDWARDIAN PARASOL BLACK,2,2010-11-23T10:22:00,5.95,18006,United Kingdom
534470,15056N,EDWARDIAN PARASOL NATURAL,2,2010-11-23T10:22:00,5.95,18006,United Kingdom
534470,20679,EDWARDIAN PARASOL RED,2,2010-11-23T10:22:00,5.95,18006,United Kingdom
534470,21682,LARGE MEDINA STAMPED METAL BOWL,1,2010-11-23T10:22:00,4.95,18006,United Kingdom
534470,21683,MEDIUM MEDINA STAMPED METAL BOWL,6,2010-11-23T10:22:00,2.95,18006,United Kingdom
534470,21730,GLASS STAR FROSTED T-LIGHT HOLDER,1,2010-11-23T10:22:00,4.95,18006,United Kingdom
534470,21906,PHARMACIE FIRST AID TIN,1,2010-11-23T10:22:00,6.75,18006,United Kingdom
534470,22295,HEART FILIGREE DOVE LARGE,12,2010-11-23T10:22:00,1.65,18006,United Kingdom
534470,22335,HEART DECORATION PAINTED ZINC,5,2010-11-23T10:22:00,0.65,18006,United Kingdom
534470,22336,DOVE DECORATION PAINTED ZINC,5,2010-11-23T10:22:00,0.65,18006,United Kingdom
534470,22337,ANGEL DECORATION PAINTED ZINC,5,2010-11-23T10:22:00,0.65,18006,United Kingdom
534470,22338,STAR DECORATION PAINTED ZINC,5,2010-11-23T10:22:00,0.65,18006,United Kingdom
534470,22339,CHRISTMAS TREE PAINTED ZINC,5,2010-11-23T10:22:00,0.65,18006,United Kingdom
534470,22428,ENAMEL FIRE BUCKET CREAM,1,2010-11-23T10:22:00,6.95,18006,United Kingdom
534470,22482,BLUE TEA TOWEL CLASSIC DESIGN,3,2010-11-23T10:22:00,1.25,18006,United Kingdom
534470,22642,SET OF 4 NAPKIN CHARMS STARS,1,2010-11-23T10:22:00,2.55,18006,United Kingdom
534470,22690,DOORMAT HOME SWEET HOME BLUE,2,2010-11-23T10:22:00,7.95,18006,United Kingdom
534470,22694,WICKER STAR,10,2010-11-23T10:22:00,2.1,18006,United Kingdom
534470,22735,RIBBON REEL SOCKS AND MITTENS,2,2010-11-23T10:22:00,1.65,18006,United Kingdom
534470,22844,VINTAGE CREAM DOG FOOD CONTAINER,1,2010-11-23T10:22:00,8.5,18006,United Kingdom
534470,85053,FRENCH ENAMEL CANDLEHOLDER,1,2010-11-23T10:22:00,2.1,18006,United Kingdom
534470,85123A,WHITE HANGING HEART T-LIGHT HOLDER,9,2010-11-23T10:22:00,2.95,18006,United Kingdom
534512,17091A,LAVENDER INCENSE IN TIN,36,2010-11-23T11:51:00,0.38,14679,United Kingdom
534512,20829,GLITTER HANGING BUTTERFLY STRING,8,2010-11-23T11:51:00,2.1,14679,United Kingdom
534512,20972,PINK CREAM FELT CRAFT TRINKET BOX,12,2010-11-23T11:51:00,1.25,14679,United Kingdom
534512,21231,SWEETHEART CERAMIC TRINKET BOX,12,2010-11-23T11:51:00,1.25,14679,United Kingdom
534512,21232,STRAWBERRY CERAMIC TRINKET BOX,12,2010-11-23T11:51:00,1.25,14679,United Kingdom
534512,21555,CERAMIC STRAWBERRY TRINKET TRAY,6,2010-11-23T11:51:00,2.55,14679,United Kingdom
534512,21814,HEART T-LIGHT HOLDER,12,2010-11-23T11:51:00,1.45,14679,United Kingdom
534512,21815,STAR  T-LIGHT HOLDER,12,2010-11-23T11:51:00,1.45,14679,United Kingdom
534512,22059,CERAMIC STRAWBERRY DESIGN MUG,12,2010-11-23T11:51:00,1.49,14679,United Kingdom
534512,22065,CHRISTMAS PUDDING TRINKET POT,12,2010-11-23T11:51:00,1.45,14679,United Kingdom
534512,22066,LOVE HEART TRINKET POT,12,2010-11-23T11:51:00,1.45,14679,United Kingdom
534512,22231,JIGSAW TREE WITH BIRDHOUSE,12,2010-11-23T11:51:00,1.45,14679,United Kingdom
534512,22295,HEART FILIGREE DOVE LARGE,12,2010-11-23T11:51:00,1.65,14679,United Kingdom
534512,22296,HEART IVORY TRELLIS LARGE,12,2010-11-23T11:51:00,1.65,14679,United Kingdom
534512,35598D,PINK/WHITE CHRISTMAS TREE 60CM,24,2010-11-23T11:51:00,0.65,14679,United Kingdom
534512,35957,SMALLFOLKART BAUBLE CHRISTMAS DEC,96,2010-11-23T11:51:00,0.19,14679,United Kingdom
534512,35967,FOLK ART METAL STAR T-LIGHT HOLDER,48,2010-11-23T11:51:00,0.38,14679,United Kingdom
534512,62086A,PINK RETRO BIG FLOWER BAG,6,2010-11-23T11:51:00,1.95,14679,United Kingdom
534512,72349B,SET/6 PURPLE BUTTERFLY T-LIGHTS,12,2010-11-23T11:51:00,2.1,14679,United Kingdom
534512,82482,WOODEN PICTURE FRAME WHITE FINISH,6,2010-11-23T11:51:00,2.55,14679,United Kingdom
534512,82494L,WOODEN FRAME ANTIQUE WHITE,6,2010-11-23T11:51:00,2.95,14679,United Kingdom
534512,84678,CLASSICAL ROSE SMALL VASE,6,2010-11-23T11:51:00,2.55,14679,United Kingdom
534524,22669,RED BABY BUNTING,5,2010-11-23T12:03:00,2.95,16155,United Kingdom
534524,47590A,BLUE HAPPY BIRTHDAY BUNTING,3,2010-11-23T12:03:00,5.45,16155,United Kingdom
534741,15036,ASSORTED COLOURS SILK FAN,600,2010-11-24T09:29:00,0.65,12908,United Kingdom
534747,22687,amazon adjustment,2,2010-11-24T09:50:00,0,,United Kingdom
534875,22144,CHRISTMAS CRAFT LITTLE FRIENDS,40,2010-11-24T14:36:00,1.85,14060,United Kingdom
535349,20975,12 PENCILS SMALL TUBE RED RETROSPOT,24,2010-11-25T16:52:00,0.65,18245,United Kingdom
535349,21187,WHITE BELL HONEYCOMB PAPER GARLAND,12,2010-11-25T16:52:00,1.65,18245,United Kingdom
535349,21326,AGED GLASS SILVER T-LIGHT HOLDER,24,2010-11-25T16:52:00,0.65,18245,United Kingdom
535349,21349,IVY HEART WREATH,2,2010-11-25T16:52:00,6.75,18245,United Kingdom
535349,21364,PEACE SMALL WOOD LETTERS,2,2010-11-25T16:52:00,6.75,18245,United Kingdom
535349,21508,VINTAGE KID DOLLY CARD,12,2010-11-25T16:52:00,0.42,18245,United Kingdom
535349,21733,RED HANGING HEART T-LIGHT HOLDER,12,2010-11-25T16:52:00,2.95,18245,United Kingdom
535349,21790,VINTAGE SNAP CARDS,12,2010-11-25T16:52:00,0.85,18245,United Kingdom
535349,21791,VINTAGE HEADS AND TAILS CARD GAME,12,2010-11-25T16:52:00,1.25,18245,United Kingdom
535349,22023,EMPIRE BIRTHDAY CARD,12,2010-11-25T16:52:00,0.42,18245,United Kingdom
535349,22024,RAINY LADIES BIRTHDAY CARD,12,2010-11-25T16:52:00,0.42,18245,United Kingdom
535349,22026,BANQUET BIRTHDAY  CARD,12,2010-11-25T16:52:00,0.42,18245,United Kingdom
535349,22030,SWALLOWS GREETING CARD,12,2010-11-25T16:52:00,0.42,18245,United Kingdom
535349,22086,PAPER CHAIN KIT 50'S CHRISTMAS,6,2010-11-25T16:52:00,2.95,18245,United Kingdom
535349,22423,REGENCY CAKESTAND 3 TIER,3,2010-11-25T16:52:00,12.75,18245,United Kingdom
535349,22467,GUMBALL COAT RACK,12,2010-11-25T16:52:00,2.55,18245,United Kingdom
535349,22571,ROCKING HORSE RED CHRISTMAS,24,2010-11-25T16:52:00,0.85,18245,United Kingdom
535349,22572,ROCKING HORSE GREEN CHRISTMAS,24,2010-11-25T16:52:00,0.85,18245,United Kingdom
535349,22715,CARD WEDDING DAY,12,2010-11-25T16:52:00,0.42,18245,United Kingdom
535349,22717,CARD DOG AND BALL,12,2010-11-25T16:52:00,0.42,18245,United Kingdom
535349,22718,CARD CAT AND TREE,12,2010-11-25T16:52:00,0.42,18245,United Kingdom
535349,22736,RIBBON REEL MAKING SNOWMEN,10,2010-11-25T16:52:00,1.65,18245,United Kingdom
535349,22737,RIBBON REEL CHRISTMAS PRESENT,10,2010-11-25T16:52:00,1.65,18245,United Kingdom
535349,22739,RIBBON REEL CHRISTMAS SOCK BAUBLE,10,2010-11-25T16:52:00,1.65,18245,United Kingdom
535349,22817,CARD SUKI BIRTHDAY,12,2010-11-25T16:52:00,0.42,18245,United Kingdom
535349,22866,HAND WARMER SCOTTY DOG DESIGN,12,2010-11-25T16:52:00,2.1,18245,United Kingdom
535349,22867,HAND WARMER BIRD DESIGN,12,2010-11-25T16:52:00,2.1,18245,United Kingdom
535349,22941,CHRISTMAS LIGHTS 10 REINDEER,6,2010-11-25T16:52:00,8.5,18245,United Kingdom
535349,22942,CHRISTMAS LIGHTS 10 SANTAS,4,2010-11-25T16:52:00,8.5,18245,United Kingdom
535349,22984,CARD GINGHAM ROSE,12,2010-11-25T16:52:00,0.42,18245,United Kingdom
535349,84946,ANTIQUE SILVER TEA GLASS ETCHED,24,2010-11-25T16:52:00,1.25,18245,United Kingdom
535349,84970L,SINGLE HEART ZINC T-LIGHT HOLDER,12,2010-11-25T16:52:00,0.95,18245,United Kingdom
535378,22813,PACK 3 BOXES BIRD PANNETONE,12,2010-11-25T18:50:00,1.95,15144,United Kingdom
535774,21352,EUCALYPTUS & PINECONE  WREATH,2,2010-11-28T13:31:00,6.75,16421,United Kingdom
535774,21781,MA CAMPAGNE CUTLERY BOX,1,2010-11-28T13:31:00,14.95,16421,United Kingdom
535774,22469,HEART OF WICKER SMALL,12,2010-11-28T13:31:00,1.65,16421,United Kingdom
535774,22589,CARDHOLDER GINGHAM STAR,6,2010-11-28T13:31:00,2.55,16421,United Kingdom
535774,22784,LANTERN CREAM GAZEBO,3,2010-11-28T13:31:00,4.95,16421,United Kingdom
535774,71477,COLOUR GLASS. STAR T-LIGHT HOLDER,8,2010-11-28T13:31:00,3.25,16421,United Kingdom
536081,21232,STRAWBERRY CERAMIC TRINKET BOX,12,2010-11-30T11:24:00,1.25,15329,United Kingdom
536081,21407,BROWN CHECK CAT DOORSTOP,3,2010-11-30T11:24:00,4.25,15329,United Kingdom
536081,21481,FAWN BLUE HOT WATER BOTTLE,6,2010-11-30T11:24:00,2.95,15329,United Kingdom
536081,22111,SCOTTIE DOG HOT WATER BOTTLE,6,2010-11-30T11:24:00,4.95,15329,United Kingdom
536081,22423,REGENCY CAKESTAND 3 TIER,2,2010-11-30T11:24:00,12.75,15329,United Kingdom
536081,22423,REGENCY CAKESTAND 3 TIER,2,2010-11-30T11:24:00,12.75,15329,United Kingdom
536081,22505,MEMO BOARD COTTAGE DESIGN,4,2010-11-30T11:24:00,4.95,15329,United Kingdom
536081,22699,ROSES REGENCY TEACUP AND SAUCER,6,2010-11-30T11:24:00,2.95,15329,United Kingdom
536081,22801,ANTIQUE GLASS PEDESTAL BOWL,4,2010-11-30T11:24:00,3.75,15329,United Kingdom
536081,22960,JAM MAKING SET WITH JARS,6,2010-11-30T11:24:00,4.25,15329,United Kingdom
536081,47480,HANGING PHOTO CLIP ROPE LADDER,12,2010-11-30T11:24:00,1.65,15329,United Kingdom
536081,48185,DOORMAT FAIRY CAKE,2,2010-11-30T11:24:00,7.95,15329,United Kingdom
536081,84030E,ENGLISH ROSE HOT WATER BOTTLE,4,2010-11-30T11:24:00,4.25,15329,United Kingdom
536520,20707,CRAZY DAISY HEART DECORATION,1,2010-12-01T12:43:00,1.25,14729,United Kingdom
536520,20707,CRAZY DAISY HEART DECORATION,1,2010-12-01T12:43:00,1.25,14729,United Kingdom
536520,20754,RETROSPOT RED WASHING UP GLOVES,1,2010-12-01T12:43:00,2.1,14729,United Kingdom
536520,20754,RETROSPOT RED WASHING UP GLOVES,1,2010-12-01T12:43:00,2.1,14729,United Kingdom
536520,20772,GARDEN PATH JOURNAL,1,2010-12-01T12:43:00,2.55,14729,United Kingdom
536520,20772,GARDEN PATH JOURNAL,1,2010-12-01T12:43:00,2.55,14729,United Kingdom
536520,21034,REX CASH+CARRY JUMBO SHOPPER,2,2010-12-01T12:43:00,0.95,14729,United Kingdom
536520,21034,REX CASH+CARRY JUMBO SHOPPER,2,2010-12-01T12:43:00,0.95,14729,United Kingdom
536520,21111,"SWISS ROLL TOWEL, CHOCOLATE  SPOTS",1,2010-12-01T12:43:00,2.95,14729,United Kingdom
536520,21111,"SWISS ROLL TOWEL, CHOCOLATE  SPOTS",1,2010-12-01T12:43:00,2.95,14729,United Kingdom
536520,21122,SET/10 PINK POLKADOT PARTY CANDLES,1,2010-12-01T12:43:00,1.25,14729,United Kingdom
536520,21122,SET/10 PINK POLKADOT PARTY CANDLES,1,2010-12-01T12:43:00,1.25,14729,United Kingdom
536520,21123,SET/10 IVORY POLKADOT PARTY CANDLES,1,2010-12-01T12:43:00,1.25,14729,United Kingdom
536520,21123,SET/10 IVORY POLKADOT PARTY CANDLES,1,2010-12-01T12:43:00,1.25,14729,United Kingdom
536520,21124,SET/10 BLUE POLKADOT PARTY CANDLES,1,2010-12-01T12:43:00,1.25,14729,United Kingdom
536520,21124,SET/10 BLUE POLKADOT PARTY CANDLES,1,2010-12-01T12:43:00,1.25,14729,United Kingdom
536520,21175,GIN + TONIC DIET METAL SIGN,1,2010-12-01T12:43:00,2.1,14729,United Kingdom
536520,21175,GIN + TONIC DIET METAL SIGN,1,2010-12-01T12:43:00,2.1,14729,United Kingdom
536520,21292,SMALL STRIPES CHOCOLATE GIFT BAG,16,2010-12-01T12:43:00,0.85,14729,United Kingdom
536520,21292,SMALL STRIPES CHOCOLATE GIFT BAG,16,2010-12-01T12:43:00,0.85,14729,United Kingdom
536520,21358,TOAST ITS - HAPPY BIRTHDAY,2,2010-12-01T12:43:00,1.25,14729,United Kingdom
536520,21358,TOAST ITS - HAPPY BIRTHDAY,2,2010-12-01T12:43:00,1.25,14729,United Kingdom
536520,21427,SKULLS STORAGE BOX SMALL,2,2010-12-01T12:43:00,2.1,14729,United Kingdom
536520,21427,SKULLS STORAGE BOX SMALL,2,2010-12-01T12:43:00,2.1,14729,United Kingdom
536520,21486,PINK HEART DOTS HOT WATER BOTTLE,1,2010-12-01T12:43:00,3.75,14729,United Kingdom
536520,21486,PINK HEART DOTS HOT WATER BOTTLE,1,2010-12-01T12:43:00,3.75,14729,United Kingdom
536520,21584,RETROSPOT SMALL TUBE MATCHES,12,2010-12-01T12:43:00,1.65,14729,United Kingdom
536520,21584,RETROSPOT SMALL TUBE MATCHES,12,2010-12-01T12:43:00,1.65,14729,United Kingdom
536520,21588,RETROSPOT GIANT TUBE MATCHES,3,2010-12-01T12:43:00,2.55,14729,United Kingdom
536520,21588,RETROSPOT GIANT TUBE MATCHES,3,2010-12-01T12:43:00,2.55,14729,United Kingdom
536520,21794,CLASSIC FRENCH STYLE BASKET NATURAL,1,2010-12-01T12:43:00,6.75,14729,United Kingdom
536520,21794,CLASSIC FRENCH STYLE BASKET NATURAL,1,2010-12-01T12:43:00,6.75,14729,United Kingdom
536520,21804,WHITE CHRISTMAS GARLAND STARS TREES,3,2010-12-01T12:43:00,3.75,14729,United Kingdom
536520,21804,WHITE CHRISTMAS GARLAND STARS TREES,3,2010-12-01T12:43:00,3.75,14729,United Kingdom
536520,21867,PINK UNION JACK  LUGGAGE TAG,1,2010-12-01T12:43:00,1.25,14729,United Kingdom
536520,21867,PINK UNION JACK  LUGGAGE TAG,1,2010-12-01T12:43:00,1.25,14729,United Kingdom
536520,21890,S/6 WOODEN SKITTLES IN COTTON BAG,1,2010-12-01T12:43:00,2.95,14729,United Kingdom
536520,21890,S/6 WOODEN SKITTLES IN COTTON BAG,1,2010-12-01T12:43:00,2.95,14729,United Kingdom
536520,21930,JUMBO STORAGE BAG SKULLS,1,2010-12-01T12:43:00,1.95,14729,United Kingdom
536520,21930,JUMBO STORAGE BAG SKULLS,1,2010-12-01T12:43:00,1.95,14729,United Kingdom
536520,21985,PACK OF 12 HEARTS DESIGN TISSUES,12,2010-12-01T12:43:00,0.29,14729,United Kingdom
536520,21985,PACK OF 12 HEARTS DESIGN TISSUES,12,2010-12-01T12:43:00,0.29,14729,United Kingdom
536520,22092,BLUE PAISLEY TISSUE BOX,1,2010-12-01T12:43:00,1.25,14729,United Kingdom
536520,22092,BLUE PAISLEY TISSUE BOX,1,2010-12-01T12:43:00,1.25,14729,United Kingdom
536520,22096,PINK PAISLEY SQUARE TISSUE BOX,1,2010-12-01T12:43:00,1.25,14729,United Kingdom
536520,22096,PINK PAISLEY SQUARE TISSUE BOX,1,2010-12-01T12:43:00,1.25,14729,United Kingdom
536520,22099,CARAVAN SQUARE TISSUE BOX,2,2010-12-01T12:43:00,1.25,14729,United Kingdom
536520,22099,CARAVAN SQUARE TISSUE BOX,2,2010-12-01T12:43:00,1.25,14729,United Kingdom
536520,22100,SKULLS SQUARE TISSUE BOX,1,2010-12-01T12:43:00,1.25,14729,United Kingdom
536520,22100,SKULLS SQUARE TISSUE BOX,1,2010-12-01T12:43:00,1.25,14729,United Kingdom
536520,22107,PIZZA PLATE IN BOX,2,2010-12-01T12:43:00,3.75,14729,United Kingdom
536520,22107,PIZZA PLATE IN BOX,2,2010-12-01T12:43:00,3.75,14729,United Kingdom
536520,22151,PLACE SETTING WHITE HEART,14,2010-12-01T12:43:00,0.42,14729,United Kingdom
536520,22151,PLACE SETTING WHITE HEART,14,2010-12-01T12:43:00,0.42,14729,United Kingdom
536520,22152,PLACE SETTING WHITE STAR,12,2010-12-01T12:43:00,0.42,14729,United Kingdom
536520,22152,PLACE SETTING WHITE STAR,12,2010-12-01T12:43:00,0.42,14729,United Kingdom
536520,22197,SMALL POPCORN HOLDER,3,2010-12-01T12:43:00,0.85,14729,United Kingdom
536520,22197,SMALL POPCORN HOLDER,3,2010-12-01T12:43:00,0.85,14729,United Kingdom
536520,22241,GARLAND WOODEN HAPPY EASTER,2,2010-12-01T12:43:00,1.25,14729,United Kingdom
536520,22241,GARLAND WOODEN HAPPY EASTER,2,2010-12-01T12:43:00,1.25,14729,United Kingdom
536520,22441,GROW YOUR OWN BASIL IN ENAMEL MUG,1,2010-12-01T12:43:00,2.1,14729,United Kingdom
536520,22441,GROW YOUR OWN BASIL IN ENAMEL MUG,1,2010-12-01T12:43:00,2.1,14729,United Kingdom
536520,22469,HEART OF WICKER SMALL,1,2010-12-01T12:43:00,1.65,14729,United Kingdom
536520,22469,HEART OF WICKER SMALL,1,2010-12-01T12:43:00,1.65,14729,United Kingdom
536520,22469,HEART OF WICKER SMALL,2,2010-12-01T12:43:00,1.65,14729,United Kingdom
536520,22469,HEART OF WICKER SMALL,2,2010-12-01T12:43:00,1.65,14729,United Kingdom
536520,22470,HEART OF WICKER LARGE,1,2010-12-01T12:43:00,2.95,14729,United Kingdom
536520,22470,HEART OF WICKER LARGE,1,2010-12-01T12:43:00,2.95,14729,United Kingdom
536520,22501,PICNIC BASKET WICKER LARGE,1,2010-12-01T12:43:00,9.95,14729,United Kingdom
536520,22501,PICNIC BASKET WICKER LARGE,1,2010-12-01T12:43:00,9.95,14729,United Kingdom
536520,22551,PLASTERS IN TIN SPACEBOY,1,2010-12-01T12:43:00,1.65,14729,United Kingdom
536520,22551,PLASTERS IN TIN SPACEBOY,1,2010-12-01T12:43:00,1.65,14729,United Kingdom
536520,22553,PLASTERS IN TIN SKULLS,1,2010-12-01T12:43:00,1.65,14729,United Kingdom
536520,22553,PLASTERS IN TIN SKULLS,1,2010-12-01T12:43:00,1.65,14729,United Kingdom
536520,22557,PLASTERS IN TIN VINTAGE PAISLEY,2,2010-12-01T12:43:00,1.65,14729,United Kingdom
536520,22557,PLASTERS IN TIN VINTAGE PAISLEY,2,2010-12-01T12:43:00,1.65,14729,United Kingdom
536520,22575,METAL MERRY CHRISTMAS WREATH,1,2010-12-01T12:43:00,1.95,14729,United Kingdom
536520,22575,METAL MERRY CHRISTMAS WREATH,1,2010-12-01T12:43:00,1.95,14729,United Kingdom
536520,22582,PACK OF 6 SWEETIE GIFT BOXES,2,2010-12-01T12:43:00,2.55,14729,United Kingdom
536520,22582,PACK OF 6 SWEETIE GIFT BOXES,2,2010-12-01T12:43:00,2.55,14729,United Kingdom
536520,22583,PACK OF 6 HANDBAG GIFT BOXES,1,2010-12-01T12:43:00,2.55,14729,United Kingdom
536520,22583,PACK OF 6 HANDBAG GIFT BOXES,1,2010-12-01T12:43:00,2.55,14729,United Kingdom
536520,22583,PACK OF 6 HANDBAG GIFT BOXES,3,2010-12-01T12:43:00,2.55,14729,United Kingdom
536520,22583,PACK OF 6 HANDBAG GIFT BOXES,3,2010-12-01T12:43:00,2.55,14729,United Kingdom
536520,22588,CARD HOLDER GINGHAM HEART,2,2010-12-01T12:43:00,2.55,14729,United Kingdom
536520,22588,CARD HOLDER GINGHAM HEART,2,2010-12-01T12:43:00,2.55,14729,United Kingdom
536520,22604,SET OF 4 NAPKIN CHARMS CUTLERY,3,2010-12-01T12:43:00,2.55,14729,United Kingdom
536520,22604,SET OF 4 NAPKIN CHARMS CUTLERY,3,2010-12-01T12:43:00,2.55,14729,United Kingdom
536520,22632,HAND WARMER RED RETROSPOT,4,2010-12-01T12:43:00,2.1,14729,United Kingdom
536520,22632,HAND WARMER RED RETROSPOT,4,2010-12-01T12:43:00,2.1,14729,United Kingdom
536520,22633,HAND WARMER UNION JACK,3,2010-12-01T12:43:00,2.1,14729,United Kingdom
536520,22633,HAND WARMER UNION JACK,3,2010-12-01T12:43:00,2.1,14729,United Kingdom
536520,22642,SET OF 4 NAPKIN CHARMS STARS,4,2010-12-01T12:43:00,2.55,14729,United Kingdom
536520,22642,SET OF 4 NAPKIN CHARMS STARS,4,2010-12-01T12:43:00,2.55,14729,United Kingdom
536520,22643,SET OF 4 NAPKIN CHARMS LEAVES,4,2010-12-01T12:43:00,2.55,14729,United Kingdom
536520,22643,SET OF 4 NAPKIN CHARMS LEAVES,4,2010-12-01T12:43:00,2.55,14729,United Kingdom
536520,22653,BUTTON BOX,1,2010-12-01T12:43:00,1.95,14729,United Kingdom
536520,22653,BUTTON BOX,1,2010-12-01T12:43:00,1.95,14729,United Kingdom
536520,22670,FRENCH WC SIGN BLUE METAL,1,2010-12-01T12:43:00,1.25,14729,United Kingdom
536520,22670,FRENCH WC SIGN BLUE METAL,1,2010-12-01T12:43:00,1.25,14729,United Kingdom
536520,22754,SMALL RED BABUSHKA NOTEBOOK,1,2010-12-01T12:43:00,0.85,14729,United Kingdom
536520,22754,SMALL RED BABUSHKA NOTEBOOK,1,2010-12-01T12:43:00,0.85,14729,United Kingdom
536520,22760,"TRAY, BREAKFAST IN BED",1,2010-12-01T12:43:00,12.75,14729,United Kingdom
536520,22760,"TRAY, BREAKFAST IN BED",1,2010-12-01T12:43:00,12.75,14729,United Kingdom
536520,22812,PACK 3 BOXES CHRISTMAS PANNETONE,3,2010-12-01T12:43:00,1.95,14729,United Kingdom
536520,22812,PACK 3 BOXES CHRISTMAS PANNETONE,3,2010-12-01T12:43:00,1.95,14729,United Kingdom
536520,22904,CALENDAR PAPER CUT DESIGN,3,2010-12-01T12:43:00,2.95,14729,United Kingdom
536520,22904,CALENDAR PAPER CUT DESIGN,3,2010-12-01T12:43:00,2.95,14729,United Kingdom
536520,22905,CALENDAR IN SEASON DESIGN,2,2010-12-01T12:43:00,2.95,14729,United Kingdom
536520,22905,CALENDAR IN SEASON DESIGN,2,2010-12-01T12:43:00,2.95,14729,United Kingdom
536520,22906,12 MESSAGE CARDS WITH ENVELOPES,6,2010-12-01T12:43:00,1.65,14729,United Kingdom
536520,22906,12 MESSAGE CARDS WITH ENVELOPES,6,2010-12-01T12:43:00,1.65,14729,United Kingdom
536520,22916,HERB MARKER THYME,1,2010-12-01T12:43:00,0.65,14729,United Kingdom
536520,22916,HERB MARKER THYME,1,2010-12-01T12:43:00,0.65,14729,United Kingdom
536520,22917,HERB MARKER ROSEMARY,1,2010-12-01T12:43:00,0.65,14729,United Kingdom
536520,22917,HERB MARKER ROSEMARY,1,2010-12-01T12:43:00,0.65,14729,United Kingdom
536520,22918,HERB MARKER PARSLEY,2,2010-12-01T12:43:00,0.65,14729,United Kingdom
536520,22918,HERB MARKER PARSLEY,2,2010-12-01T12:43:00,0.65,14729,United Kingdom
536520,22919,HERB MARKER MINT,2,2010-12-01T12:43:00,0.65,14729,United Kingdom
536520,22919,HERB MARKER MINT,2,2010-12-01T12:43:00,0.65,14729,United Kingdom
536520,22920,HERB MARKER BASIL,3,2010-12-01T12:43:00,0.65,14729,United Kingdom
536520,22920,HERB MARKER BASIL,3,2010-12-01T12:43:00,0.65,14729,United Kingdom
536520,22921,HERB MARKER CHIVES,2,2010-12-01T12:43:00,0.65,14729,United Kingdom
536520,22921,HERB MARKER CHIVES,2,2010-12-01T12:43:00,0.65,14729,United Kingdom
536520,22926,IVORY GIANT GARDEN THERMOMETER,1,2010-12-01T12:43:00,5.95,14729,United Kingdom
536520,22926,IVORY GIANT GARDEN THERMOMETER,1,2010-12-01T12:43:00,5.95,14729,United Kingdom
536520,22938,CUPCAKE LACE PAPER SET 6,5,2010-12-01T12:43:00,1.95,14729,United Kingdom
536520,22938,CUPCAKE LACE PAPER SET 6,5,2010-12-01T12:43:00,1.95,14729,United Kingdom
536520,22955,36 FOIL STAR CAKE CASES,2,2010-12-01T12:43:00,2.1,14729,United Kingdom
536520,22955,36 FOIL STAR CAKE CASES,2,2010-12-01T12:43:00,2.1,14729,United Kingdom
536520,22956,36 FOIL HEART CAKE CASES,2,2010-12-01T12:43:00,2.1,14729,United Kingdom
536520,22956,36 FOIL HEART CAKE CASES,2,2010-12-01T12:43:00,2.1,14729,United Kingdom
536520,71406C,BLACK ORANGE SQUEEZER,12,2010-12-01T12:43:00,0.42,14729,United Kingdom
536520,71406C,BLACK ORANGE SQUEEZER,12,2010-12-01T12:43:00,0.42,14729,United Kingdom
536520,84378,SET OF 3 HEART COOKIE CUTTERS,1,2010-12-01T12:43:00,1.25,14729,United Kingdom
536520,84378,SET OF 3 HEART COOKIE CUTTERS,1,2010-12-01T12:43:00,1.25,14729,United Kingdom
536520,84596E,SMALL LICORICE DES PINK BOWL,1,2010-12-01T12:43:00,1.25,14729,United Kingdom
536520,84596E,SMALL LICORICE DES PINK BOWL,1,2010-12-01T12:43:00,1.25,14729,United Kingdom
536520,84985A,SET OF 72 GREEN PAPER DOILIES,1,2010-12-01T12:43:00,1.45,14729,United Kingdom
536520,84985A,SET OF 72 GREEN PAPER DOILIES,1,2010-12-01T12:43:00,1.45,14729,United Kingdom
536520,85123A,WHITE HANGING HEART T-LIGHT HOLDER,3,2010-12-01T12:43:00,2.95,14729,United Kingdom
536520,85123A,WHITE HANGING HEART T-LIGHT HOLDER,3,2010-12-01T12:43:00,2.95,14729,United Kingdom
536581,85099B,JUMBO BAG RED RETROSPOT,200,2010-12-01T16:19:00,1.65,13777,United Kingdom
536581,85099B,JUMBO BAG RED RETROSPOT,200,2010-12-01T16:19:00,1.65,13777,United Kingdom
536986,21479,WHITE SKULL HOT WATER BOTTLE,8,2010-12-03T14:40:00,3.75,16140,United Kingdom
536986,21479,WHITE SKULL HOT WATER BOTTLE,8,2010-12-03T14:40:00,3.75,16140,United Kingdom
536986,21509,COWBOYS AND INDIANS BIRTHDAY CARD,12,2010-12-03T14:40:00,0.42,16140,United Kingdom
536986,21509,COWBOYS AND INDIANS BIRTHDAY CARD,12,2010-12-03T14:40:00,0.42,16140,United Kingdom
536986,22409,MONEY BOX BISCUITS DESIGN,12,2010-12-03T14:40:00,1.25,16140,United Kingdom
536986,22409,MONEY BOX BISCUITS DESIGN,12,2010-12-03T14:40:00,1.25,16140,United Kingdom
536986,22470,HEART OF WICKER LARGE,6,2010-12-03T14:40:00,2.95,16140,United Kingdom
536986,22470,HEART OF WICKER LARGE,6,2010-12-03T14:40:00,2.95,16140,United Kingdom
536986,22492,MINI PAINT SET VINTAGE,36,2010-12-03T14:40:00,0.65,16140,United Kingdom
536986,22492,MINI PAINT SET VINTAGE,36,2010-12-03T14:40:00,0.65,16140,United Kingdom
536986,22694,WICKER STAR,6,2010-12-03T14:40:00,2.1,16140,United Kingdom
536986,22694,WICKER STAR,6,2010-12-03T14:40:00,2.1,16140,United Kingdom
536986,22909,SET OF 20 VINTAGE CHRISTMAS NAPKINS,24,2010-12-03T14:40:00,0.85,16140,United Kingdom
536986,22909,SET OF 20 VINTAGE CHRISTMAS NAPKINS,24,2010-12-03T14:40:00,0.85,16140,United Kingdom
537159,21217,RED RETROSPOT ROUND CAKE TINS,1,2010-12-05T13:17:00,9.95,14527,United Kingdom
537159,21217,RED RETROSPOT ROUND CAKE TINS,1,2010-12-05T13:17:00,9.95,14527,United Kingdom
537159,21258,VICTORIAN SEWING BOX LARGE,3,2010-12-05T13:17:00,12.75,14527,United Kingdom
537159,21258,VICTORIAN SEWING BOX LARGE,3,2010-12-05T13:17:00,12.75,14527,United Kingdom
537159,21479,WHITE SKULL HOT WATER BOTTLE,1,2010-12-05T13:17:00,3.75,14527,United Kingdom
537159,21479,WHITE SKULL HOT WATER BOTTLE,1,2010-12-05T13:17:00,3.75,14527,United Kingdom
537159,21481,FAWN BLUE HOT WATER BOTTLE,1,2010-12-05T13:17:00,2.95,14527,United Kingdom
537159,21481,FAWN BLUE HOT WATER BOTTLE,1,2010-12-05T13:17:00,2.95,14527,United Kingdom
537159,21623,VINTAGE UNION JACK MEMOBOARD,1,2010-12-05T13:17:00,9.95,14527,United Kingdom
537159,21623,VINTAGE UNION JACK MEMOBOARD,1,2010-12-05T13:17:00,9.95,14527,United Kingdom
537159,21630,FLOOR CUSHION ELEPHANT CARNIVAL,1,2010-12-05T13:17:00,8.95,14527,United Kingdom
537159,21630,FLOOR CUSHION ELEPHANT CARNIVAL,1,2010-12-05T13:17:00,8.95,14527,United Kingdom
537159,22072,RED RETROSPOT TEA CUP AND SAUCER,6,2010-12-05T13:17:00,3.75,14527,United Kingdom
537159,22072,RED RETROSPOT TEA CUP AND SAUCER,6,2010-12-05T13:17:00,3.75,14527,United Kingdom
537159,22111,SCOTTIE DOG HOT WATER BOTTLE,1,2010-12-05T13:17:00,4.95,14527,United Kingdom
537159,22111,SCOTTIE DOG HOT WATER BOTTLE,1,2010-12-05T13:17:00,4.95,14527,United Kingdom
537159,22112,CHOCOLATE HOT WATER BOTTLE,6,2010-12-05T13:17:00,4.95,14527,United Kingdom
537159,22112,CHOCOLATE HOT WATER BOTTLE,6,2010-12-05T13:17:00,4.95,14527,United Kingdom
537159,22114,HOT WATER BOTTLE TEA AND SYMPATHY,6,2010-12-05T13:17:00,3.95,14527,United Kingdom
537159,22114,HOT WATER BOTTLE TEA AND SYMPATHY,6,2010-12-05T13:17:00,3.95,14527,United Kingdom
537159,22193,RED DINER WALL CLOCK,2,2010-12-05T13:17:00,8.5,14527,United Kingdom
537159,22193,RED DINER WALL CLOCK,2,2010-12-05T13:17:00,8.5,14527,United Kingdom
537159,22357,KINGS CHOICE BISCUIT TIN,1,2010-12-05T13:17:00,4.25,14527,United Kingdom
537159,22357,KINGS CHOICE BISCUIT TIN,1,2010-12-05T13:17:00,4.25,14527,United Kingdom
537159,22632,HAND WARMER RED RETROSPOT,3,2010-12-05T13:17:00,2.1,14527,United Kingdom
537159,22632,HAND WARMER RED RETROSPOT,3,2010-12-05T13:17:00,2.1,14527,United Kingdom
537159,22667,RECIPE BOX RETROSPOT,1,2010-12-05T13:17:00,2.95,14527,United Kingdom
537159,22667,RECIPE BOX RETROSPOT,1,2010-12-05T13:17:00,2.95,14527,United Kingdom
537159,22676,FRENCH BLUE METAL DOOR SIGN 1,1,2010-12-05T13:17:00,1.25,14527,United Kingdom
537159,22676,FRENCH BLUE METAL DOOR SIGN 1,1,2010-12-05T13:17:00,1.25,14527,United Kingdom
537159,22684,FRENCH BLUE METAL DOOR SIGN 9,1,2010-12-05T13:17:00,1.25,14527,United Kingdom
537159,22684,FRENCH BLUE METAL DOOR SIGN 9,1,2010-12-05T13:17:00,1.25,14527,United Kingdom
537159,22694,WICKER STAR,2,2010-12-05T13:17:00,2.1,14527,United Kingdom
537159,22694,WICKER STAR,2,2010-12-05T13:17:00,2.1,14527,United Kingdom
537159,22765,NEWSPAPER STAND,1,2010-12-05T13:17:00,14.95,14527,United Kingdom
537159,22765,NEWSPAPER STAND,1,2010-12-05T13:17:00,14.95,14527,United Kingdom
537159,22865,HAND WARMER OWL DESIGN,7,2010-12-05T13:17:00,2.1,14527,United Kingdom
537159,22865,HAND WARMER OWL DESIGN,7,2010-12-05T13:17:00,2.1,14527,United Kingdom
537159,22866,HAND WARMER SCOTTY DOG DESIGN,3,2010-12-05T13:17:00,2.1,14527,United Kingdom
537159,22866,HAND WARMER SCOTTY DOG DESIGN,3,2010-12-05T13:17:00,2.1,14527,United Kingdom
537159,22898,CHILDRENS APRON APPLES DESIGN,2,2010-12-05T13:17:00,1.95,14527,United Kingdom
537159,22898,CHILDRENS APRON APPLES DESIGN,2,2010-12-05T13:17:00,1.95,14527,United Kingdom
537159,22946,WOODEN ADVENT CALENDAR CREAM,2,2010-12-05T13:17:00,16.95,14527,United Kingdom
537159,22946,WOODEN ADVENT CALENDAR CREAM,2,2010-12-05T13:17:00,16.95,14527,United Kingdom
537159,35598B,BLACK CHRISTMAS TREE 60CM,1,2010-12-05T13:17:00,2.95,14527,United Kingdom
537159,35598B,BLACK CHRISTMAS TREE 60CM,1,2010-12-05T13:17:00,2.95,14527,United Kingdom
537159,82011B,BATHROOM SCALES RUBBER DUCKS,1,2010-12-05T13:17:00,3.75,14527,United Kingdom
537159,82011B,BATHROOM SCALES RUBBER DUCKS,1,2010-12-05T13:17:00,3.75,14527,United Kingdom
537159,82484,WOOD BLACK BOARD ANT WHITE FINISH,1,2010-12-05T13:17:00,6.45,14527,United Kingdom
537159,82484,WOOD BLACK BOARD ANT WHITE FINISH,1,2010-12-05T13:17:00,6.45,14527,United Kingdom
537159,84032A,CHARLIE+LOLA PINK HOT WATER BOTTLE,1,2010-12-05T13:17:00,2.95,14527,United Kingdom
537159,84032A,CHARLIE+LOLA PINK HOT WATER BOTTLE,1,2010-12-05T13:17:00,2.95,14527,United Kingdom
537159,84997A,GREEN 3 PIECE POLKADOT CUTLERY SET,1,2010-12-05T13:17:00,3.75,14527,United Kingdom
537159,84997A,GREEN 3 PIECE POLKADOT CUTLERY SET,1,2010-12-05T13:17:00,3.75,14527,United Kingdom
537159,84997B,RED 3 PIECE RETROSPOT CUTLERY SET,2,2010-12-05T13:17:00,3.75,14527,United Kingdom
537159,84997B,RED 3 PIECE RETROSPOT CUTLERY SET,2,2010-12-05T13:17:00,3.75,14527,United Kingdom
537400,21034,REX CASH+CARRY JUMBO SHOPPER,4,2010-12-06T14:36:00,0.95,17191,United Kingdom
537400,21034,REX CASH+CARRY JUMBO SHOPPER,4,2010-12-06T14:36:00,0.95,17191,United Kingdom
537400,21181,PLEASE ONE PERSON METAL SIGN,1,2010-12-06T14:36:00,2.1,17191,United Kingdom
537400,21181,PLEASE ONE PERSON METAL SIGN,1,2010-12-06T14:36:00,2.1,17191,United Kingdom
537400,21390,FILIGRIS HEART WITH BUTTERFLY,6,2010-12-06T14:36:00,1.25,17191,United Kingdom
537400,21390,FILIGRIS HEART WITH BUTTERFLY,6,2010-12-06T14:36:00,1.25,17191,United Kingdom
537400,21733,RED HANGING HEART T-LIGHT HOLDER,1,2010-12-06T14:36:00,2.95,17191,United Kingdom
537400,21733,RED HANGING HEART T-LIGHT HOLDER,1,2010-12-06T14:36:00,2.95,17191,United Kingdom
537400,21814,HEART T-LIGHT HOLDER,4,2010-12-06T14:36:00,1.45,17191,United Kingdom
537400,21814,HEART T-LIGHT HOLDER,4,2010-12-06T14:36:00,1.45,17191,United Kingdom
537400,21864,UNION JACK FLAG PASSPORT COVER,4,2010-12-06T14:36:00,2.1,17191,United Kingdom
537400,21864,UNION JACK FLAG PASSPORT COVER,4,2010-12-06T14:36:00,2.1,17191,United Kingdom
537400,22086,PAPER CHAIN KIT 50'S CHRISTMAS,2,2010-12-06T14:36:00,2.95,17191,United Kingdom
537400,22086,PAPER CHAIN KIT 50'S CHRISTMAS,2,2010-12-06T14:36:00,2.95,17191,United Kingdom
537400,22093,MOTORING TISSUE BOX,6,2010-12-06T14:36:00,1.25,17191,United Kingdom
537400,22093,MOTORING TISSUE BOX,6,2010-12-06T14:36:00,1.25,17191,United Kingdom
537400,22095,LADS ONLY TISSUE BOX,4,2010-12-06T14:36:00,1.25,17191,United Kingdom
537400,22095,LADS ONLY TISSUE BOX,4,2010-12-06T14:36:00,1.25,17191,United Kingdom
537400,22095,LADS ONLY TISSUE BOX,6,2010-12-06T14:36:00,1.25,17191,United Kingdom
537400,22095,LADS ONLY TISSUE BOX,6,2010-12-06T14:36:00,1.25,17191,United Kingdom
537400,22098,BOUDOIR SQUARE TISSUE BOX,2,2010-12-06T14:36:00,1.25,17191,United Kingdom
537400,22098,BOUDOIR SQUARE TISSUE BOX,2,2010-12-06T14:36:00,1.25,17191,United Kingdom
537400,22099,CARAVAN SQUARE TISSUE BOX,4,2010-12-06T14:36:00,1.25,17191,United Kingdom
537400,22099,CARAVAN SQUARE TISSUE BOX,4,2010-12-06T14:36:00,1.25,17191,United Kingdom
537400,22173,METAL 4 HOOK HANGER FRENCH CHATEAU,8,2010-12-06T14:36:00,2.95,17191,United Kingdom
537400,22173,METAL 4 HOOK HANGER FRENCH CHATEAU,8,2010-12-06T14:36:00,2.95,17191,United Kingdom
537400,22224,WHITE LOVEBIRD LANTERN,2,2010-12-06T14:36:00,2.95,17191,United Kingdom
537400,22224,WHITE LOVEBIRD LANTERN,2,2010-12-06T14:36:00,2.95,17191,United Kingdom
537400,22423,REGENCY CAKESTAND 3 TIER,1,2010-12-06T14:36:00,12.75,17191,United Kingdom
537400,22423,REGENCY CAKESTAND 3 TIER,1,2010-12-06T14:36:00,12.75,17191,United Kingdom
537400,22429,ENAMEL MEASURING JUG CREAM,3,2010-12-06T14:36:00,4.25,17191,United Kingdom
537400,22429,ENAMEL MEASURING JUG CREAM,3,2010-12-06T14:36:00,4.25,17191,United Kingdom
537400,22441,GROW YOUR OWN BASIL IN ENAMEL MUG,2,2010-12-06T14:36:00,2.1,17191,United Kingdom
537400,22441,GROW YOUR OWN BASIL IN ENAMEL MUG,2,2010-12-06T14:36:00,2.1,17191,United Kingdom
537400,22449,SILK PURSE BABUSHKA PINK,1,2010-12-06T14:36:00,3.35,17191,United Kingdom
537400,22449,SILK PURSE BABUSHKA PINK,1,2010-12-06T14:36:00,3.35,17191,United Kingdom
537400,22450,SILK PURSE BABUSHKA BLUE,1,2010-12-06T14:36:00,3.35,17191,United Kingdom
537400,22450,SILK PURSE BABUSHKA BLUE,1,2010-12-06T14:36:00,3.35,17191,United Kingdom
537400,22451,SILK PURSE BABUSHKA RED,1,2010-12-06T14:36:00,3.35,17191,United Kingdom
537400,22451,SILK PURSE BABUSHKA RED,1,2010-12-06T14:36:00,3.35,17191,United Kingdom
537400,22500,SET OF 2 TINS JARDIN DE PROVENCE,2,2010-12-06T14:36:00,4.95,17191,United Kingdom
537400,22500,SET OF 2 TINS JARDIN DE PROVENCE,2,2010-12-06T14:36:00,4.95,17191,United Kingdom
537400,22659,LUNCH BOX I LOVE LONDON,2,2010-12-06T14:36:00,1.95,17191,United Kingdom
537400,22659,LUNCH BOX I LOVE LONDON,2,2010-12-06T14:36:00,1.95,17191,United Kingdom
537400,22665,RECIPE BOX BLUE SKETCHBOOK DESIGN,2,2010-12-06T14:36:00,2.95,17191,United Kingdom
537400,22665,RECIPE BOX BLUE SKETCHBOOK DESIGN,2,2010-12-06T14:36:00,2.95,17191,United Kingdom
537400,22666,RECIPE BOX PANTRY YELLOW DESIGN,2,2010-12-06T14:36:00,2.95,17191,United Kingdom
537400,22666,RECIPE BOX PANTRY YELLOW DESIGN,2,2010-12-06T14:36:00,2.95,17191,United Kingdom
537400,22752,SET 7 BABUSHKA NESTING BOXES,1,2010-12-06T14:36:00,8.5,17191,United Kingdom
537400,22752,SET 7 BABUSHKA NESTING BOXES,1,2010-12-06T14:36:00,8.5,17191,United Kingdom
537400,22756,LARGE YELLOW BABUSHKA NOTEBOOK,2,2010-12-06T14:36:00,1.25,17191,United Kingdom
537400,22756,LARGE YELLOW BABUSHKA NOTEBOOK,2,2010-12-06T14:36:00,1.25,17191,United Kingdom
537400,22757,LARGE RED BABUSHKA NOTEBOOK,2,2010-12-06T14:36:00,1.25,17191,United Kingdom
537400,22757,LARGE RED BABUSHKA NOTEBOOK,2,2010-12-06T14:36:00,1.25,17191,United Kingdom
537400,22758,LARGE PURPLE BABUSHKA NOTEBOOK,2,2010-12-06T14:36:00,1.25,17191,United Kingdom
537400,22758,LARGE PURPLE BABUSHKA NOTEBOOK,2,2010-12-06T14:36:00,1.25,17191,United Kingdom
537400,22771,CLEAR DRAWER KNOB ACRYLIC EDWARDIAN,12,2010-12-06T14:36:00,1.25,17191,United Kingdom
537400,22771,CLEAR DRAWER KNOB ACRYLIC EDWARDIAN,12,2010-12-06T14:36:00,1.25,17191,United Kingdom
537400,22795,SWEETHEART RECIPE BOOK STAND,1,2010-12-06T14:36:00,6.75,17191,United Kingdom
537400,22795,SWEETHEART RECIPE BOOK STAND,1,2010-12-06T14:36:00,6.75,17191,United Kingdom
537400,22804,CANDLEHOLDER PINK HANGING HEART,3,2010-12-06T14:36:00,2.95,17191,United Kingdom
537400,22804,CANDLEHOLDER PINK HANGING HEART,3,2010-12-06T14:36:00,2.95,17191,United Kingdom
537400,22816,CARD MOTORBIKE SANTA,72,2010-12-06T14:36:00,0.36,17191,United Kingdom
537400,22816,CARD MOTORBIKE SANTA,72,2010-12-06T14:36:00,0.36,17191,United Kingdom
537400,22818,CARD CHRISTMAS VILLAGE,24,2010-12-06T14:36:00,0.42,17191,United Kingdom
537400,22818,CARD CHRISTMAS VILLAGE,24,2010-12-06T14:36:00,0.42,17191,United Kingdom
537400,22912,YELLOW COAT RACK PARIS FASHION,9,2010-12-06T14:36:00,4.95,17191,United Kingdom
537400,22912,YELLOW COAT RACK PARIS FASHION,9,2010-12-06T14:36:00,4.95,17191,United Kingdom
537400,22956,36 FOIL HEART CAKE CASES,1,2010-12-06T14:36:00,2.1,17191,United Kingdom
537400,22956,36 FOIL HEART CAKE CASES,1,2010-12-06T14:36:00,2.1,17191,United Kingdom
537400,22963,JAM JAR WITH GREEN LID,12,2010-12-06T14:36:00,0.85,17191,United Kingdom
537400,22963,JAM JAR WITH GREEN LID,12,2010-12-06T14:36:00,0.85,17191,United Kingdom
537400,35961,FOLKART ZINC HEART CHRISTMAS DEC,2,2010-12-06T14:36:00,0.85,17191,United Kingdom
537400,35961,FOLKART ZINC HEART CHRISTMAS DEC,2,2010-12-06T14:36:00,0.85,17191,United Kingdom
537400,46115B,GREEN POP ART MAO CUSHION COVER,6,2010-12-06T14:36:00,0.19,17191,United Kingdom
537400,46115B,GREEN POP ART MAO CUSHION COVER,6,2010-12-06T14:36:00,0.19,17191,United Kingdom
537400,71053,WHITE METAL LANTERN,2,2010-12-06T14:36:00,3.75,17191,United Kingdom
537400,71053,WHITE METAL LANTERN,2,2010-12-06T14:36:00,3.75,17191,United Kingdom
537400,71477,COLOUR GLASS. STAR T-LIGHT HOLDER,4,2010-12-06T14:36:00,3.25,17191,United Kingdom
537400,71477,COLOUR GLASS. STAR T-LIGHT HOLDER,4,2010-12-06T14:36:00,3.25,17191,United Kingdom
537400,79067,CORONA MEXICAN TRAY,5,2010-12-06T14:36:00,3.75,17191,United Kingdom
537400,79067,CORONA MEXICAN TRAY,5,2010-12-06T14:36:00,3.75,17191,United Kingdom
537400,82494L,WOODEN FRAME ANTIQUE WHITE,6,2010-12-06T14:36:00,2.95,17191,United Kingdom
537400,82494L,WOODEN FRAME ANTIQUE WHITE,6,2010-12-06T14:36:00,2.95,17191,United Kingdom
537400,82551,LAUNDRY 15C METAL SIGN,1,2010-12-06T14:36:00,1.45,17191,United Kingdom
537400,82551,LAUNDRY 15C METAL SIGN,1,2010-12-06T14:36:00,1.45,17191,United Kingdom
537400,82552,WASHROOM METAL SIGN,1,2010-12-06T14:36:00,1.45,17191,United Kingdom
537400,82552,WASHROOM METAL SIGN,1,2010-12-06T14:36:00,1.45,17191,United Kingdom
537400,82583,HOT BATHS METAL SIGN,1,2010-12-06T14:36:00,2.1,17191,United Kingdom
537400,82583,HOT BATHS METAL SIGN,1,2010-12-06T14:36:00,2.1,17191,United Kingdom
537400,84406B,CREAM CUPID HEARTS COAT HANGER,8,2010-12-06T14:36:00,3.25,17191,United Kingdom
537400,84406B,CREAM CUPID HEARTS COAT HANGER,8,2010-12-06T14:36:00,3.25,17191,United Kingdom
537400,84819,DANISH ROSE ROUND SEWING BOX,2,2010-12-06T14:36:00,4.25,17191,United Kingdom
537400,84819,DANISH ROSE ROUND SEWING BOX,2,2010-12-06T14:36:00,4.25,17191,United Kingdom
537400,84836,ZINC METAL HEART DECORATION,2,2010-12-06T14:36:00,1.25,17191,United Kingdom
537400,84836,ZINC METAL HEART DECORATION,2,2010-12-06T14:36:00,1.25,17191,United Kingdom
537400,84975,HEART SHAPED MIRROR,3,2010-12-06T14:36:00,1.69,17191,United Kingdom
537400,84975,HEART SHAPED MIRROR,3,2010-12-06T14:36:00,1.69,17191,United Kingdom
537400,85123A,WHITE HANGING HEART T-LIGHT HOLDER,6,2010-12-06T14:36:00,2.95,17191,United Kingdom
537400,85123A,WHITE HANGING HEART T-LIGHT HOLDER,6,2010-12-06T14:36:00,2.95,17191,United Kingdom
537409,21259,VICTORIAN SEWING BOX SMALL,2,2010-12-06T15:00:00,5.95,15194,United Kingdom
537409,21259,VICTORIAN SEWING BOX SMALL,2,2010-12-06T15:00:00,5.95,15194,United Kingdom
537409,21262,WHITE GOOSE FEATHER CHRISTMAS TREE,6,2010-12-06T15:00:00,2.95,15194,United Kingdom
537409,21262,WHITE GOOSE FEATHER CHRISTMAS TREE,6,2010-12-06T15:00:00,2.95,15194,United Kingdom
537409,22050,PINK PAISLEY ROSE GIFT WRAP,25,2010-12-06T15:00:00,0.42,15194,United Kingdom
537409,22050,PINK PAISLEY ROSE GIFT WRAP,25,2010-12-06T15:00:00,0.42,15194,United Kingdom
537409,22114,HOT WATER BOTTLE TEA AND SYMPATHY,12,2010-12-06T15:00:00,3.95,15194,United Kingdom
537409,22114,HOT WATER BOTTLE TEA AND SYMPATHY,12,2010-12-06T15:00:00,3.95,15194,United Kingdom
537409,22147,FELTCRAFT BUTTERFLY HEARTS,12,2010-12-06T15:00:00,1.45,15194,United Kingdom
537409,22147,FELTCRAFT BUTTERFLY HEARTS,12,2010-12-06T15:00:00,1.45,15194,United Kingdom
537409,22150,3 STRIPEY MICE FELTCRAFT,12,2010-12-06T15:00:00,1.95,15194,United Kingdom
537409,22150,3 STRIPEY MICE FELTCRAFT,12,2010-12-06T15:00:00,1.95,15194,United Kingdom
537409,22155,STAR DECORATION RUSTIC,48,2010-12-06T15:00:00,0.42,15194,United Kingdom
537409,22155,STAR DECORATION RUSTIC,48,2010-12-06T15:00:00,0.42,15194,United Kingdom
537409,22156,HEART DECORATION WITH PEARLS,24,2010-12-06T15:00:00,0.85,15194,United Kingdom
537409,22156,HEART DECORATION WITH PEARLS,24,2010-12-06T15:00:00,0.85,15194,United Kingdom
537409,22219,LOVEBIRD HANGING DECORATION WHITE,12,2010-12-06T15:00:00,0.85,15194,United Kingdom
537409,22219,LOVEBIRD HANGING DECORATION WHITE,12,2010-12-06T15:00:00,0.85,15194,United Kingdom
537409,22423,REGENCY CAKESTAND 3 TIER,4,2010-12-06T15:00:00,12.75,15194,United Kingdom
537409,22423,REGENCY CAKESTAND 3 TIER,4,2010-12-06T15:00:00,12.75,15194,United Kingdom
537409,22865,HAND WARMER OWL DESIGN,24,2010-12-06T15:00:00,2.1,15194,United Kingdom
537409,22865,HAND WARMER OWL DESIGN,24,2010-12-06T15:00:00,2.1,15194,United Kingdom
537409,22866,HAND WARMER SCOTTY DOG DESIGN,12,2010-12-06T15:00:00,2.1,15194,United Kingdom
537409,22866,HAND WARMER SCOTTY DOG DESIGN,12,2010-12-06T15:00:00,2.1,15194,United Kingdom
537409,22867,HAND WARMER BIRD DESIGN,12,2010-12-06T15:00:00,2.1,15194,United Kingdom
537409,22867,HAND WARMER BIRD DESIGN,12,2010-12-06T15:00:00,2.1,15194,United Kingdom
537409,72802C,VANILLA SCENT CANDLE JEWELLED BOX,6,2010-12-06T15:00:00,4.25,15194,United Kingdom
537409,72802C,VANILLA SCENT CANDLE JEWELLED BOX,6,2010-12-06T15:00:00,4.25,15194,United Kingdom
537409,84970S,HANGING HEART ZINC T-LIGHT HOLDER,12,2010-12-06T15:00:00,0.85,15194,United Kingdom
537409,84970S,HANGING HEART ZINC T-LIGHT HOLDER,12,2010-12-06T15:00:00,0.85,15194,United Kingdom
537409,85062,PEARL CRYSTAL PUMPKIN T-LIGHT HLDR,24,2010-12-06T15:00:00,1.65,15194,United Kingdom
537409,85062,PEARL CRYSTAL PUMPKIN T-LIGHT HLDR,24,2010-12-06T15:00:00,1.65,15194,United Kingdom
537421,21547,CERAMIC BIRDHOUSE CRESTED TIT SMALL,2,2010-12-06T15:25:00,2.95,17218,United Kingdom
537421,21547,CERAMIC BIRDHOUSE CRESTED TIT SMALL,2,2010-12-06T15:25:00,2.95,17218,United Kingdom
537421,21890,S/6 WOODEN SKITTLES IN COTTON BAG,3,2010-12-06T15:25:00,2.95,17218,United Kingdom
537421,21890,S/6 WOODEN SKITTLES IN COTTON BAG,3,2010-12-06T15:25:00,2.95,17218,United Kingdom
537421,22076,6 RIBBONS EMPIRE,2,2010-12-06T15:25:00,1.65,17218,United Kingdom
537421,22076,6 RIBBONS EMPIRE,2,2010-12-06T15:25:00,1.65,17218,United Kingdom
537421,22111,SCOTTIE DOG HOT WATER BOTTLE,1,2010-12-06T15:25:00,4.95,17218,United Kingdom
537421,22111,SCOTTIE DOG HOT WATER BOTTLE,1,2010-12-06T15:25:00,4.95,17218,United Kingdom
537421,22130,PARTY CONE CHRISTMAS DECORATION,12,2010-12-06T15:25:00,0.85,17218,United Kingdom
537421,22130,PARTY CONE CHRISTMAS DECORATION,12,2010-12-06T15:25:00,0.85,17218,United Kingdom
537421,22150,3 STRIPEY MICE FELTCRAFT,1,2010-12-06T15:25:00,1.95,17218,United Kingdom
537421,22150,3 STRIPEY MICE FELTCRAFT,1,2010-12-06T15:25:00,1.95,17218,United Kingdom
537421,22186,RED STAR CARD HOLDER,2,2010-12-06T15:25:00,2.95,17218,United Kingdom
537421,22186,RED STAR CARD HOLDER,2,2010-12-06T15:25:00,2.95,17218,United Kingdom
537421,22187,GREEN CHRISTMAS TREE CARD HOLDER,1,2010-12-06T15:25:00,4.25,17218,United Kingdom
537421,22187,GREEN CHRISTMAS TREE CARD HOLDER,1,2010-12-06T15:25:00,4.25,17218,United Kingdom
537421,22423,REGENCY CAKESTAND 3 TIER,1,2010-12-06T15:25:00,12.75,17218,United Kingdom
537421,22423,REGENCY CAKESTAND 3 TIER,1,2010-12-06T15:25:00,12.75,17218,United Kingdom
537421,22430,ENAMEL WATERING CAN CREAM,2,2010-12-06T15:25:00,4.95,17218,United Kingdom
537421,22430,ENAMEL WATERING CAN CREAM,2,2010-12-06T15:25:00,4.95,17218,United Kingdom
537421,22431,WATERING CAN BLUE ELEPHANT,2,2010-12-06T15:25:00,1.95,17218,United Kingdom
537421,22431,WATERING CAN BLUE ELEPHANT,2,2010-12-06T15:25:00,1.95,17218,United Kingdom
537421,22529,MAGIC DRAWING SLATE GO TO THE FAIR,2,2010-12-06T15:25:00,0.42,17218,United Kingdom
537421,22529,MAGIC DRAWING SLATE GO TO THE FAIR,2,2010-12-06T15:25:00,0.42,17218,United Kingdom
537421,22530,MAGIC DRAWING SLATE DOLLY GIRL,2,2010-12-06T15:25:00,0.42,17218,United Kingdom
537421,22530,MAGIC DRAWING SLATE DOLLY GIRL,2,2010-12-06T15:25:00,0.42,17218,United Kingdom
537421,22532,MAGIC DRAWING SLATE LEAP FROG,2,2010-12-06T15:25:00,0.42,17218,United Kingdom
537421,22532,MAGIC DRAWING SLATE LEAP FROG,2,2010-12-06T15:25:00,0.42,17218,United Kingdom
537421,22533,MAGIC DRAWING SLATE BAKE A CAKE,2,2010-12-06T15:25:00,0.42,17218,United Kingdom
537421,22533,MAGIC DRAWING SLATE BAKE A CAKE,2,2010-12-06T15:25:00,0.42,17218,United Kingdom
537421,22534,MAGIC DRAWING SLATE SPACEBOY,2,2010-12-06T15:25:00,0.42,17218,United Kingdom
537421,22534,MAGIC DRAWING SLATE SPACEBOY,2,2010-12-06T15:25:00,0.42,17218,United Kingdom
537421,22535,MAGIC DRAWING SLATE BUNNIES,2,2010-12-06T15:25:00,0.42,17218,United Kingdom
537421,22535,MAGIC DRAWING SLATE BUNNIES,2,2010-12-06T15:25:00,0.42,17218,United Kingdom
537421,22536,MAGIC DRAWING SLATE PURDEY,2,2010-12-06T15:25:00,0.42,17218,United Kingdom
537421,22536,MAGIC DRAWING SLATE PURDEY,2,2010-12-06T15:25:00,0.42,17218,United Kingdom
537421,22537,MAGIC DRAWING SLATE DINOSAUR,2,2010-12-06T15:25:00,0.42,17218,United Kingdom
537421,22537,MAGIC DRAWING SLATE DINOSAUR,2,2010-12-06T15:25:00,0.42,17218,United Kingdom
537421,22555,PLASTERS IN TIN STRONGMAN,3,2010-12-06T15:25:00,1.65,17218,United Kingdom
537421,22555,PLASTERS IN TIN STRONGMAN,3,2010-12-06T15:25:00,1.65,17218,United Kingdom
537421,22556,PLASTERS IN TIN CIRCUS PARADE,3,2010-12-06T15:25:00,1.65,17218,United Kingdom
537421,22556,PLASTERS IN TIN CIRCUS PARADE,3,2010-12-06T15:25:00,1.65,17218,United Kingdom
537421,22568,FELTCRAFT CUSHION OWL,1,2010-12-06T15:25:00,3.75,17218,United Kingdom
537421,22568,FELTCRAFT CUSHION OWL,1,2010-12-06T15:25:00,3.75,17218,United Kingdom
537421,22568,FELTCRAFT CUSHION OWL,1,2010-12-06T15:25:00,3.75,17218,United Kingdom
537421,22568,FELTCRAFT CUSHION OWL,1,2010-12-06T15:25:00,3.75,17218,United Kingdom
537421,22569,FELTCRAFT CUSHION BUTTERFLY,2,2010-12-06T15:25:00,3.75,17218,United Kingdom
537421,22569,FELTCRAFT CUSHION BUTTERFLY,2,2010-12-06T15:25:00,3.75,17218,United Kingdom
537421,22570,FELTCRAFT CUSHION RABBIT,2,2010-12-06T15:25:00,3.75,17218,United Kingdom
537421,22570,FELTCRAFT CUSHION RABBIT,2,2010-12-06T15:25:00,3.75,17218,United Kingdom
537421,22571,ROCKING HORSE RED CHRISTMAS,3,2010-12-06T15:25:00,0.85,17218,United Kingdom
537421,22571,ROCKING HORSE RED CHRISTMAS,3,2010-12-06T15:25:00,0.85,17218,United Kingdom
537421,22572,ROCKING HORSE GREEN CHRISTMAS,1,2010-12-06T15:25:00,0.85,17218,United Kingdom
537421,22572,ROCKING HORSE GREEN CHRISTMAS,1,2010-12-06T15:25:00,0.85,17218,United Kingdom
537421,22573,STAR WOODEN CHRISTMAS DECORATION,5,2010-12-06T15:25:00,0.85,17218,United Kingdom
537421,22573,STAR WOODEN CHRISTMAS DECORATION,5,2010-12-06T15:25:00,0.85,17218,United Kingdom
537421,22576,SWALLOW WOODEN CHRISTMAS DECORATION,5,2010-12-06T15:25:00,0.85,17218,United Kingdom
537421,22576,SWALLOW WOODEN CHRISTMAS DECORATION,5,2010-12-06T15:25:00,0.85,17218,United Kingdom
537421,22581,WOOD STOCKING CHRISTMAS SCANDISPOT,5,2010-12-06T15:25:00,0.85,17218,United Kingdom
537421,22581,WOOD STOCKING CHRISTMAS SCANDISPOT,5,2010-12-06T15:25:00,0.85,17218,United Kingdom
537421,22585,PACK OF 6 BIRDY GIFT TAGS,1,2010-12-06T15:25:00,1.25,17218,United Kingdom
537421,22585,PACK OF 6 BIRDY GIFT TAGS,1,2010-12-06T15:25:00,1.25,17218,United Kingdom
537421,22585,PACK OF 6 BIRDY GIFT TAGS,1,2010-12-06T15:25:00,1.25,17218,United Kingdom
537421,22585,PACK OF 6 BIRDY GIFT TAGS,1,2010-12-06T15:25:00,1.25,17218,United Kingdom
537421,22585,PACK OF 6 BIRDY GIFT TAGS,4,2010-12-06T15:25:00,1.25,17218,United Kingdom
537421,22585,PACK OF 6 BIRDY GIFT TAGS,4,2010-12-06T15:25:00,1.25,17218,United Kingdom
537421,22694,WICKER STAR,2,2010-12-06T15:25:00,2.1,17218,United Kingdom
537421,22694,WICKER STAR,2,2010-12-06T15:25:00,2.1,17218,United Kingdom
537421,22726,ALARM CLOCK BAKELIKE GREEN,2,2010-12-06T15:25:00,3.75,17218,United Kingdom
537421,22726,ALARM CLOCK BAKELIKE GREEN,2,2010-12-06T15:25:00,3.75,17218,United Kingdom
537421,22727,ALARM CLOCK BAKELIKE RED,2,2010-12-06T15:25:00,3.75,17218,United Kingdom
537421,22727,ALARM CLOCK BAKELIKE RED,2,2010-12-06T15:25:00,3.75,17218,United Kingdom
537421,22728,ALARM CLOCK BAKELIKE PINK,1,2010-12-06T15:25:00,3.75,17218,United Kingdom
537421,22728,ALARM CLOCK BAKELIKE PINK,1,2010-12-06T15:25:00,3.75,17218,United Kingdom
537421,22729,ALARM CLOCK BAKELIKE ORANGE,1,2010-12-06T15:25:00,3.75,17218,United Kingdom
537421,22729,ALARM CLOCK BAKELIKE ORANGE,1,2010-12-06T15:25:00,3.75,17218,United Kingdom
537421,22752,SET 7 BABUSHKA NESTING BOXES,5,2010-12-06T15:25:00,8.5,17218,United Kingdom
537421,22752,SET 7 BABUSHKA NESTING BOXES,5,2010-12-06T15:25:00,8.5,17218,United Kingdom
537421,22810,SET OF 6 T-LIGHTS SNOWMEN,2,2010-12-06T15:25:00,2.95,17218,United Kingdom
537421,22810,SET OF 6 T-LIGHTS SNOWMEN,2,2010-12-06T15:25:00,2.95,17218,United Kingdom
537421,22812,PACK 3 BOXES CHRISTMAS PANNETONE,4,2010-12-06T15:25:00,1.95,17218,United Kingdom
537421,22812,PACK 3 BOXES CHRISTMAS PANNETONE,4,2010-12-06T15:25:00,1.95,17218,United Kingdom
537421,22865,HAND WARMER OWL DESIGN,2,2010-12-06T15:25:00,2.1,17218,United Kingdom
537421,22865,HAND WARMER OWL DESIGN,2,2010-12-06T15:25:00,2.1,17218,United Kingdom
537421,22866,HAND WARMER SCOTTY DOG DESIGN,2,2010-12-06T15:25:00,2.1,17218,United Kingdom
537421,22866,HAND WARMER SCOTTY DOG DESIGN,2,2010-12-06T15:25:00,2.1,17218,United Kingdom
537421,22867,HAND WARMER BIRD DESIGN,2,2010-12-06T15:25:00,2.1,17218,United Kingdom
537421,22867,HAND WARMER BIRD DESIGN,2,2010-12-06T15:25:00,2.1,17218,United Kingdom
537421,22909,SET OF 20 VINTAGE CHRISTMAS NAPKINS,4,2010-12-06T15:25:00,0.85,17218,United Kingdom
537421,22909,SET OF 20 VINTAGE CHRISTMAS NAPKINS,4,2010-12-06T15:25:00,0.85,17218,United Kingdom
537421,22910,PAPER CHAIN KIT VINTAGE CHRISTMAS,3,2010-12-06T15:25:00,2.95,17218,United Kingdom
537421,22910,PAPER CHAIN KIT VINTAGE CHRISTMAS,3,2010-12-06T15:25:00,2.95,17218,United Kingdom
537421,22940,FELTCRAFT CHRISTMAS FAIRY,3,2010-12-06T15:25:00,4.25,17218,United Kingdom
537421,22940,FELTCRAFT CHRISTMAS FAIRY,3,2010-12-06T15:25:00,4.25,17218,United Kingdom
537421,22943,CHRISTMAS LIGHTS 10 VINTAGE BAUBLES,2,2010-12-06T15:25:00,4.95,17218,United Kingdom
537421,22943,CHRISTMAS LIGHTS 10 VINTAGE BAUBLES,2,2010-12-06T15:25:00,4.95,17218,United Kingdom
537421,84879,ASSORTED COLOUR BIRD ORNAMENT,8,2010-12-06T15:25:00,1.69,17218,United Kingdom
537421,84879,ASSORTED COLOUR BIRD ORNAMENT,8,2010-12-06T15:25:00,1.69,17218,United Kingdom
537421,84944,SET OF 6 KASHMIR FOLKART BAUBLES,3,2010-12-06T15:25:00,4.25,17218,United Kingdom
537421,84944,SET OF 6 KASHMIR FOLKART BAUBLES,3,2010-12-06T15:25:00,4.25,17218,United Kingdom
537421,85049A,TRADITIONAL CHRISTMAS RIBBONS,1,2010-12-06T15:25:00,1.25,17218,United Kingdom
537421,85049A,TRADITIONAL CHRISTMAS RIBBONS,1,2010-12-06T15:25:00,1.25,17218,United Kingdom
537452,20941,,-24,2010-12-07T09:28:00,0,,United Kingdom
537452,20941,,-24,2010-12-07T09:28:00,0,,United Kingdom
537598,18097C,WHITE TALL PORCELAIN T-LIGHT HOLDER,6,2010-12-07T12:37:00,2.55,14135,United Kingdom
537598,18097C,WHITE TALL PORCELAIN T-LIGHT HOLDER,6,2010-12-07T12:37:00,2.55,14135,United Kingdom
537598,22111,SCOTTIE DOG HOT WATER BOTTLE,6,2010-12-07T12:37:00,4.95,14135,United Kingdom
537598,22111,SCOTTIE DOG HOT WATER BOTTLE,6,2010-12-07T12:37:00,4.95,14135,United Kingdom
537598,22112,CHOCOLATE HOT WATER BOTTLE,6,2010-12-07T12:37:00,4.95,14135,United Kingdom
537598,22112,CHOCOLATE HOT WATER BOTTLE,6,2010-12-07T12:37:00,4.95,14135,United Kingdom
537598,22114,HOT WATER BOTTLE TEA AND SYMPATHY,8,2010-12-07T12:37:00,3.95,14135,United Kingdom
537598,22114,HOT WATER BOTTLE TEA AND SYMPATHY,8,2010-12-07T12:37:00,3.95,14135,United Kingdom
537598,22179,SET 10 LIGHTS NIGHT OWL,4,2010-12-07T12:37:00,6.75,14135,United Kingdom
537598,22179,SET 10 LIGHTS NIGHT OWL,4,2010-12-07T12:37:00,6.75,14135,United Kingdom
537598,22468,BABUSHKA LIGHTS STRING OF 10,4,2010-12-07T12:37:00,6.75,14135,United Kingdom
537598,22468,BABUSHKA LIGHTS STRING OF 10,4,2010-12-07T12:37:00,6.75,14135,United Kingdom
537598,22632,HAND WARMER RED RETROSPOT,12,2010-12-07T12:37:00,2.1,14135,United Kingdom
537598,22632,HAND WARMER RED RETROSPOT,12,2010-12-07T12:37:00,2.1,14135,United Kingdom
537598,22725,ALARM CLOCK BAKELIKE CHOCOLATE,4,2010-12-07T12:37:00,3.75,14135,United Kingdom
537598,22725,ALARM CLOCK BAKELIKE CHOCOLATE,4,2010-12-07T12:37:00,3.75,14135,United Kingdom
537598,22727,ALARM CLOCK BAKELIKE RED,4,2010-12-07T12:37:00,3.75,14135,United Kingdom
537598,22727,ALARM CLOCK BAKELIKE RED,4,2010-12-07T12:37:00,3.75,14135,United Kingdom
537598,22730,ALARM CLOCK BAKELIKE IVORY,4,2010-12-07T12:37:00,3.75,14135,United Kingdom
537598,22730,ALARM CLOCK BAKELIKE IVORY,4,2010-12-07T12:37:00,3.75,14135,United Kingdom
537598,22835,HOT WATER BOTTLE I AM SO POORLY,8,2010-12-07T12:37:00,4.65,14135,United Kingdom
537598,22835,HOT WATER BOTTLE I AM SO POORLY,8,2010-12-07T12:37:00,4.65,14135,United Kingdom
537598,22837,HOT WATER BOTTLE BABUSHKA,4,2010-12-07T12:37:00,4.65,14135,United Kingdom
537598,22837,HOT WATER BOTTLE BABUSHKA,4,2010-12-07T12:37:00,4.65,14135,United Kingdom
537598,22904,CALENDAR PAPER CUT DESIGN,6,2010-12-07T12:37:00,2.95,14135,United Kingdom
537598,22904,CALENDAR PAPER CUT DESIGN,6,2010-12-07T12:37:00,2.95,14135,United Kingdom
537598,84029E,RED WOOLLY HOTTIE WHITE HEART.,4,2010-12-07T12:37:00,3.75,14135,United Kingdom
537598,84029E,RED WOOLLY HOTTIE WHITE HEART.,4,2010-12-07T12:37:00,3.75,14135,United Kingdom
537772,16235,RECYCLED PENCIL WITH RABBIT ERASER,3,2010-12-08T12:35:00,0.21,18043,United Kingdom
537772,16235,RECYCLED PENCIL WITH RABBIT ERASER,3,2010-12-08T12:35:00,0.21,18043,United Kingdom
537772,20676,RED RETROSPOT BOWL,6,2010-12-08T12:35:00,1.25,18043,United Kingdom
537772,20676,RED RETROSPOT BOWL,6,2010-12-08T12:35:00,1.25,18043,United Kingdom
537772,21034,REX CASH+CARRY JUMBO SHOPPER,1,2010-12-08T12:35:00,0.95,18043,United Kingdom
537772,21034,REX CASH+CARRY JUMBO SHOPPER,1,2010-12-08T12:35:00,0.95,18043,United Kingdom
537772,21034,REX CASH+CARRY JUMBO SHOPPER,2,2010-12-08T12:35:00,0.95,18043,United Kingdom
537772,21034,REX CASH+CARRY JUMBO SHOPPER,2,2010-12-08T12:35:00,0.95,18043,United Kingdom
537772,21080,SET/20 RED RETROSPOT PAPER NAPKINS,2,2010-12-08T12:35:00,0.85,18043,United Kingdom
537772,21080,SET/20 RED RETROSPOT PAPER NAPKINS,2,2010-12-08T12:35:00,0.85,18043,United Kingdom
537772,21212,PACK OF 72 RETROSPOT CAKE CASES,2,2010-12-08T12:35:00,0.55,18043,United Kingdom
537772,21212,PACK OF 72 RETROSPOT CAKE CASES,2,2010-12-08T12:35:00,0.55,18043,United Kingdom
537772,21242,RED RETROSPOT PLATE,6,2010-12-08T12:35:00,1.69,18043,United Kingdom
537772,21242,RED RETROSPOT PLATE,6,2010-12-08T12:35:00,1.69,18043,United Kingdom
537772,21467,CHERRY CROCHET FOOD COVER,1,2010-12-08T12:35:00,3.75,18043,United Kingdom
537772,21467,CHERRY CROCHET FOOD COVER,1,2010-12-08T12:35:00,3.75,18043,United Kingdom
537772,21471,STRAWBERRY RAFFIA FOOD COVER,1,2010-12-08T12:35:00,3.75,18043,United Kingdom
537772,21471,STRAWBERRY RAFFIA FOOD COVER,1,2010-12-08T12:35:00,3.75,18043,United Kingdom
537772,21472,LADYBIRD + BEE RAFFIA FOOD COVER,1,2010-12-08T12:35:00,3.75,18043,United Kingdom
537772,21472,LADYBIRD + BEE RAFFIA FOOD COVER,1,2010-12-08T12:35:00,3.75,18043,United Kingdom
537772,21479,WHITE SKULL HOT WATER BOTTLE,1,2010-12-08T12:35:00,3.75,18043,United Kingdom
537772,21479,WHITE SKULL HOT WATER BOTTLE,1,2010-12-08T12:35:00,3.75,18043,United Kingdom
537772,21481,FAWN BLUE HOT WATER BOTTLE,1,2010-12-08T12:35:00,2.95,18043,United Kingdom
537772,21481,FAWN BLUE HOT WATER BOTTLE,1,2010-12-08T12:35:00,2.95,18043,United Kingdom
537772,21484,CHICK GREY HOT WATER BOTTLE,1,2010-12-08T12:35:00,3.45,18043,United Kingdom
537772,21484,CHICK GREY HOT WATER BOTTLE,1,2010-12-08T12:35:00,3.45,18043,United Kingdom
537772,21877,HOME SWEET HOME MUG,1,2010-12-08T12:35:00,1.25,18043,United Kingdom
537772,21877,HOME SWEET HOME MUG,1,2010-12-08T12:35:00,1.25,18043,United Kingdom
537772,21888,BINGO SET,1,2010-12-08T12:35:00,3.75,18043,United Kingdom
537772,21888,BINGO SET,1,2010-12-08T12:35:00,3.75,18043,United Kingdom
537772,21967,PACK OF 12 SKULL TISSUES,12,2010-12-08T12:35:00,0.29,18043,United Kingdom
537772,21967,PACK OF 12 SKULL TISSUES,12,2010-12-08T12:35:00,0.29,18043,United Kingdom
537772,21981,PACK OF 12 WOODLAND TISSUES,12,2010-12-08T12:35:00,0.29,18043,United Kingdom
537772,21981,PACK OF 12 WOODLAND TISSUES,12,2010-12-08T12:35:00,0.29,18043,United Kingdom
537772,22037,ROBOT BIRTHDAY CARD,12,2010-12-08T12:35:00,0.42,18043,United Kingdom
537772,22037,ROBOT BIRTHDAY CARD,12,2010-12-08T12:35:00,0.42,18043,United Kingdom
537772,22079,RIBBON REEL HEARTS DESIGN,5,2010-12-08T12:35:00,1.65,18043,United Kingdom
537772,22079,RIBBON REEL HEARTS DESIGN,5,2010-12-08T12:35:00,1.65,18043,United Kingdom
537772,22080,RIBBON REEL POLKADOTS,5,2010-12-08T12:35:00,1.65,18043,United Kingdom
537772,22080,RIBBON REEL POLKADOTS,5,2010-12-08T12:35:00,1.65,18043,United Kingdom
537772,22080,RIBBON REEL POLKADOTS,5,2010-12-08T12:35:00,1.65,18043,United Kingdom
537772,22080,RIBBON REEL POLKADOTS,5,2010-12-08T12:35:00,1.65,18043,United Kingdom
537772,22082,RIBBON REEL STRIPES DESIGN,5,2010-12-08T12:35:00,1.65,18043,United Kingdom
537772,22082,RIBBON REEL STRIPES DESIGN,5,2010-12-08T12:35:00,1.65,18043,United Kingdom
537772,22082,RIBBON REEL STRIPES DESIGN,5,2010-12-08T12:35:00,1.65,18043,United Kingdom
537772,22082,RIBBON REEL STRIPES DESIGN,5,2010-12-08T12:35:00,1.65,18043,United Kingdom
537772,22086,PAPER CHAIN KIT 50'S CHRISTMAS,1,2010-12-08T12:35:00,2.95,18043,United Kingdom
537772,22086,PAPER CHAIN KIT 50'S CHRISTMAS,1,2010-12-08T12:35:00,2.95,18043,United Kingdom
537772,22091,EMPIRE TISSUE BOX,1,2010-12-08T12:35:00,1.25,18043,United Kingdom
537772,22091,EMPIRE TISSUE BOX,1,2010-12-08T12:35:00,1.25,18043,United Kingdom
537772,22092,BLUE PAISLEY TISSUE BOX,1,2010-12-08T12:35:00,1.25,18043,United Kingdom
537772,22092,BLUE PAISLEY TISSUE BOX,1,2010-12-08T12:35:00,1.25,18043,United Kingdom
537772,22094,RED RETROSPOT TISSUE BOX,1,2010-12-08T12:35:00,1.25,18043,United Kingdom
537772,22094,RED RETROSPOT TISSUE BOX,1,2010-12-08T12:35:00,1.25,18043,United Kingdom
537772,22111,SCOTTIE DOG HOT WATER BOTTLE,1,2010-12-08T12:35:00,4.95,18043,United Kingdom
537772,22111,SCOTTIE DOG HOT WATER BOTTLE,1,2010-12-08T12:35:00,4.95,18043,United Kingdom
537772,22114,HOT WATER BOTTLE TEA AND SYMPATHY,1,2010-12-08T12:35:00,3.95,18043,United Kingdom
537772,22114,HOT WATER BOTTLE TEA AND SYMPATHY,1,2010-12-08T12:35:00,3.95,18043,United Kingdom
537772,22180,RETROSPOT LAMP,1,2010-12-08T12:35:00,9.95,18043,United Kingdom
537772,22180,RETROSPOT LAMP,1,2010-12-08T12:35:00,9.95,18043,United Kingdom
537772,22193,RED DINER WALL CLOCK,1,2010-12-08T12:35:00,8.5,18043,United Kingdom
537772,22193,RED DINER WALL CLOCK,1,2010-12-08T12:35:00,8.5,18043,United Kingdom
537772,22276,WASH BAG VINTAGE ROSE PAISLEY,1,2010-12-08T12:35:00,2.55,18043,United Kingdom
537772,22276,WASH BAG VINTAGE ROSE PAISLEY,1,2010-12-08T12:35:00,2.55,18043,United Kingdom
537772,22326,ROUND SNACK BOXES SET OF4 WOODLAND,1,2010-12-08T12:35:00,2.95,18043,United Kingdom
537772,22326,ROUND SNACK BOXES SET OF4 WOODLAND,1,2010-12-08T12:35:00,2.95,18043,United Kingdom
537772,22328,ROUND SNACK BOXES SET OF 4 FRUITS,1,2010-12-08T12:35:00,2.95,18043,United Kingdom
537772,22328,ROUND SNACK BOXES SET OF 4 FRUITS,1,2010-12-08T12:35:00,2.95,18043,United Kingdom
537772,22371,AIRLINE BAG VINTAGE TOKYO 78,1,2010-12-08T12:35:00,4.25,18043,United Kingdom
537772,22371,AIRLINE BAG VINTAGE TOKYO 78,1,2010-12-08T12:35:00,4.25,18043,United Kingdom
537772,22371,AIRLINE BAG VINTAGE TOKYO 78,1,2010-12-08T12:35:00,4.25,18043,United Kingdom
537772,22371,AIRLINE BAG VINTAGE TOKYO 78,1,2010-12-08T12:35:00,4.25,18043,United Kingdom
537772,22443,GROW YOUR OWN HERBS SET OF 3,1,2010-12-08T12:35:00,7.95,18043,United Kingdom
537772,22443,GROW YOUR OWN HERBS SET OF 3,1,2010-12-08T12:35:00,7.95,18043,United Kingdom
537772,22502,PICNIC BASKET WICKER SMALL,1,2010-12-08T12:35:00,5.95,18043,United Kingdom
537772,22502,PICNIC BASKET WICKER SMALL,1,2010-12-08T12:35:00,5.95,18043,United Kingdom
537772,22551,PLASTERS IN TIN SPACEBOY,1,2010-12-08T12:35:00,1.65,18043,United Kingdom
537772,22551,PLASTERS IN TIN SPACEBOY,1,2010-12-08T12:35:00,1.65,18043,United Kingdom
537772,22560,TRADITIONAL MODELLING CLAY,3,2010-12-08T12:35:00,1.25,18043,United Kingdom
537772,22560,TRADITIONAL MODELLING CLAY,3,2010-12-08T12:35:00,1.25,18043,United Kingdom
537772,22607,WOODEN ROUNDERS GARDEN SET,1,2010-12-08T12:35:00,9.95,18043,United Kingdom
537772,22607,WOODEN ROUNDERS GARDEN SET,1,2010-12-08T12:35:00,9.95,18043,United Kingdom
537772,22629,SPACEBOY LUNCH BOX,1,2010-12-08T12:35:00,1.95,18043,United Kingdom
537772,22629,SPACEBOY LUNCH BOX,1,2010-12-08T12:35:00,1.95,18043,United Kingdom
537772,22629,SPACEBOY LUNCH BOX,2,2010-12-08T12:35:00,1.95,18043,United Kingdom
537772,22629,SPACEBOY LUNCH BOX,2,2010-12-08T12:35:00,1.95,18043,United Kingdom
537772,22636,CHILDS BREAKFAST SET CIRCUS PARADE,2,2010-12-08T12:35:00,8.5,18043,United Kingdom
537772,22636,CHILDS BREAKFAST SET CIRCUS PARADE,2,2010-12-08T12:35:00,8.5,18043,United Kingdom
537772,22654,DELUXE SEWING KIT,1,2010-12-08T12:35:00,5.95,18043,United Kingdom
537772,22654,DELUXE SEWING KIT,1,2010-12-08T12:35:00,5.95,18043,United Kingdom
537772,22659,LUNCH BOX I LOVE LONDON,4,2010-12-08T12:35:00,1.95,18043,United Kingdom
537772,22659,LUNCH BOX I LOVE LONDON,4,2010-12-08T12:35:00,1.95,18043,United Kingdom
537772,22659,LUNCH BOX I LOVE LONDON,4,2010-12-08T12:35:00,1.95,18043,United Kingdom
537772,22659,LUNCH BOX I LOVE LONDON,4,2010-12-08T12:35:00,1.95,18043,United Kingdom
537772,22738,RIBBON REEL SNOWY VILLAGE,5,2010-12-08T12:35:00,1.65,18043,United Kingdom
537772,22738,RIBBON REEL SNOWY VILLAGE,5,2010-12-08T12:35:00,1.65,18043,United Kingdom
537772,22749,FELTCRAFT PRINCESS CHARLOTTE DOLL,1,2010-12-08T12:35:00,3.75,18043,United Kingdom
537772,22749,FELTCRAFT PRINCESS CHARLOTTE DOLL,1,2010-12-08T12:35:00,3.75,18043,United Kingdom
537772,22750,FELTCRAFT PRINCESS LOLA DOLL,1,2010-12-08T12:35:00,3.75,18043,United Kingdom
537772,22750,FELTCRAFT PRINCESS LOLA DOLL,1,2010-12-08T12:35:00,3.75,18043,United Kingdom
537772,22813,PACK 3 BOXES BIRD PANNETONE,1,2010-12-08T12:35:00,1.95,18043,United Kingdom
537772,22813,PACK 3 BOXES BIRD PANNETONE,1,2010-12-08T12:35:00,1.95,18043,United Kingdom
537772,22867,HAND WARMER BIRD DESIGN,2,2010-12-08T12:35:00,2.1,18043,United Kingdom
537772,22867,HAND WARMER BIRD DESIGN,2,2010-12-08T12:35:00,2.1,18043,United Kingdom
537772,22867,HAND WARMER BIRD DESIGN,5,2010-12-08T12:35:00,2.1,18043,United Kingdom
537772,22867,HAND WARMER BIRD DESIGN,5,2010-12-08T12:35:00,2.1,18043,United Kingdom
537772,22898,CHILDRENS APRON APPLES DESIGN,2,2010-12-08T12:35:00,1.95,18043,United Kingdom
537772,22898,CHILDRENS APRON APPLES DESIGN,2,2010-12-08T12:35:00,1.95,18043,United Kingdom
537772,22900,SET 2 TEA TOWELS I LOVE LONDON,2,2010-12-08T12:35:00,2.95,18043,United Kingdom
537772,22900,SET 2 TEA TOWELS I LOVE LONDON,2,2010-12-08T12:35:00,2.95,18043,United Kingdom
537772,22902,TOTE BAG I LOVE LONDON,2,2010-12-08T12:35:00,2.1,18043,United Kingdom
537772,22902,TOTE BAG I LOVE LONDON,2,2010-12-08T12:35:00,2.1,18043,United Kingdom
537772,22908,PACK OF 20 NAPKINS RED APPLES,2,2010-12-08T12:35:00,0.85,18043,United Kingdom
537772,22908,PACK OF 20 NAPKINS RED APPLES,2,2010-12-08T12:35:00,0.85,18043,United Kingdom
537772,22940,FELTCRAFT CHRISTMAS FAIRY,1,2010-12-08T12:35:00,4.25,18043,United Kingdom
537772,22940,FELTCRAFT CHRISTMAS FAIRY,1,2010-12-08T12:35:00,4.25,18043,United Kingdom
537772,22951,60 CAKE CASES DOLLY GIRL DESIGN,1,2010-12-08T12:35:00,0.55,18043,United Kingdom
537772,22951,60 CAKE CASES DOLLY GIRL DESIGN,1,2010-12-08T12:35:00,0.55,18043,United Kingdom
537772,22983,CARD BILLBOARD FONT,12,2010-12-08T12:35:00,0.42,18043,United Kingdom
537772,22983,CARD BILLBOARD FONT,12,2010-12-08T12:35:00,0.42,18043,United Kingdom
537772,84613C,BLUE NEW BAROQUE FLOCK CANDLESTICK,1,2010-12-08T12:35:00,4.65,18043,United Kingdom
537772,84613C,BLUE NEW BAROQUE FLOCK CANDLESTICK,1,2010-12-08T12:35:00,4.65,18043,United Kingdom
537772,84828,JUNGLE POPSICLES ICE LOLLY HOLDERS,1,2010-12-08T12:35:00,1.25,18043,United Kingdom
537772,84828,JUNGLE POPSICLES ICE LOLLY HOLDERS,1,2010-12-08T12:35:00,1.25,18043,United Kingdom
537772,84910A,PINK PAISLEY CUSHION COVER,2,2010-12-08T12:35:00,5.95,18043,United Kingdom
537772,84910A,PINK PAISLEY CUSHION COVER,2,2010-12-08T12:35:00,5.95,18043,United Kingdom
537772,84912A,PINK ROSE WASHBAG,1,2010-12-08T12:35:00,3.75,18043,United Kingdom
537772,84912A,PINK ROSE WASHBAG,1,2010-12-08T12:35:00,3.75,18043,United Kingdom
537772,84947,ANTIQUE SILVER TEA GLASS ENGRAVED,4,2010-12-08T12:35:00,1.25,18043,United Kingdom
537772,84947,ANTIQUE SILVER TEA GLASS ENGRAVED,4,2010-12-08T12:35:00,1.25,18043,United Kingdom
537772,85183B,CHARLIE & LOLA WASTEPAPER BIN FLORA,1,2010-12-08T12:35:00,3.75,18043,United Kingdom
537772,85183B,CHARLIE & LOLA WASTEPAPER BIN FLORA,1,2010-12-08T12:35:00,3.75,18043,United Kingdom
537827,22145,CHRISTMAS CRAFT HEART STOCKING,30,2010-12-08T14:43:00,2.1,15332,Lithuania
537827,22145,CHRISTMAS CRAFT HEART STOCKING,30,2010-12-08T14:43:00,2.1,15332,Lithuania
538116,20713,JUMBO BAG OWLS,20,2010-12-09T15:32:00,1.95,13327,United Kingdom
538116,20713,JUMBO BAG OWLS,20,2010-12-09T15:32:00,1.95,13327,United Kingdom
538116,21181,PLEASE ONE PERSON METAL SIGN,12,2010-12-09T15:32:00,2.1,13327,United Kingdom
538116,21181,PLEASE ONE PERSON METAL SIGN,12,2010-12-09T15:32:00,2.1,13327,United Kingdom
538116,21931,JUMBO STORAGE BAG SUKI,20,2010-12-09T15:32:00,1.95,13327,United Kingdom
538116,21931,JUMBO STORAGE BAG SUKI,20,2010-12-09T15:32:00,1.95,13327,United Kingdom
538116,22086,PAPER CHAIN KIT 50'S CHRISTMAS,12,2010-12-09T15:32:00,2.95,13327,United Kingdom
538116,22086,PAPER CHAIN KIT 50'S CHRISTMAS,12,2010-12-09T15:32:00,2.95,13327,United Kingdom
538116,22111,SCOTTIE DOG HOT WATER BOTTLE,12,2010-12-09T15:32:00,4.95,13327,United Kingdom
538116,22111,SCOTTIE DOG HOT WATER BOTTLE,12,2010-12-09T15:32:00,4.95,13327,United Kingdom
538116,22112,CHOCOLATE HOT WATER BOTTLE,12,2010-12-09T15:32:00,4.95,13327,United Kingdom
538116,22112,CHOCOLATE HOT WATER BOTTLE,12,2010-12-09T15:32:00,4.95,13327,United Kingdom
538116,22197,SMALL POPCORN HOLDER,12,2010-12-09T15:32:00,0.85,13327,United Kingdom
538116,22197,SMALL POPCORN HOLDER,12,2010-12-09T15:32:00,0.85,13327,United Kingdom
538116,22198,LARGE POPCORN HOLDER,12,2010-12-09T15:32:00,1.65,13327,United Kingdom
538116,22198,LARGE POPCORN HOLDER,12,2010-12-09T15:32:00,1.65,13327,United Kingdom
538116,22779,WOODEN OWLS LIGHT GARLAND,16,2010-12-09T15:32:00,4.25,13327,United Kingdom
538116,22779,WOODEN OWLS LIGHT GARLAND,16,2010-12-09T15:32:00,4.25,13327,United Kingdom
538116,22780,LIGHT GARLAND BUTTERFILES PINK,16,2010-12-09T15:32:00,4.25,13327,United Kingdom
538116,22780,LIGHT GARLAND BUTTERFILES PINK,16,2010-12-09T15:32:00,4.25,13327,United Kingdom
538116,22834,HAND WARMER BABUSHKA DESIGN,24,2010-12-09T15:32:00,2.1,13327,United Kingdom
538116,22834,HAND WARMER BABUSHKA DESIGN,24,2010-12-09T15:32:00,2.1,13327,United Kingdom
538116,22910,PAPER CHAIN KIT VINTAGE CHRISTMAS,12,2010-12-09T15:32:00,2.95,13327,United Kingdom
538116,22910,PAPER CHAIN KIT VINTAGE CHRISTMAS,12,2010-12-09T15:32:00,2.95,13327,United Kingdom
538116,79321,CHILLI LIGHTS,12,2010-12-09T15:32:00,4.95,13327,United Kingdom
538116,79321,CHILLI LIGHTS,12,2010-12-09T15:32:00,4.95,13327,United Kingdom
538116,82583,HOT BATHS METAL SIGN,12,2010-12-09T15:32:00,2.1,13327,United Kingdom
538116,82583,HOT BATHS METAL SIGN,12,2010-12-09T15:32:00,2.1,13327,United Kingdom
538116,82600,NO SINGING METAL SIGN,12,2010-12-09T15:32:00,2.1,13327,United Kingdom
538116,82600,NO SINGING METAL SIGN,12,2010-12-09T15:32:00,2.1,13327,United Kingdom
538116,85048,15CM CHRISTMAS GLASS BALL 20 LIGHTS,2,2010-12-09T15:32:00,7.95,13327,United Kingdom
538116,85048,15CM CHRISTMAS GLASS BALL 20 LIGHTS,2,2010-12-09T15:32:00,7.95,13327,United Kingdom
538116,85099B,JUMBO BAG RED RETROSPOT,10,2010-12-09T15:32:00,1.95,13327,United Kingdom
538116,85099B,JUMBO BAG RED RETROSPOT,10,2010-12-09T15:32:00,1.95,13327,United Kingdom
538116,85150,LADIES & GENTLEMEN METAL SIGN,12,2010-12-09T15:32:00,2.55,13327,United Kingdom
538116,85150,LADIES & GENTLEMEN METAL SIGN,12,2010-12-09T15:32:00,2.55,13327,United Kingdom
538629,21034,REX CASH+CARRY JUMBO SHOPPER,2,2010-12-13T13:10:00,0.95,17799,United Kingdom
538629,21615,4 LAVENDER BOTANICAL DINNER CANDLES,2,2010-12-13T13:10:00,3.75,17799,United Kingdom
538629,21617,4 LILY  BOTANICAL DINNER CANDLES,2,2010-12-13T13:10:00,3.75,17799,United Kingdom
538629,21619,4 VANILLA BOTANICAL CANDLES,3,2010-12-13T13:10:00,3.75,17799,United Kingdom
538629,21818,GLITTER CHRISTMAS HEART,1,2010-12-13T13:10:00,0.85,17799,United Kingdom
538629,21818,GLITTER CHRISTMAS HEART,5,2010-12-13T13:10:00,0.85,17799,United Kingdom
538629,21819,GLITTER CHRISTMAS STAR,1,2010-12-13T13:10:00,0.85,17799,United Kingdom
538629,21819,GLITTER CHRISTMAS STAR,3,2010-12-13T13:10:00,0.85,17799,United Kingdom
538629,21826,EIGHT PIECE DINOSAUR SET,8,2010-12-13T13:10:00,1.25,17799,United Kingdom
538629,21830,ASSORTED CREEPY CRAWLIES,24,2010-12-13T13:10:00,0.42,17799,United Kingdom
538629,21892,TRADITIONAL WOODEN CATCH CUP GAME,6,2010-12-13T13:10:00,1.25,17799,United Kingdom
538629,22130,PARTY CONE CHRISTMAS DECORATION,6,2010-12-13T13:10:00,0.85,17799,United Kingdom
538629,22144,CHRISTMAS CRAFT LITTLE FRIENDS,3,2010-12-13T13:10:00,2.1,17799,United Kingdom
538629,22157,ANGEL DECORATION WITH LACE PADDED,7,2010-12-13T13:10:00,0.85,17799,United Kingdom
538629,22602,CHRISTMAS RETROSPOT HEART WOOD,6,2010-12-13T13:10:00,0.85,17799,United Kingdom
538629,22619,SET OF 6 SOLDIER SKITTLES,1,2010-12-13T13:10:00,3.75,17799,United Kingdom
538629,22619,SET OF 6 SOLDIER SKITTLES,5,2010-12-13T13:10:00,3.75,17799,United Kingdom
538629,22639,SET OF 4 NAPKIN CHARMS HEARTS,2,2010-12-13T13:10:00,2.55,17799,United Kingdom
538629,22646,CERAMIC STRAWBERRY CAKE MONEY BANK,3,2010-12-13T13:10:00,1.45,17799,United Kingdom
538629,22745,POPPY'S PLAYHOUSE BEDROOM,2,2010-12-13T13:10:00,2.1,17799,United Kingdom
538629,22746,POPPY'S PLAYHOUSE LIVINGROOM,2,2010-12-13T13:10:00,2.1,17799,United Kingdom
538629,22748,POPPY'S PLAYHOUSE KITCHEN,3,2010-12-13T13:10:00,2.1,17799,United Kingdom
538629,22750,FELTCRAFT PRINCESS LOLA DOLL,3,2010-12-13T13:10:00,3.75,17799,United Kingdom
538629,22751,FELTCRAFT PRINCESS OLIVIA DOLL,3,2010-12-13T13:10:00,3.75,17799,United Kingdom
538629,22834,HAND WARMER BABUSHKA DESIGN,4,2010-12-13T13:10:00,2.1,17799,United Kingdom
538629,22930,BAKING MOULD HEART MILK CHOCOLATE,3,2010-12-13T13:10:00,2.55,17799,United Kingdom
538629,22933,BAKING MOULD EASTER EGG MILK CHOC,1,2010-12-13T13:10:00,2.95,17799,United Kingdom
538629,22934,BAKING MOULD EASTER EGG WHITE CHOC,2,2010-12-13T13:10:00,2.95,17799,United Kingdom
538629,22935,BAKING MOULD ROSE MILK CHOCOLATE,2,2010-12-13T13:10:00,3.25,17799,United Kingdom
538629,22940,FELTCRAFT CHRISTMAS FAIRY,2,2010-12-13T13:10:00,4.25,17799,United Kingdom
538629,22955,36 FOIL STAR CAKE CASES,3,2010-12-13T13:10:00,2.1,17799,United Kingdom
538629,22956,36 FOIL HEART CAKE CASES,4,2010-12-13T13:10:00,2.1,17799,United Kingdom
538629,72741,GRAND CHOCOLATECANDLE,9,2010-12-13T13:10:00,1.45,17799,United Kingdom
538671,18098C,PORCELAIN BUTTERFLY OIL BURNER,48,2010-12-13T16:38:00,2.55,15777,United Kingdom
538671,21892,TRADITIONAL WOODEN CATCH CUP GAME,12,2010-12-13T16:38:00,1.25,15777,United Kingdom
538671,22111,SCOTTIE DOG HOT WATER BOTTLE,9,2010-12-13T16:38:00,4.95,15777,United Kingdom
538671,22180,RETROSPOT LAMP,12,2010-12-13T16:38:00,8.5,15777,United Kingdom
538671,85123A,WHITE HANGING HEART T-LIGHT HOLDER,32,2010-12-13T16:38:00,2.55,15777,United Kingdom
538832,21494,ROTATING LEAVES T-LIGHT HOLDER,12,2010-12-14T13:03:00,1.25,17158,United Kingdom
538832,21523,DOORMAT FANCY FONT HOME SWEET HOME,2,2010-12-14T13:03:00,7.95,17158,United Kingdom
538832,21524,DOORMAT SPOTTY HOME SWEET HOME,2,2010-12-14T13:03:00,7.95,17158,United Kingdom
538832,21621,VINTAGE UNION JACK BUNTING,2,2010-12-14T13:03:00,8.5,17158,United Kingdom
538832,21668,RED STRIPE CERAMIC DRAWER KNOB,12,2010-12-14T13:03:00,1.25,17158,United Kingdom
538832,21669,BLUE STRIPE CERAMIC DRAWER KNOB,12,2010-12-14T13:03:00,1.25,17158,United Kingdom
538832,21670,BLUE SPOT CERAMIC DRAWER KNOB,12,2010-12-14T13:03:00,1.25,17158,United Kingdom
538832,21671,RED SPOT CERAMIC DRAWER KNOB,12,2010-12-14T13:03:00,1.25,17158,United Kingdom
538832,21733,RED HANGING HEART T-LIGHT HOLDER,6,2010-12-14T13:03:00,2.95,17158,United Kingdom
538832,21871,SAVE THE PLANET MUG,12,2010-12-14T13:03:00,1.25,17158,United Kingdom
538832,21875,KINGS CHOICE MUG,12,2010-12-14T13:03:00,1.25,17158,United Kingdom
538832,21877,HOME SWEET HOME MUG,12,2010-12-14T13:03:00,1.25,17158,United Kingdom
538832,22585,PACK OF 6 BIRDY GIFT TAGS,12,2010-12-14T13:03:00,1.25,17158,United Kingdom
538832,22654,DELUXE SEWING KIT,3,2010-12-14T13:03:00,5.95,17158,United Kingdom
538832,22692,DOORMAT WELCOME TO OUR HOME,2,2010-12-14T13:03:00,7.95,17158,United Kingdom
538832,22771,CLEAR DRAWER KNOB ACRYLIC EDWARDIAN,24,2010-12-14T13:03:00,1.25,17158,United Kingdom
538832,22773,GREEN DRAWER KNOB ACRYLIC EDWARDIAN,12,2010-12-14T13:03:00,1.25,17158,United Kingdom
538832,22805,BLUE DRAWER KNOB ACRYLIC EDWARDIAN,12,2010-12-14T13:03:00,1.25,17158,United Kingdom
538832,48187,DOORMAT NEW ENGLAND,2,2010-12-14T13:03:00,7.95,17158,United Kingdom
538832,84879,ASSORTED COLOUR BIRD ORNAMENT,16,2010-12-14T13:03:00,1.69,17158,United Kingdom
538832,84945,MULTI COLOUR SILVER T-LIGHT HOLDER,12,2010-12-14T13:03:00,0.85,17158,United Kingdom
538832,84946,ANTIQUE SILVER TEA GLASS ETCHED,24,2010-12-14T13:03:00,1.25,17158,United Kingdom
538832,84949,SILVER HANGING T-LIGHT HOLDER,6,2010-12-14T13:03:00,1.65,17158,United Kingdom
538832,84950,ASSORTED COLOUR T-LIGHT HOLDER,12,2010-12-14T13:03:00,0.65,17158,United Kingdom
538832,85123A,WHITE HANGING HEART T-LIGHT HOLDER,6,2010-12-14T13:03:00,2.95,17158,United Kingdom
538836,20751,FUNKY WASHING UP GLOVES ASSORTED,1,2010-12-14T13:09:00,2.1,12748,United Kingdom
538836,20931,BLUE POT PLANT CANDLE,1,2010-12-14T13:09:00,3.75,12748,United Kingdom
538836,21159,MOODY BOY  DOOR HANGER,1,2010-12-14T13:09:00,1.45,12748,United Kingdom
538836,21162,TOXIC AREA  DOOR HANGER,1,2010-12-14T13:09:00,1.45,12748,United Kingdom
538836,21360,JOY LARGE WOOD LETTERS,1,2010-12-14T13:09:00,9.95,12748,United Kingdom
538836,21644,ASSORTED TUTTI FRUTTI HEART BOX,2,2010-12-14T13:09:00,1.25,12748,United Kingdom
538836,21843,RED RETROSPOT CAKE STAND,1,2010-12-14T13:09:00,10.95,12748,United Kingdom
538836,22112,CHOCOLATE HOT WATER BOTTLE,1,2010-12-14T13:09:00,4.95,12748,United Kingdom
538836,22141,CHRISTMAS CRAFT TREE TOP ANGEL,80,2010-12-14T13:09:00,1.85,12748,United Kingdom
538836,22197,SMALL POPCORN HOLDER,6,2010-12-14T13:09:00,0.85,12748,United Kingdom
538836,22318,FIVE HEART HANGING DECORATION,1,2010-12-14T13:09:00,2.95,12748,United Kingdom
538836,22470,HEART OF WICKER LARGE,1,2010-12-14T13:09:00,2.95,12748,United Kingdom
538836,22483,RED GINGHAM TEDDY BEAR,1,2010-12-14T13:09:00,2.95,12748,United Kingdom
538836,22941,CHRISTMAS LIGHTS 10 REINDEER,1,2010-12-14T13:09:00,8.5,12748,United Kingdom
538836,35965,FOLKART HEART NAPKIN RINGS,1,2010-12-14T13:09:00,2.95,12748,United Kingdom
538836,79403,FROSTED WHITE BASE,1,2010-12-14T13:09:00,0.85,12748,United Kingdom
538836,84580,MOUSE TOY WITH PINK T-SHIRT,1,2010-12-14T13:09:00,3.75,12748,United Kingdom
538836,84879,ASSORTED COLOUR BIRD ORNAMENT,4,2010-12-14T13:09:00,1.69,12748,United Kingdom
538836,84997C,BLUE 3 PIECE POLKADOT CUTLERY SET,1,2010-12-14T13:09:00,3.75,12748,United Kingdom
538836,85038,6 CHOCOLATE LOVE HEART T-LIGHTS,1,2010-12-14T13:09:00,2.1,12748,United Kingdom
538836,85038,6 CHOCOLATE LOVE HEART T-LIGHTS,2,2010-12-14T13:09:00,2.1,12748,United Kingdom
538836,85104,SILVER GLASS T-LIGHT SET,1,2010-12-14T13:09:00,2.95,12748,United Kingdom
538865,21258,VICTORIAN SEWING BOX LARGE,1,2010-12-14T14:37:00,12.75,13238,United Kingdom
538865,22411,JUMBO SHOPPER VINTAGE RED PAISLEY,10,2010-12-14T14:37:00,1.95,13238,United Kingdom
538865,22796,PHOTO FRAME 3 CLASSIC HANGING,2,2010-12-14T14:37:00,9.95,13238,United Kingdom
538865,85099B,JUMBO BAG RED RETROSPOT,10,2010-12-14T14:37:00,1.95,13238,United Kingdom
538865,85099C,JUMBO  BAG BAROQUE BLACK WHITE,10,2010-12-14T14:37:00,1.95,13238,United Kingdom
538881,18098c,PORCELAIN BUTTERFLY OIL BURNER,3,2010-12-14T15:54:00,5.06,,United Kingdom
538881,20615,BLUE POLKADOT PASSPORT COVER,1,2010-12-14T15:54:00,4.21,,United Kingdom
538881,21035,SET/2 RED RETROSPOT TEA TOWELS,1,2010-12-14T15:54:00,5.91,,United Kingdom
538881,21041,RED RETROSPOT OVEN GLOVE DOUBLE,1,2010-12-14T15:54:00,5.91,,United Kingdom
538881,21121,SET/10 RED POLKADOT PARTY CANDLES,1,2010-12-14T15:54:00,2.51,,United Kingdom
538881,21124,SET/10 BLUE POLKADOT PARTY CANDLES,1,2010-12-14T15:54:00,2.51,,United Kingdom
538881,21154,RED RETROSPOT OVEN GLOVE,2,2010-12-14T15:54:00,3.36,,United Kingdom
538881,21165,BEWARE OF THE CAT METAL SIGN,1,2010-12-14T15:54:00,4.21,,United Kingdom
538881,21169,YOU'RE CONFUSING ME METAL SIGN,1,2010-12-14T15:54:00,4.21,,United Kingdom
538881,21181,PLEASE ONE PERSON METAL SIGN,1,2010-12-14T15:54:00,4.21,,United Kingdom
538881,21257,VICTORIAN SEWING BOX MEDIUM,3,2010-12-14T15:54:00,16.13,,United Kingdom
538881,21494,ROTATING LEAVES T-LIGHT HOLDER,2,2010-12-14T15:54:00,5.91,,United Kingdom
538881,21658,GLASS  BEURRE DISH,1,2010-12-14T15:54:00,8.47,,United Kingdom
538881,21724,PANDA AND BUNNIES STICKER SHEET,1,2010-12-14T15:54:00,1.66,,United Kingdom
538881,21832,CHOCOLATE CALCULATOR,1,2010-12-14T15:54:00,3.36,,United Kingdom
538881,21868,POTTING SHED TEA MUG,1,2010-12-14T15:54:00,3.36,,United Kingdom
538881,21874,GIN AND TONIC MUG,1,2010-12-14T15:54:00,3.36,,United Kingdom
538881,21888,BINGO SET,1,2010-12-14T15:54:00,7.62,,United Kingdom
538881,21935,SUKI  SHOULDER BAG,2,2010-12-14T15:54:00,4.21,,United Kingdom
538881,22141,CHRISTMAS CRAFT TREE TOP ANGEL,1,2010-12-14T15:54:00,4.21,,United Kingdom
538881,22166,WALL MIRROR RECTANGLE DIAMANTE PINK,1,2010-12-14T15:54:00,16.13,,United Kingdom
538881,22167,OVAL WALL MIRROR DIAMANTE,1,2010-12-14T15:54:00,20.38,,United Kingdom
538881,22179,SET 10 LIGHTS NIGHT OWL,2,2010-12-14T15:54:00,13.57,,United Kingdom
538881,22207,FRYING PAN UNION FLAG,2,2010-12-14T15:54:00,8.47,,United Kingdom
538881,22208,WOOD STAMP SET THANK YOU,1,2010-12-14T15:54:00,3.36,,United Kingdom
538881,22365,DOORMAT RESPECTABLE HOUSE,1,2010-12-14T15:54:00,14.43,,United Kingdom
538881,22476,EMPIRE UNION JACK TV DINNER TRAY,1,2010-12-14T15:54:00,11.02,,United Kingdom
538881,22619,SET OF 6 SOLDIER SKITTLES,6,2010-12-14T15:54:00,7.62,,United Kingdom
538881,22620,4 TRADITIONAL SPINNING TOPS,1,2010-12-14T15:54:00,2.51,,United Kingdom
538881,22632,HAND WARMER RED RETROSPOT,1,2010-12-14T15:54:00,4.21,,United Kingdom
538881,22778,GLASS CLOCHE SMALL,1,2010-12-14T15:54:00,8.47,,United Kingdom
538881,22891,TEA FOR ONE POLKADOT,1,2010-12-14T15:54:00,8.47,,United Kingdom
538881,22960,JAM MAKING SET WITH JARS,2,2010-12-14T15:54:00,8.47,,United Kingdom
538881,48111,DOORMAT 3 SMILEY CATS,1,2010-12-14T15:54:00,14.43,,United Kingdom
538881,72349b,SET/6 PURPLE BUTTERFLY T-LIGHTS,2,2010-12-14T15:54:00,4.21,,United Kingdom
538881,72741,GRAND CHOCOLATECANDLE,3,2010-12-14T15:54:00,2.82,,United Kingdom
538881,79067,CORONA MEXICAN TRAY,3,2010-12-14T15:54:00,7.62,,United Kingdom
538881,82580,BATHROOM METAL SIGN,1,2010-12-14T15:54:00,1.28,,United Kingdom
538881,82583,HOT BATHS METAL SIGN,1,2010-12-14T15:54:00,4.21,,United Kingdom
538881,82599,FANNY'S REST STOPMETAL SIGN,1,2010-12-14T15:54:00,4.21,,United Kingdom
538881,84347,ROTATING SILVER ANGELS T-LIGHT HLDR,10,2010-12-14T15:54:00,5.91,,United Kingdom
538881,84558a,3D DOG PICTURE PLAYING CARDS,1,2010-12-14T15:54:00,5.91,,United Kingdom
538881,84559a,3D SHEET OF DOG STICKERS,1,2010-12-14T15:54:00,1.69,,United Kingdom
538881,84559b,3D SHEET OF CAT STICKERS,1,2010-12-14T15:54:00,1.69,,United Kingdom
538881,84970l,SINGLE HEART ZINC T-LIGHT HOLDER,1,2010-12-14T15:54:00,2.13,,United Kingdom
538881,85048,15CM CHRISTMAS GLASS BALL 20 LIGHTS,1,2010-12-14T15:54:00,16.98,,United Kingdom
538881,85099B,JUMBO BAG RED RETROSPOT,4,2010-12-14T15:54:00,4.21,,United Kingdom
538881,DOT,DOTCOM POSTAGE,1,2010-12-14T15:54:00,198.17,,United Kingdom
539480,22091,EMPIRE TISSUE BOX,1,2010-12-19T15:23:00,1.25,,United Kingdom
539480,22627,MINT KITCHEN SCALES,1,2010-12-19T15:23:00,8.5,,United Kingdom
539480,22900,SET 2 TEA TOWELS I LOVE LONDON,1,2010-12-19T15:23:00,2.95,,United Kingdom
539480,22925,BLUE GIANT GARDEN THERMOMETER,1,2010-12-19T15:23:00,5.95,,United Kingdom
539723,21187,WHITE BELL HONEYCOMB PAPER GARLAND,10,2010-12-21T13:49:00,1.65,14737,United Kingdom
539723,21260,FIRST AID TIN,10,2010-12-21T13:49:00,3.25,14737,United Kingdom
539723,21621,VINTAGE UNION JACK BUNTING,10,2010-12-21T13:49:00,8.5,14737,United Kingdom
539723,22083,PAPER CHAIN KIT RETROSPOT,20,2010-12-21T13:49:00,2.95,14737,United Kingdom
539723,22086,PAPER CHAIN KIT 50'S CHRISTMAS,10,2010-12-21T13:49:00,2.95,14737,United Kingdom
539723,22090,PAPER BUNTING RETROSPOT,20,2010-12-21T13:49:00,2.95,14737,United Kingdom
539723,22910,PAPER CHAIN KIT VINTAGE CHRISTMAS,50,2010-12-21T13:49:00,2.55,14737,United Kingdom
539723,85049A,TRADITIONAL CHRISTMAS RIBBONS,20,2010-12-21T13:49:00,1.25,14737,United Kingdom
539747,20970,PINK FLORAL FELTCRAFT SHOULDER BAG,1,2010-12-21T15:23:00,7.62,,United Kingdom
539747,21035,SET/2 RED RETROSPOT TEA TOWELS,1,2010-12-21T15:23:00,5.91,,United Kingdom
539747,21916,SET 12 RETRO WHITE CHALK STICKS,1,2010-12-21T15:23:00,0.81,,United Kingdom
539747,21928,JUMBO BAG SCANDINAVIAN PAISLEY,1,2010-12-21T15:23:00,5.06,,United Kingdom
539747,22196,SMALL HEART MEASURING SPOONS,1,2010-12-21T15:23:00,1.66,,United Kingdom
539747,22371,AIRLINE BAG VINTAGE TOKYO 78,1,2010-12-21T15:23:00,8.47,,United Kingdom
539747,22752,SET 7 BABUSHKA NESTING BOXES,1,2010-12-21T15:23:00,16.98,,United Kingdom
539747,72741,GRAND CHOCOLATECANDLE,3,2010-12-21T15:23:00,2.82,,United Kingdom
539747,84534b,FAIRY CAKE NOTEBOOK A5 SIZE,1,2010-12-21T15:23:00,1.66,,United Kingdom
539747,84969,BOX OF 6 ASSORTED COLOUR TEASPOONS,3,2010-12-21T15:23:00,8.47,,United Kingdom
539747,85099B,JUMBO BAG RED RETROSPOT,1,2010-12-21T15:23:00,4.21,,United Kingdom
539747,DOT,DOTCOM POSTAGE,1,2010-12-21T15:23:00,50.64,,United Kingdom
540354,20828,GLITTER BUTTERFLY CLIPS,6,2011-01-06T14:58:00,2.55,13576,United Kingdom
540354,20829,GLITTER HANGING BUTTERFLY STRING,8,2011-01-06T14:58:00,2.1,13576,United Kingdom
540354,20971,PINK BLUE FELT CRAFT TRINKET BOX,12,2011-01-06T14:58:00,1.25,13576,United Kingdom
540354,21065,BOOM BOX SPEAKER GIRLS,24,2011-01-06T14:58:00,1.25,13576,United Kingdom
540354,21137,BLACK RECORD COVER FRAME,48,2011-01-06T14:58:00,3.39,13576,United Kingdom
540354,21231,SWEETHEART CERAMIC TRINKET BOX,12,2011-01-06T14:58:00,1.25,13576,United Kingdom
540354,21755,LOVE BUILDING BLOCK WORD,6,2011-01-06T14:58:00,5.95,13576,United Kingdom
540354,22041,"RECORD FRAME 7"" SINGLE SIZE",48,2011-01-06T14:58:00,2.1,13576,United Kingdom
540354,22473,TV DINNER TRAY VINTAGE PAISLEY,8,2011-01-06T14:58:00,1.95,13576,United Kingdom
540354,82001S,VINYL RECORD FRAME SILVER,24,2011-01-06T14:58:00,3.39,13576,United Kingdom
540354,82580,BATHROOM METAL SIGN,12,2011-01-06T14:58:00,0.55,13576,United Kingdom
540354,84813,SET OF 4 DIAMOND NAPKIN RINGS,8,2011-01-06T14:58:00,3.95,13576,United Kingdom
540354,85036B,CHOCOLATE 1 WICK MORRIS BOX CANDLE,12,2011-01-06T14:58:00,1.25,13576,United Kingdom
540354,85036C,ROSE 1 WICK MORRIS BOXED CANDLE,12,2011-01-06T14:58:00,1.85,13576,United Kingdom
540354,85180A,RED HEARTS LIGHT CHAIN,24,2011-01-06T14:58:00,1.25,13576,United Kingdom
540354,90057,DIAMANTE RING ASSORTED IN BOX.,24,2011-01-06T14:58:00,1.25,13576,United Kingdom
540493,21174,POTTERING IN THE SHED METAL SIGN,12,2011-01-07T16:34:00,1.95,14867,United Kingdom
540493,21922,UNION STRIPE WITH FRINGE  HAMMOCK,2,2011-01-07T16:34:00,7.95,14867,United Kingdom
540493,22173,METAL 4 HOOK HANGER FRENCH CHATEAU,8,2011-01-07T16:34:00,2.95,14867,United Kingdom
540493,22283,6 EGG HOUSE PAINTED WOOD,4,2011-01-07T16:34:00,7.95,14867,United Kingdom
540493,71053,WHITE METAL LANTERN,4,2011-01-07T16:34:00,3.75,14867,United Kingdom
540493,72760B,VINTAGE CREAM 3 BASKET CAKE STAND,2,2011-01-07T16:34:00,9.95,14867,United Kingdom
540493,82483,WOOD 2 DRAWER CABINET WHITE FINISH,4,2011-01-07T16:34:00,5.95,14867,United Kingdom
540493,82486,WOOD S/3 CABINET ANT WHITE FINISH,2,2011-01-07T16:34:00,7.95,14867,United Kingdom
540493,84789,ENCHANTED BIRD PLANT CAGE,4,2011-01-07T16:34:00,3.75,14867,United Kingdom
540493,84879,ASSORTED COLOUR BIRD ORNAMENT,24,2011-01-07T16:34:00,1.69,14867,United Kingdom
540493,85059,FRENCH ENAMEL WATER BASIN,8,2011-01-07T16:34:00,1.25,14867,United Kingdom
540493,85066,CREAM SWEETHEART MINI CHEST,2,2011-01-07T16:34:00,12.75,14867,United Kingdom
540493,85150,LADIES & GENTLEMEN METAL SIGN,6,2011-01-07T16:34:00,2.55,14867,United Kingdom
540493,85180B,PINK HEARTS LIGHT CHAIN,12,2011-01-07T16:34:00,1.25,14867,United Kingdom
540493,85199S,SMALL HANGING IVORY/RED WOOD BIRD,24,2011-01-07T16:34:00,0.42,14867,United Kingdom
540992,18098C,PORCELAIN BUTTERFLY OIL BURNER,3,2011-01-12T16:57:00,2.95,17364,United Kingdom
540992,21058,PARTY INVITES WOODLAND,1,2011-01-12T16:57:00,0.85,17364,United Kingdom
540992,21058,PARTY INVITES WOODLAND,6,2011-01-12T16:57:00,0.85,17364,United Kingdom
540992,21062,PARTY INVITES SPACEMAN,4,2011-01-12T16:57:00,0.85,17364,United Kingdom
540992,21063,PARTY INVITES JAZZ HEARTS,3,2011-01-12T16:57:00,0.85,17364,United Kingdom
540992,21212,PACK OF 72 RETROSPOT CAKE CASES,4,2011-01-12T16:57:00,0.55,17364,United Kingdom
540992,21217,RED RETROSPOT ROUND CAKE TINS,1,2011-01-12T16:57:00,9.95,17364,United Kingdom
540992,21326,AGED GLASS SILVER T-LIGHT HOLDER,12,2011-01-12T16:57:00,0.65,17364,United Kingdom
540992,21327,SKULLS WRITING SET,3,2011-01-12T16:57:00,1.65,17364,United Kingdom
540992,21328,BALLOONS  WRITING SET,3,2011-01-12T16:57:00,1.65,17364,United Kingdom
540992,21329,DINOSAURS  WRITING SET,3,2011-01-12T16:57:00,1.65,17364,United Kingdom
540992,21508,VINTAGE KID DOLLY CARD,12,2011-01-12T16:57:00,0.42,17364,United Kingdom
540992,21561,DINOSAUR LUNCH BOX WITH CUTLERY,6,2011-01-12T16:57:00,2.55,17364,United Kingdom
540992,21912,VINTAGE SNAKES & LADDERS,2,2011-01-12T16:57:00,3.75,17364,United Kingdom
540992,22077,6 RIBBONS RUSTIC CHARM,4,2011-01-12T16:57:00,1.65,17364,United Kingdom
540992,22078,RIBBON REEL LACE DESIGN,5,2011-01-12T16:57:00,2.1,17364,United Kingdom
540992,22078,RIBBON REEL LACE DESIGN,5,2011-01-12T16:57:00,2.1,17364,United Kingdom
540992,22169,FAMILY ALBUM WHITE PICTURE FRAME,1,2011-01-12T16:57:00,8.5,17364,United Kingdom
540992,22170,PICTURE FRAME WOOD TRIPLE PORTRAIT,4,2011-01-12T16:57:00,6.75,17364,United Kingdom
540992,22423,REGENCY CAKESTAND 3 TIER,2,2011-01-12T16:57:00,12.75,17364,United Kingdom
540992,22437,SET OF 9 BLACK SKULL BALLOONS,20,2011-01-12T16:57:00,0.85,17364,United Kingdom
540992,22440,BALLOON WATER BOMB PACK OF 35,20,2011-01-12T16:57:00,0.42,17364,United Kingdom
540992,22492,MINI PAINT SET VINTAGE,36,2011-01-12T16:57:00,0.65,17364,United Kingdom
540992,22613,PACK OF 20 SPACEBOY NAPKINS,3,2011-01-12T16:57:00,0.85,17364,United Kingdom
540992,22693,GROW A FLYTRAP OR SUNFLOWER IN TIN,24,2011-01-12T16:57:00,1.25,17364,United Kingdom
540992,22697,GREEN REGENCY TEACUP AND SAUCER,1,2011-01-12T16:57:00,2.95,17364,United Kingdom
540992,22697,GREEN REGENCY TEACUP AND SAUCER,1,2011-01-12T16:57:00,2.95,17364,United Kingdom
540992,22699,ROSES REGENCY TEACUP AND SAUCER,1,2011-01-12T16:57:00,2.95,17364,United Kingdom
540992,22699,ROSES REGENCY TEACUP AND SAUCER,1,2011-01-12T16:57:00,2.95,17364,United Kingdom
540992,22716,CARD CIRCUS PARADE,12,2011-01-12T16:57:00,0.42,17364,United Kingdom
540992,22766,PHOTO FRAME CORNICE,4,2011-01-12T16:57:00,2.95,17364,United Kingdom
540992,22796,PHOTO FRAME 3 CLASSIC HANGING,2,2011-01-12T16:57:00,9.95,17364,United Kingdom
540992,22907,PACK OF 20 NAPKINS PANTRY DESIGN,1,2011-01-12T16:57:00,0.85,17364,United Kingdom
540992,22907,PACK OF 20 NAPKINS PANTRY DESIGN,5,2011-01-12T16:57:00,0.85,17364,United Kingdom
540992,22955,36 FOIL STAR CAKE CASES,1,2011-01-12T16:57:00,2.1,17364,United Kingdom
540992,22956,36 FOIL HEART CAKE CASES,2,2011-01-12T16:57:00,2.1,17364,United Kingdom
540992,22964,3 PIECE SPACEBOY COOKIE CUTTER SET,3,2011-01-12T16:57:00,2.1,17364,United Kingdom
540992,22983,CARD BILLBOARD FONT,12,2011-01-12T16:57:00,0.42,17364,United Kingdom
540992,48194,DOORMAT HEARTS,1,2011-01-12T16:57:00,7.95,17364,United Kingdom
540992,51008,AFGHAN SLIPPER SOCK PAIR,10,2011-01-12T16:57:00,3.45,17364,United Kingdom
540992,84375,SET OF 20 KIDS COOKIE CUTTERS,3,2011-01-12T16:57:00,2.1,17364,United Kingdom
540992,84378,SET OF 3 HEART COOKIE CUTTERS,4,2011-01-12T16:57:00,1.25,17364,United Kingdom
540992,84380,SET OF 3 BUTTERFLY COOKIE CUTTERS,3,2011-01-12T16:57:00,1.25,17364,United Kingdom
540992,84558A,3D DOG PICTURE PLAYING CARDS,5,2011-01-12T16:57:00,2.95,17364,United Kingdom
540992,84559A,3D SHEET OF DOG STICKERS,18,2011-01-12T16:57:00,0.85,17364,United Kingdom
540992,84947,ANTIQUE SILVER TEA GLASS ENGRAVED,6,2011-01-12T16:57:00,1.25,17364,United Kingdom
540992,84949,SILVER HANGING T-LIGHT HOLDER,6,2011-01-12T16:57:00,1.65,17364,United Kingdom
540992,84992,72 SWEETHEART FAIRY CAKE CASES,6,2011-01-12T16:57:00,0.55,17364,United Kingdom
540992,84993B,75 BLACK PETIT FOUR CASES,8,2011-01-12T16:57:00,0.42,17364,United Kingdom
541021,16161P,WRAP ENGLISH ROSE,25,2011-01-13T12:03:00,0.42,13093,United Kingdom
541021,20726,LUNCH BAG WOODLAND,10,2011-01-13T12:03:00,1.65,13093,United Kingdom
541021,20728,LUNCH BAG CARS BLUE,10,2011-01-13T12:03:00,1.65,13093,United Kingdom
541021,21210,SET OF 72 RETROSPOT PAPER  DOILIES,12,2011-01-13T12:03:00,1.45,13093,United Kingdom
541021,21563,RED HEART SHAPE LOVE BUCKET,12,2011-01-13T12:03:00,2.95,13093,United Kingdom
541021,22379,RECYCLING BAG RETROSPOT,10,2011-01-13T12:03:00,2.1,13093,United Kingdom
541021,22380,TOY TIDY SPACEBOY,5,2011-01-13T12:03:00,2.1,13093,United Kingdom
541021,22381,TOY TIDY PINK POLKADOT,5,2011-01-13T12:03:00,2.1,13093,United Kingdom
541021,22382,LUNCH BAG SPACEBOY DESIGN,10,2011-01-13T12:03:00,1.65,13093,United Kingdom
541021,22383,LUNCH BAG SUKI  DESIGN,10,2011-01-13T12:03:00,1.65,13093,United Kingdom
541021,22385,JUMBO BAG SPACEBOY DESIGN,100,2011-01-13T12:03:00,1.65,13093,United Kingdom
541021,22621,TRADITIONAL KNITTING NANCY,48,2011-01-13T12:03:00,1.25,13093,United Kingdom
541021,22693,GROW A FLYTRAP OR SUNFLOWER IN TIN,24,2011-01-13T12:03:00,1.25,13093,United Kingdom
541021,22722,SET OF 6 SPICE TINS PANTRY DESIGN,24,2011-01-13T12:03:00,3.45,13093,United Kingdom
541021,22846,BREAD BIN DINER STYLE RED,4,2011-01-13T12:03:00,14.95,13093,United Kingdom
541021,22848,BREAD BIN DINER STYLE PINK,4,2011-01-13T12:03:00,14.95,13093,United Kingdom
541021,22849,BREAD BIN DINER STYLE MINT,4,2011-01-13T12:03:00,14.95,13093,United Kingdom
541021,22960,JAM MAKING SET WITH JARS,12,2011-01-13T12:03:00,3.75,13093,United Kingdom
541021,85099F,JUMBO BAG STRAWBERRY,100,2011-01-13T12:03:00,1.65,13093,United Kingdom
541093,22423,REGENCY CAKESTAND 3 TIER,48,2011-01-13T13:21:00,10.95,12471,Germany
541093,22445,PENCIL CASE LIFE IS BEAUTIFUL,6,2011-01-13T13:21:00,2.95,12471,Germany
541093,22472,TV DINNER TRAY DOLLY GIRL,3,2011-01-13T13:21:00,4.95,12471,Germany
541093,22649,STRAWBERRY FAIRY CAKE TEAPOT,8,2011-01-13T13:21:00,4.95,12471,Germany
541093,22759,SET OF 3 NOTEBOOKS IN PARCEL,12,2011-01-13T13:21:00,1.65,12471,Germany
541093,22937,BAKING MOULD CHOCOLATE CUPCAKES,18,2011-01-13T13:21:00,2.55,12471,Germany
541093,POST,POSTAGE,5,2011-01-13T13:21:00,18,12471,Germany
541105,22386,JUMBO BAG PINK POLKADOT,200,2011-01-13T14:34:00,1.65,16029,United Kingdom
541105,85099F,JUMBO BAG STRAWBERRY,200,2011-01-13T14:34:00,1.65,16029,United Kingdom
541112,15056N,EDWARDIAN PARASOL NATURAL,3,2011-01-13T15:17:00,5.95,18085,United Kingdom
541112,21383,PACK OF 12 STICKY BUNNIES,12,2011-01-13T15:17:00,0.65,18085,United Kingdom
541112,21479,WHITE SKULL HOT WATER BOTTLE,4,2011-01-13T15:17:00,3.75,18085,United Kingdom
541112,21485,RETROSPOT HEART HOT WATER BOTTLE,12,2011-01-13T15:17:00,4.95,18085,United Kingdom
541112,22111,SCOTTIE DOG HOT WATER BOTTLE,12,2011-01-13T15:17:00,4.95,18085,United Kingdom
541112,22113,GREY HEART HOT WATER BOTTLE,12,2011-01-13T15:17:00,3.75,18085,United Kingdom
541112,22139,RETROSPOT TEA SET CERAMIC 11 PC,6,2011-01-13T15:17:00,4.95,18085,United Kingdom
541112,22260,FELT EGG COSY BLUE RABBIT,12,2011-01-13T15:17:00,0.85,18085,United Kingdom
541112,22261,FELT EGG COSY WHITE RABBIT,12,2011-01-13T15:17:00,0.85,18085,United Kingdom
541112,22262,FELT EGG COSY CHICKEN,12,2011-01-13T15:17:00,0.85,18085,United Kingdom
541112,22518,CHILDS GARDEN BRUSH BLUE,6,2011-01-13T15:17:00,2.1,18085,United Kingdom
541112,22519,CHILDS GARDEN BRUSH PINK,6,2011-01-13T15:17:00,2.1,18085,United Kingdom
541112,22520,CHILDS GARDEN TROWEL BLUE,12,2011-01-13T15:17:00,0.85,18085,United Kingdom
541112,22521,CHILDS GARDEN TROWEL PINK,12,2011-01-13T15:17:00,0.85,18085,United Kingdom
541112,22522,CHILDS GARDEN FORK BLUE,12,2011-01-13T15:17:00,0.85,18085,United Kingdom
541112,22523,CHILDS GARDEN FORK PINK,12,2011-01-13T15:17:00,0.85,18085,United Kingdom
541112,22524,CHILDRENS GARDEN GLOVES BLUE,10,2011-01-13T15:17:00,1.25,18085,United Kingdom
541112,22525,CHILDRENS GARDEN GLOVES PINK,10,2011-01-13T15:17:00,1.25,18085,United Kingdom
541112,22568,FELTCRAFT CUSHION OWL,4,2011-01-13T15:17:00,3.75,18085,United Kingdom
541112,22584,PACK OF 6 PANNETONE GIFT BOXES,6,2011-01-13T15:17:00,2.55,18085,United Kingdom
541217,22619,SET OF 6 SOLDIER SKITTLES,20,2011-01-14T13:59:00,3.75,17402,United Kingdom
541217,22635,CHILDS BREAKFAST SET DOLLY GIRL,2,2011-01-14T13:59:00,9.95,17402,United Kingdom
541217,22636,CHILDS BREAKFAST SET CIRCUS PARADE,2,2011-01-14T13:59:00,8.5,17402,United Kingdom
541567,20719,WOODLAND CHARLOTTE BAG,10,2011-01-19T11:51:00,0.85,12681,France
541567,20724,RED RETROSPOT CHARLOTTE BAG,10,2011-01-19T11:51:00,0.85,12681,France
541567,20750,RED RETROSPOT MINI CASES,4,2011-01-19T11:51:00,7.95,12681,France
541567,21137,BLACK RECORD COVER FRAME,4,2011-01-19T11:51:00,3.75,12681,France
541567,21238,RED RETROSPOT CUP,8,2011-01-19T11:51:00,0.85,12681,France
541567,21544,SKULLS  WATER TRANSFER TATTOOS,12,2011-01-19T11:51:00,0.85,12681,France
541567,21578,WOODLAND DESIGN  COTTON TOTE BAG,6,2011-01-19T11:51:00,2.25,12681,France
541567,21706,FOLDING UMBRELLA RED/WHITE POLKADOT,4,2011-01-19T11:51:00,4.95,12681,France
541567,21719,LOVELY BONBON STICKER SHEET,12,2011-01-19T11:51:00,0.85,12681,France
541567,21731,RED TOADSTOOL LED NIGHT LIGHT,24,2011-01-19T11:51:00,1.65,12681,France
541567,21864,UNION JACK FLAG PASSPORT COVER,12,2011-01-19T11:51:00,2.1,12681,France
541567,22024,RAINY LADIES BIRTHDAY CARD,12,2011-01-19T11:51:00,0.42,12681,France
541567,22191,IVORY DINER WALL CLOCK,2,2011-01-19T11:51:00,8.5,12681,France
541567,22300,COFFEE MUG DOG + BALL DESIGN,6,2011-01-19T11:51:00,2.55,12681,France
541567,22301,COFFEE MUG CAT + BIRD DESIGN,12,2011-01-19T11:51:00,2.55,12681,France
541567,22312,OFFICE MUG WARMER POLKADOT,18,2011-01-19T11:51:00,2.95,12681,France
541567,22313,OFFICE MUG WARMER PINK,24,2011-01-19T11:51:00,2.95,12681,France
541567,22314,OFFICE MUG WARMER CHOC+BLUE,6,2011-01-19T11:51:00,2.95,12681,France
541567,22348,TEA BAG PLATE RED RETROSPOT,24,2011-01-19T11:51:00,0.85,12681,France
541567,22356,CHARLOTTE BAG PINK POLKADOT,20,2011-01-19T11:51:00,0.85,12681,France
541567,22435,SET OF 9 HEART SHAPED BALLOONS,12,2011-01-19T11:51:00,1.25,12681,France
541567,22437,SET OF 9 BLACK SKULL BALLOONS,20,2011-01-19T11:51:00,0.85,12681,France
541567,22555,PLASTERS IN TIN STRONGMAN,24,2011-01-19T11:51:00,1.65,12681,France
541567,22616,PACK OF 12 LONDON TISSUES,24,2011-01-19T11:51:00,0.29,12681,France
541567,22659,LUNCH BOX I LOVE LONDON,12,2011-01-19T11:51:00,1.95,12681,France
541567,22894,TABLECLOTH RED APPLES DESIGN,4,2011-01-19T11:51:00,8.5,12681,France
541567,22895,SET OF 2 TEA TOWELS APPLE AND PEARS,12,2011-01-19T11:51:00,2.95,12681,France
541567,22904,CALENDAR PAPER CUT DESIGN,18,2011-01-19T11:51:00,2.95,12681,France
541567,22908,PACK OF 20 NAPKINS RED APPLES,24,2011-01-19T11:51:00,0.85,12681,France
541567,85014B,RED RETROSPOT UMBRELLA,3,2011-01-19T11:51:00,5.95,12681,France
541567,POST,POSTAGE,3,2011-01-19T11:51:00,18,12681,France
541808,M,Manual,1,2011-01-21T14:51:00,10,16210,United Kingdom
541971,15056BL,EDWARDIAN PARASOL BLACK,1,2011-01-24T13:48:00,12.46,,United Kingdom
541971,20655,QUEEN OF SKIES LUGGAGE TAG,1,2011-01-24T13:48:00,2.46,,United Kingdom
541971,20665,RED RETROSPOT PURSE,1,2011-01-24T13:48:00,5.79,,United Kingdom
541971,20676,RED RETROSPOT BOWL,1,2011-01-24T13:48:00,2.46,,United Kingdom
541971,20846,ZINC HEART LATTICE T-LIGHT HOLDER,1,2011-01-24T13:48:00,2.46,,United Kingdom
541971,21002,ROSE DU SUD DRAWSTRING BAG,2,2011-01-24T13:48:00,3.29,,United Kingdom
541971,21012,ANTIQUE ALL GLASS CANDLESTICK,12,2011-01-24T13:48:00,2.46,,United Kingdom
541971,21060,PARTY INVITES BALLOON GIRL,1,2011-01-24T13:48:00,1.63,,United Kingdom
541971,21108,FAIRY CAKE FLANNEL ASSORTED COLOUR,1,2011-01-24T13:48:00,4.96,,United Kingdom
541971,21231,SWEETHEART CERAMIC TRINKET BOX,1,2011-01-24T13:48:00,2.46,,United Kingdom
541971,21232,STRAWBERRY CERAMIC TRINKET BOX,2,2011-01-24T13:48:00,2.46,,United Kingdom
541971,21262,WHITE GOOSE FEATHER CHRISTMAS TREE,1,2011-01-24T13:48:00,7.46,,United Kingdom
541971,21314,SMALL GLASS HEART TRINKET POT,1,2011-01-24T13:48:00,4.13,,United Kingdom
541971,21458,2 PICTURE BOOK EGGS EASTER BUNNY,1,2011-01-24T13:48:00,2.46,,United Kingdom
541971,21479,WHITE SKULL HOT WATER BOTTLE,1,2011-01-24T13:48:00,7.46,,United Kingdom
541971,21509,COWBOYS AND INDIANS BIRTHDAY CARD,1,2011-01-24T13:48:00,0.83,,United Kingdom
541971,21523,DOORMAT FANCY FONT HOME SWEET HOME,1,2011-01-24T13:48:00,14.13,,United Kingdom
541971,21531,RED RETROSPOT SUGAR JAM BOWL,1,2011-01-24T13:48:00,4.96,,United Kingdom
541971,21775,DECORATIVE FLORE BATHROOM BOTTLE,1,2011-01-24T13:48:00,2.46,,United Kingdom
541971,21883,STARS GIFT TAPE,1,2011-01-24T13:48:00,1.63,,United Kingdom
541971,22025,RING OF ROSES BIRTHDAY CARD,1,2011-01-24T13:48:00,0.83,,United Kingdom
541971,22027,TEA PARTY BIRTHDAY CARD,2,2011-01-24T13:48:00,0.83,,United Kingdom
541971,22073,RED RETROSPOT STORAGE JAR,1,2011-01-24T13:48:00,7.46,,United Kingdom
541971,22082,RIBBON REEL STRIPES DESIGN,1,2011-01-24T13:48:00,3.29,,United Kingdom
541971,22088,PAPER BUNTING COLOURED LACE,1,2011-01-24T13:48:00,5.79,,United Kingdom
541971,22101,MIRROR MOSAIC VOTIVE HOLDER,4,2011-01-24T13:48:00,2.46,,United Kingdom
541971,22104,MIRROR MOSAIC CANDLE PLATE,4,2011-01-24T13:48:00,1.63,,United Kingdom
541971,22106,MIRROR MOSAIC HURRICANE LAMP,1,2011-01-24T13:48:00,4.96,,United Kingdom
541971,22132,RED LOVE HEART SHAPE CUP,3,2011-01-24T13:48:00,1.63,,United Kingdom
541971,22182,CAKE STAND VICTORIAN FILIGREE SMALL,2,2011-01-24T13:48:00,4.13,,United Kingdom
541971,22183,CAKE STAND VICTORIAN FILIGREE MED,4,2011-01-24T13:48:00,5.79,,United Kingdom
541971,22185,SLATE TILE NATURAL HANGING,1,2011-01-24T13:48:00,3.29,,United Kingdom
541971,22197,SMALL POPCORN HOLDER,1,2011-01-24T13:48:00,1.63,,United Kingdom
541971,22212,FOUR HOOK  WHITE LOVEBIRDS,1,2011-01-24T13:48:00,4.13,,United Kingdom
541971,22219,LOVEBIRD HANGING DECORATION WHITE,2,2011-01-24T13:48:00,1.63,,United Kingdom
541971,22251,BIRDHOUSE DECORATION MAGIC GARDEN,1,2011-01-24T13:48:00,2.46,,United Kingdom
541971,22286,"DECORATION , WOBBLY RABBIT , METAL",1,2011-01-24T13:48:00,3.29,,United Kingdom
541971,22294,HEART FILIGREE DOVE  SMALL,1,2011-01-24T13:48:00,2.46,,United Kingdom
541971,22297,HEART IVORY TRELLIS SMALL,1,2011-01-24T13:48:00,2.46,,United Kingdom
541971,22318,FIVE HEART HANGING DECORATION,1,2011-01-24T13:48:00,5.79,,United Kingdom
541971,22321,BIRD DECORATION RED RETROSPOT,1,2011-01-24T13:48:00,1.63,,United Kingdom
541971,22325,MOBILE VINTAGE HEARTS,1,2011-01-24T13:48:00,11.63,,United Kingdom
541971,22361,GLASS JAR DAISY FRESH COTTON WOOL,2,2011-01-24T13:48:00,5.79,,United Kingdom
541971,22423,REGENCY CAKESTAND 3 TIER,1,2011-01-24T13:48:00,24.96,,United Kingdom
541971,22424,ENAMEL BREAD BIN CREAM,1,2011-01-24T13:48:00,24.96,,United Kingdom
541971,22457,NATURAL SLATE HEART CHALKBOARD,1,2011-01-24T13:48:00,5.79,,United Kingdom
541971,22464,HANGING METAL HEART LANTERN,1,2011-01-24T13:48:00,3.29,,United Kingdom
541971,22465,HANGING METAL STAR LANTERN,1,2011-01-24T13:48:00,3.29,,United Kingdom
541971,22558,CLOTHES PEGS RETROSPOT PACK 24,1,2011-01-24T13:48:00,2.46,,United Kingdom
541971,22569,FELTCRAFT CUSHION BUTTERFLY,2,2011-01-24T13:48:00,7.46,,United Kingdom
541971,22570,FELTCRAFT CUSHION RABBIT,1,2011-01-24T13:48:00,7.46,,United Kingdom
541971,22574,HEART WOODEN CHRISTMAS DECORATION,2,2011-01-24T13:48:00,1.63,,United Kingdom
541971,22586,FELTCRAFT HAIRBAND PINK AND BLUE,1,2011-01-24T13:48:00,1.63,,United Kingdom
541971,22637,PIGGY BANK RETROSPOT,1,2011-01-24T13:48:00,4.96,,United Kingdom
541971,22668,PINK BABY BUNTING,1,2011-01-24T13:48:00,5.79,,United Kingdom
541971,22670,FRENCH WC SIGN BLUE METAL,1,2011-01-24T13:48:00,2.46,,United Kingdom
541971,22677,FRENCH BLUE METAL DOOR SIGN 2,1,2011-01-24T13:48:00,2.46,,United Kingdom
541971,22678,FRENCH BLUE METAL DOOR SIGN 3,1,2011-01-24T13:48:00,2.46,,United Kingdom
541971,22713,CARD I LOVE LONDON,1,2011-01-24T13:48:00,0.83,,United Kingdom
541971,22714,CARD BIRTHDAY COWBOY,1,2011-01-24T13:48:00,0.83,,United Kingdom
541971,22716,CARD CIRCUS PARADE,1,2011-01-24T13:48:00,0.83,,United Kingdom
541971,22722,SET OF 6 SPICE TINS PANTRY DESIGN,1,2011-01-24T13:48:00,8.29,,United Kingdom
541971,22749,FELTCRAFT PRINCESS CHARLOTTE DOLL,1,2011-01-24T13:48:00,7.46,,United Kingdom
541971,22772,PINK DRAWER KNOB ACRYLIC EDWARDIAN,1,2011-01-24T13:48:00,2.46,,United Kingdom
541971,22773,GREEN DRAWER KNOB ACRYLIC EDWARDIAN,1,2011-01-24T13:48:00,2.46,,United Kingdom
541971,22774,RED DRAWER KNOB ACRYLIC EDWARDIAN,1,2011-01-24T13:48:00,2.46,,United Kingdom
541971,22777,GLASS CLOCHE LARGE,1,2011-01-24T13:48:00,16.63,,United Kingdom
541971,22778,GLASS CLOCHE SMALL,1,2011-01-24T13:48:00,8.29,,United Kingdom
541971,22805,BLUE DRAWER KNOB ACRYLIC EDWARDIAN,1,2011-01-24T13:48:00,2.46,,United Kingdom
541971,22807,SET OF 6 T-LIGHTS TOADSTOOLS,1,2011-01-24T13:48:00,5.79,,United Kingdom
541971,22819,"BIRTHDAY CARD, RETRO SPOT",1,2011-01-24T13:48:00,0.83,,United Kingdom
541971,22834,HAND WARMER BABUSHKA DESIGN,1,2011-01-24T13:48:00,4.13,,United Kingdom
541971,22898,CHILDRENS APRON APPLES DESIGN,1,2011-01-24T13:48:00,4.13,,United Kingdom
541971,22904,CALENDAR PAPER CUT DESIGN,1,2011-01-24T13:48:00,5.79,,United Kingdom
541971,22951,60 CAKE CASES DOLLY GIRL DESIGN,1,2011-01-24T13:48:00,1.25,,United Kingdom
541971,22961,JAM MAKING SET PRINTED,1,2011-01-24T13:48:00,3.29,,United Kingdom
541971,22988,SOLDIERS EGG CUP,1,2011-01-24T13:48:00,2.46,,United Kingdom
541971,35598D,PINK/WHITE CHRISTMAS TREE 60CM,1,2011-01-24T13:48:00,2.46,,United Kingdom
541971,35964,FOLKART CLIP ON STARS,1,2011-01-24T13:48:00,1.63,,United Kingdom
541971,47503H,ASS FLORAL PRINT SPIRIT LEVEL,1,2011-01-24T13:48:00,4.13,,United Kingdom
541971,47566B,TEA TIME PARTY BUNTING,1,2011-01-24T13:48:00,10.79,,United Kingdom
541971,47591B,SCOTTIES CHILDRENS APRON,2,2011-01-24T13:48:00,1.63,,United Kingdom
541971,71459,HANGING JAM JAR T-LIGHT HOLDER,4,2011-01-24T13:48:00,1.66,,United Kingdom
541971,72799E,IVORY PILLAR CANDLE SILVER FLOCK,2,2011-01-24T13:48:00,3.29,,United Kingdom
541971,72816,SET/3 CHRISTMAS DECOUPAGE CANDLES,3,2011-01-24T13:48:00,2.46,,United Kingdom
541971,72817,SET OF 2 CHRISTMAS DECOUPAGE CANDLE,2,2011-01-24T13:48:00,1.63,,United Kingdom
541971,79321,CHILLI LIGHTS,1,2011-01-24T13:48:00,9.96,,United Kingdom
541971,82483,WOOD 2 DRAWER CABINET WHITE FINISH,1,2011-01-24T13:48:00,12.46,,United Kingdom
541971,82484,WOOD BLACK BOARD ANT WHITE FINISH,2,2011-01-24T13:48:00,13.29,,United Kingdom
541971,82551,LAUNDRY 15C METAL SIGN,2,2011-01-24T13:48:00,2.46,,United Kingdom
541971,82580,BATHROOM METAL SIGN,1,2011-01-24T13:48:00,1.25,,United Kingdom
541971,84520B,PACK 20 ENGLISH ROSE PAPER NAPKINS,1,2011-01-24T13:48:00,1.63,,United Kingdom
541971,84568,GIRLS ALPHABET IRON ON PATCHES,16,2011-01-24T13:48:00,0.42,,United Kingdom
541971,84913B,MINT GREEN ROSE TOWEL,1,2011-01-24T13:48:00,3.29,,United Kingdom
541971,84923,PINK BUTTERFLY HANDBAG W BOBBLES,1,2011-01-24T13:48:00,4.13,,United Kingdom
541971,84969,BOX OF 6 ASSORTED COLOUR TEASPOONS,1,2011-01-24T13:48:00,3.29,,United Kingdom
541971,84978,HANGING HEART JAR T-LIGHT HOLDER,1,2011-01-24T13:48:00,2.46,,United Kingdom
541971,85123A,WHITE HANGING HEART T-LIGHT HOLDER,1,2011-01-24T13:48:00,5.79,,United Kingdom
541971,85186C,BUNNY EGG GARLAND,1,2011-01-24T13:48:00,0.83,,United Kingdom
541971,85199S,SMALL HANGING IVORY/RED WOOD BIRD,6,2011-01-24T13:48:00,0.83,,United Kingdom
541971,90000B,MIDNIGHT BLUE COPPER FLOWER NECKLAC,1,2011-01-24T13:48:00,6.23,,United Kingdom
541971,90062,CARNIVAL BRACELET,2,2011-01-24T13:48:00,12.48,,United Kingdom
541971,90096,NECKLACE+BRACELET SET BLUE BLOSSOM,2,2011-01-24T13:48:00,2.46,,United Kingdom
541971,90103,PURPLE FRANGIPANI NECKLACE,3,2011-01-24T13:48:00,2.48,,United Kingdom
541971,90114,SUMMER DAISIES BAG CHARM,1,2011-01-24T13:48:00,2.46,,United Kingdom
541971,90134,OLD ROSE COMBO BEAD NECKLACE,1,2011-01-24T13:48:00,2.9,,United Kingdom
541971,90160A,PURPLE BOUDICCA LARGE BRACELET,2,2011-01-24T13:48:00,7.07,,United Kingdom
541971,90160B,RED BOUDICCA LARGE BRACELET,2,2011-01-24T13:48:00,7.07,,United Kingdom
541971,90160C,TURQ+RED BOUDICCA LARGE BRACELET,2,2011-01-24T13:48:00,7.07,,United Kingdom
541971,90160D,PINK BOUDICCA LARGE BRACELET,2,2011-01-24T13:48:00,7.07,,United Kingdom
541971,90161B,ANT COPPER TURQ BOUDICCA BRACELET,1,2011-01-24T13:48:00,4.98,,United Kingdom
541971,90161C,ANT COPPER LIME BOUDICCA BRACELET,1,2011-01-24T13:48:00,4.98,,United Kingdom
541971,90161D,ANT COPPER PINK BOUDICCA BRACELET,1,2011-01-24T13:48:00,4.98,,United Kingdom
541971,90170,DAISY HAIR BAND,2,2011-01-24T13:48:00,1.65,,United Kingdom
541971,90185A,AMBER DIAMANTE EXPANDABLE RING,2,2011-01-24T13:48:00,4.15,,United Kingdom
541971,90185B,AMETHYST DIAMANTE EXPANDABLE RING,1,2011-01-24T13:48:00,4.15,,United Kingdom
541971,90190A,SILVER/CRYSTAL DROP EARRINGS W LEAF,2,2011-01-24T13:48:00,2.9,,United Kingdom
541971,90201A,PURPLE ENAMEL FLOWER RING,2,2011-01-24T13:48:00,2.9,,United Kingdom
541971,90201B,BLACK ENAMEL FLOWER RING,1,2011-01-24T13:48:00,2.9,,United Kingdom
541971,90201C,RED ENAMEL FLOWER RING,1,2011-01-24T13:48:00,2.9,,United Kingdom
541971,90201D,GREEN ENAMEL FLOWER RING,1,2011-01-24T13:48:00,2.9,,United Kingdom
541971,90208,PAIR OF PINK FLOWER CLUSTER SLIDE,2,2011-01-24T13:48:00,2.48,,United Kingdom
541971,90214B,"LETTER ""B"" BLING KEY RING",1,2011-01-24T13:48:00,0.83,,United Kingdom
541971,90214G,"LETTER ""G"" BLING KEY RING",1,2011-01-24T13:48:00,0.83,,United Kingdom
541971,90214J,"LETTER ""J"" BLING KEY RING",1,2011-01-24T13:48:00,0.83,,United Kingdom
541971,90214P,"LETTER ""P"" BLING KEY RING",1,2011-01-24T13:48:00,0.83,,United Kingdom
541971,DOT,DOTCOM POSTAGE,1,2011-01-24T13:48:00,124.16,,United Kingdom
542026,21754,HOME BUILDING BLOCK WORD,3,2011-01-25T11:41:00,5.95,15110,United Kingdom
542026,22192,BLUE DINER WALL CLOCK,2,2011-01-25T11:41:00,8.5,15110,United Kingdom
542026,22193,RED DINER WALL CLOCK,2,2011-01-25T11:41:00,8.5,15110,United Kingdom
542026,22194,BLACK DINER WALL CLOCK,2,2011-01-25T11:41:00,8.5,15110,United Kingdom
542026,22197,SMALL POPCORN HOLDER,12,2011-01-25T11:41:00,0.85,15110,United Kingdom
542026,22360,GLASS JAR ENGLISH CONFECTIONERY,12,2011-01-25T11:41:00,2.95,15110,United Kingdom
542026,22398,MAGNETS PACK OF 4 SWALLOWS,12,2011-01-25T11:41:00,1.25,15110,United Kingdom
542026,22399,MAGNETS PACK OF 4 CHILDHOOD MEMORY,12,2011-01-25T11:41:00,1.25,15110,United Kingdom
542026,82600,NO SINGING METAL SIGN,12,2011-01-25T11:41:00,2.1,15110,United Kingdom
542237,20719,WOODLAND CHARLOTTE BAG,10,2011-01-26T14:30:00,0.85,12347,Iceland
542237,20966,SANDWICH BATH SPONGE,10,2011-01-26T14:30:00,1.25,12347,Iceland
542237,21035,SET/2 RED RETROSPOT TEA TOWELS,6,2011-01-26T14:30:00,2.95,12347,Iceland
542237,21041,RED RETROSPOT OVEN GLOVE DOUBLE,6,2011-01-26T14:30:00,2.95,12347,Iceland
542237,21154,RED RETROSPOT OVEN GLOVE,10,2011-01-26T14:30:00,1.25,12347,Iceland
542237,21731,RED TOADSTOOL LED NIGHT LIGHT,12,2011-01-26T14:30:00,1.65,12347,Iceland
542237,21832,CHOCOLATE CALCULATOR,12,2011-01-26T14:30:00,1.65,12347,Iceland
542237,21976,PACK OF 60 MUSHROOM CAKE CASES,24,2011-01-26T14:30:00,0.55,12347,Iceland
542237,22134,MINI LADLE LOVE HEART RED,12,2011-01-26T14:30:00,0.42,12347,Iceland
542237,22196,SMALL HEART MEASURING SPOONS,12,2011-01-26T14:30:00,0.85,12347,Iceland
542237,22375,AIRLINE BAG VINTAGE JET SET BROWN,4,2011-01-26T14:30:00,4.25,12347,Iceland
542237,22376,AIRLINE BAG VINTAGE JET SET WHITE,4,2011-01-26T14:30:00,4.25,12347,Iceland
542237,22417,PACK OF 60 SPACEBOY CAKE CASES,24,2011-01-26T14:30:00,0.55,12347,Iceland
542237,22422,TOOTHPASTE TUBE PEN,12,2011-01-26T14:30:00,0.65,12347,Iceland
542237,22423,REGENCY CAKESTAND 3 TIER,3,2011-01-26T14:30:00,12.75,12347,Iceland
542237,22497,SET OF 2 TINS VINTAGE BATHROOM,4,2011-01-26T14:30:00,4.25,12347,Iceland
542237,22725,ALARM CLOCK BAKELIKE CHOCOLATE,4,2011-01-26T14:30:00,3.75,12347,Iceland
542237,22726,ALARM CLOCK BAKELIKE GREEN,4,2011-01-26T14:30:00,3.75,12347,Iceland
542237,22727,ALARM CLOCK BAKELIKE RED,4,2011-01-26T14:30:00,3.75,12347,Iceland
542237,22728,ALARM CLOCK BAKELIKE PINK,4,2011-01-26T14:30:00,3.75,12347,Iceland
542237,22729,ALARM CLOCK BAKELIKE ORANGE,4,2011-01-26T14:30:00,3.75,12347,Iceland
542237,47559B,TEA TIME OVEN GLOVE,10,2011-01-26T14:30:00,1.25,12347,Iceland
542237,84558A,3D DOG PICTURE PLAYING CARDS,12,2011-01-26T14:30:00,2.95,12347,Iceland
542237,84625A,PINK NEW BAROQUECANDLESTICK CANDLE,24,2011-01-26T14:30:00,0.85,12347,Iceland
542237,84625C,BLUE NEW BAROQUE CANDLESTICK CANDLE,24,2011-01-26T14:30:00,0.85,12347,Iceland
542237,84969,BOX OF 6 ASSORTED COLOUR TEASPOONS,6,2011-01-26T14:30:00,4.25,12347,Iceland
542237,84991,60 TEATIME FAIRY CAKE CASES,24,2011-01-26T14:30:00,0.55,12347,Iceland
542237,84992,72 SWEETHEART FAIRY CAKE CASES,24,2011-01-26T14:30:00,0.55,12347,Iceland
542237,85116,BLACK CANDELABRA T-LIGHT HOLDER,6,2011-01-26T14:30:00,2.1,12347,Iceland
542276,21165,BEWARE OF THE CAT METAL SIGN,12,2011-01-27T10:19:00,1.69,12764,Lebanon
542276,21260,FIRST AID TIN,12,2011-01-27T10:19:00,3.25,12764,Lebanon
542276,21272,SALLE DE BAIN HOOK,12,2011-01-27T10:19:00,1.25,12764,Lebanon
542276,21523,DOORMAT FANCY FONT HOME SWEET HOME,4,2011-01-27T10:19:00,7.95,12764,Lebanon
542276,21754,HOME BUILDING BLOCK WORD,6,2011-01-27T10:19:00,5.95,12764,Lebanon
542276,21756,BATH BUILDING BLOCK WORD,6,2011-01-27T10:19:00,5.95,12764,Lebanon
542276,21781,MA CAMPAGNE CUTLERY BOX,4,2011-01-27T10:19:00,14.95,12764,Lebanon
542276,21784,SHOE SHINE BOX,4,2011-01-27T10:19:00,9.95,12764,Lebanon
542276,21906,PHARMACIE FIRST AID TIN,12,2011-01-27T10:19:00,6.75,12764,Lebanon
542276,22168,ORGANISER WOOD ANTIQUE WHITE,6,2011-01-27T10:19:00,8.5,12764,Lebanon
542276,22169,FAMILY ALBUM WHITE PICTURE FRAME,4,2011-01-27T10:19:00,8.5,12764,Lebanon
542276,22241,GARLAND WOODEN HAPPY EASTER,12,2011-01-27T10:19:00,1.25,12764,Lebanon
542276,22282,12 EGG HOUSE PAINTED WOOD,4,2011-01-27T10:19:00,12.75,12764,Lebanon
542276,22349,DOG BOWL CHASING BALL DESIGN,6,2011-01-27T10:19:00,3.75,12764,Lebanon
542276,22350,ILLUSTRATED CAT BOWL,6,2011-01-27T10:19:00,2.55,12764,Lebanon
542276,22423,REGENCY CAKESTAND 3 TIER,12,2011-01-27T10:19:00,12.75,12764,Lebanon
542276,22588,CARD HOLDER GINGHAM HEART,12,2011-01-27T10:19:00,2.55,12764,Lebanon
542276,22606,WOODEN SKITTLES GARDEN SET,8,2011-01-27T10:19:00,12.75,12764,Lebanon
542276,22652,TRAVEL SEWING KIT,10,2011-01-27T10:19:00,1.65,12764,Lebanon
542276,22720,SET OF 3 CAKE TINS PANTRY DESIGN,12,2011-01-27T10:19:00,4.95,12764,Lebanon
542276,22722,SET OF 6 SPICE TINS PANTRY DESIGN,12,2011-01-27T10:19:00,3.95,12764,Lebanon
542276,22723,SET OF 6 HERB TINS SKETCHBOOK,8,2011-01-27T10:19:00,3.95,12764,Lebanon
542276,22788,BROCANTE COAT RACK,4,2011-01-27T10:19:00,9.95,12764,Lebanon
542276,22831,WHITE BROCANTE SOAP DISH,6,2011-01-27T10:19:00,2.95,12764,Lebanon
542276,22842,BISCUIT TIN VINTAGE RED,12,2011-01-27T10:19:00,5.95,12764,Lebanon
542276,22844,VINTAGE CREAM DOG FOOD CONTAINER,2,2011-01-27T10:19:00,8.5,12764,Lebanon
542276,22845,VINTAGE CREAM CAT FOOD CONTAINER,2,2011-01-27T10:19:00,6.35,12764,Lebanon
542276,22846,BREAD BIN DINER STYLE RED,4,2011-01-27T10:19:00,14.95,12764,Lebanon
542276,22854,CREAM SWEETHEART EGG HOLDER,8,2011-01-27T10:19:00,4.95,12764,Lebanon
542276,22904,CALENDAR PAPER CUT DESIGN,6,2011-01-27T10:19:00,2.95,12764,Lebanon
542276,22922,FRIDGE MAGNETS US DINER ASSORTED,12,2011-01-27T10:19:00,0.85,12764,Lebanon
542276,22957,SET 3 PAPER VINTAGE CHICK PAPER EGG,12,2011-01-27T10:19:00,2.95,12764,Lebanon
542276,22960,JAM MAKING SET WITH JARS,12,2011-01-27T10:19:00,3.75,12764,Lebanon
542276,22966,GINGERBREAD MAN COOKIE CUTTER,12,2011-01-27T10:19:00,1.25,12764,Lebanon
542276,35810B,ENAMEL BLUE RIM COFFEE CONTAINER,6,2011-01-27T10:19:00,2.1,12764,Lebanon
542276,47566,PARTY BUNTING,15,2011-01-27T10:19:00,4.65,12764,Lebanon
542276,82482,WOODEN PICTURE FRAME WHITE FINISH,6,2011-01-27T10:19:00,2.55,12764,Lebanon
542276,82484,WOOD BLACK BOARD ANT WHITE FINISH,3,2011-01-27T10:19:00,6.45,12764,Lebanon
542276,82494L,WOODEN FRAME ANTIQUE WHITE,6,2011-01-27T10:19:00,2.95,12764,Lebanon
542276,82551,LAUNDRY 15C METAL SIGN,12,2011-01-27T10:19:00,1.45,12764,Lebanon
542276,82552,WASHROOM METAL SIGN,12,2011-01-27T10:19:00,1.45,12764,Lebanon
542276,82600,NO SINGING METAL SIGN,12,2011-01-27T10:19:00,2.1,12764,Lebanon
542276,84929,ASSTD FRUIT+FLOWERS FRIDGE MAGNETS,24,2011-01-27T10:19:00,0.55,12764,Lebanon
542276,85066,CREAM SWEETHEART MINI CHEST,8,2011-01-27T10:19:00,12.75,12764,Lebanon
542276,85150,LADIES & GENTLEMEN METAL SIGN,6,2011-01-27T10:19:00,2.55,12764,Lebanon
542519,20723,STRAWBERRY CHARLOTTE BAG,10,2011-01-28T12:19:00,0.85,15159,United Kingdom
542519,22629,SPACEBOY LUNCH BOX,12,2011-01-28T12:19:00,1.95,15159,United Kingdom
542519,22630,DOLLY GIRL LUNCH BOX,12,2011-01-28T12:19:00,1.95,15159,United Kingdom
542519,22631,CIRCUS PARADE LUNCH BOX,12,2011-01-28T12:19:00,1.95,15159,United Kingdom
542519,22659,LUNCH BOX I LOVE LONDON,12,2011-01-28T12:19:00,1.95,15159,United Kingdom
542519,22661,CHARLOTTE BAG DOLLY GIRL DESIGN,10,2011-01-28T12:19:00,0.85,15159,United Kingdom
542519,22725,ALARM CLOCK BAKELIKE CHOCOLATE,8,2011-01-28T12:19:00,3.75,15159,United Kingdom
542519,22727,ALARM CLOCK BAKELIKE RED,8,2011-01-28T12:19:00,3.75,15159,United Kingdom
542519,22728,ALARM CLOCK BAKELIKE PINK,8,2011-01-28T12:19:00,3.75,15159,United Kingdom
542519,22729,ALARM CLOCK BAKELIKE ORANGE,8,2011-01-28T12:19:00,3.75,15159,United Kingdom
542519,22964,3 PIECE SPACEBOY COOKIE CUTTER SET,6,2011-01-28T12:19:00,2.1,15159,United Kingdom
542519,22972,CHILDREN'S SPACEBOY MUG,12,2011-01-28T12:19:00,1.65,15159,United Kingdom
542519,22973,CHILDREN'S CIRCUS PARADE MUG,12,2011-01-28T12:19:00,1.65,15159,United Kingdom
542519,22974,CHILDRENS DOLLY GIRL MUG,12,2011-01-28T12:19:00,1.65,15159,United Kingdom
542519,22975,SPACEBOY CHILDRENS EGG CUP,12,2011-01-28T12:19:00,1.25,15159,United Kingdom
542519,22976,CIRCUS PARADE CHILDRENS EGG CUP,12,2011-01-28T12:19:00,1.25,15159,United Kingdom
542519,22977,DOLLY GIRL CHILDRENS EGG CUP,12,2011-01-28T12:19:00,1.25,15159,United Kingdom
542519,48187,DOORMAT NEW ENGLAND,10,2011-01-28T12:19:00,6.75,15159,United Kingdom
542519,82482,WOODEN PICTURE FRAME WHITE FINISH,12,2011-01-28T12:19:00,2.55,15159,United Kingdom
542519,82486,WOOD S/3 CABINET ANT WHITE FINISH,12,2011-01-28T12:19:00,6.95,15159,United Kingdom
542519,82494L,WOODEN FRAME ANTIQUE WHITE,12,2011-01-28T12:19:00,2.95,15159,United Kingdom
542746,21034,REX CASH+CARRY JUMBO SHOPPER,2,2011-01-31T16:48:00,0.95,15881,United Kingdom
542908,20685,DOORMAT RED RETROSPOT,1,2011-02-01T15:24:00,7.95,13110,United Kingdom
542908,21484,CHICK GREY HOT WATER BOTTLE,2,2011-02-01T15:24:00,3.45,13110,United Kingdom
542908,21733,RED HANGING HEART T-LIGHT HOLDER,12,2011-02-01T15:24:00,2.95,13110,United Kingdom
542908,22110,BIRD HOUSE HOT WATER BOTTLE,2,2011-02-01T15:24:00,2.55,13110,United Kingdom
542908,22149,FELTCRAFT 6 FLOWER FRIENDS,1,2011-02-01T15:24:00,2.1,13110,United Kingdom
542908,22457,NATURAL SLATE HEART CHALKBOARD,6,2011-02-01T15:24:00,2.95,13110,United Kingdom
542908,22690,DOORMAT HOME SWEET HOME BLUE,1,2011-02-01T15:24:00,7.95,13110,United Kingdom
542908,22692,DOORMAT WELCOME TO OUR HOME,1,2011-02-01T15:24:00,7.95,13110,United Kingdom
542908,22720,SET OF 3 CAKE TINS PANTRY DESIGN,2,2011-02-01T15:24:00,4.95,13110,United Kingdom
542908,22759,SET OF 3 NOTEBOOKS IN PARCEL,1,2011-02-01T15:24:00,1.65,13110,United Kingdom
542908,22801,ANTIQUE GLASS PEDESTAL BOWL,2,2011-02-01T15:24:00,3.75,13110,United Kingdom
542908,22804,CANDLEHOLDER PINK HANGING HEART,12,2011-02-01T15:24:00,2.95,13110,United Kingdom
542908,22906,12 MESSAGE CARDS WITH ENVELOPES,2,2011-02-01T15:24:00,1.65,13110,United Kingdom
542908,22938,CUPCAKE LACE PAPER SET 6,2,2011-02-01T15:24:00,1.95,13110,United Kingdom
542908,48116,DOORMAT MULTICOLOUR STRIPE,1,2011-02-01T15:24:00,7.95,13110,United Kingdom
542908,48173C,DOORMAT BLACK FLOCK,1,2011-02-01T15:24:00,7.95,13110,United Kingdom
542908,48184,DOORMAT ENGLISH ROSE,1,2011-02-01T15:24:00,7.95,13110,United Kingdom
542908,82483,WOOD 2 DRAWER CABINET WHITE FINISH,2,2011-02-01T15:24:00,5.95,13110,United Kingdom
542908,82486,WOOD S/3 CABINET ANT WHITE FINISH,6,2011-02-01T15:24:00,7.95,13110,United Kingdom
542908,85123A,WHITE HANGING HEART T-LIGHT HOLDER,12,2011-02-01T15:24:00,2.95,13110,United Kingdom
542999,20682,RED RETROSPOT CHILDRENS UMBRELLA,1,2011-02-02T12:16:00,6.63,,United Kingdom
542999,20712,JUMBO BAG WOODLAND ANIMALS,1,2011-02-02T12:16:00,4.13,,United Kingdom
542999,20713,JUMBO BAG OWLS,2,2011-02-02T12:16:00,4.13,,United Kingdom
542999,20725,LUNCH BAG RED RETROSPOT,8,2011-02-02T12:16:00,4.96,,United Kingdom
542999,21035,SET/2 RED RETROSPOT TEA TOWELS,1,2011-02-02T12:16:00,5.79,,United Kingdom
542999,21042,RED RETROSPOT APRON,2,2011-02-02T12:16:00,12.46,,United Kingdom
542999,21154,RED RETROSPOT OVEN GLOVE,1,2011-02-02T12:16:00,3.29,,United Kingdom
542999,21216,"SET 3 RETROSPOT TEA,COFFEE,SUGAR",1,2011-02-02T12:16:00,10.79,,United Kingdom
542999,21428,SET3 BOOK BOX GREEN GINGHAM FLOWER,1,2011-02-02T12:16:00,8.29,,United Kingdom
542999,21430,SET/3 RED GINGHAM ROSE STORAGE BOX,1,2011-02-02T12:16:00,7.46,,United Kingdom
542999,21578,WOODLAND DESIGN  COTTON TOTE BAG,1,2011-02-02T12:16:00,4.96,,United Kingdom
542999,22055,MINI CAKE STAND  HANGING STRAWBERY,1,2011-02-02T12:16:00,3.29,,United Kingdom
542999,22090,PAPER BUNTING RETROSPOT,1,2011-02-02T12:16:00,6.63,,United Kingdom
542999,22133,PINK LOVE HEART SHAPE CUP,1,2011-02-02T12:16:00,1.63,,United Kingdom
542999,22325,MOBILE VINTAGE HEARTS,1,2011-02-02T12:16:00,11.63,,United Kingdom
542999,22352,LUNCH BOX WITH CUTLERY RETROSPOT,1,2011-02-02T12:16:00,4.96,,United Kingdom
542999,22456,NATURAL SLATE CHALKBOARD LARGE,1,2011-02-02T12:16:00,9.96,,United Kingdom
542999,22468,BABUSHKA LIGHTS STRING OF 10,1,2011-02-02T12:16:00,13.29,,United Kingdom
542999,22502,PICNIC BASKET WICKER SMALL,3,2011-02-02T12:16:00,8.29,,United Kingdom
542999,22665,RECIPE BOX BLUE SKETCHBOOK DESIGN,1,2011-02-02T12:16:00,5.79,,United Kingdom
542999,22666,RECIPE BOX PANTRY YELLOW DESIGN,6,2011-02-02T12:16:00,5.79,,United Kingdom
542999,22668,PINK BABY BUNTING,2,2011-02-02T12:16:00,5.79,,United Kingdom
542999,22674,FRENCH TOILET SIGN BLUE METAL,1,2011-02-02T12:16:00,2.46,,United Kingdom
542999,22697,GREEN REGENCY TEACUP AND SAUCER,1,2011-02-02T12:16:00,5.79,,United Kingdom
542999,22719,GUMBALL MONOCHROME COAT RACK,1,2011-02-02T12:16:00,2.46,,United Kingdom
542999,22964,3 PIECE SPACEBOY COOKIE CUTTER SET,1,2011-02-02T12:16:00,4.13,,United Kingdom
542999,37333,"RETRO ""TEA FOR ONE""",1,2011-02-02T12:16:00,10.79,,United Kingdom
542999,47566b,TEA TIME PARTY BUNTING,1,2011-02-02T12:16:00,8.29,,United Kingdom
542999,48138,DOORMAT UNION FLAG,1,2011-02-02T12:16:00,16.63,,United Kingdom
542999,48194,DOORMAT HEARTS,2,2011-02-02T12:16:00,14.13,,United Kingdom
542999,72807b,SET/3 OCEAN SCENT CANDLE JEWEL BOX,1,2011-02-02T12:16:00,8.29,,United Kingdom
542999,75049L,LARGE CIRCULAR MIRROR MOBILE,1,2011-02-02T12:16:00,2.46,,United Kingdom
542999,82482,WOODEN PICTURE FRAME WHITE FINISH,1,2011-02-02T12:16:00,4.96,,United Kingdom
542999,82494l,WOODEN FRAME ANTIQUE WHITE,1,2011-02-02T12:16:00,8.29,,United Kingdom
542999,82580,BATHROOM METAL SIGN,1,2011-02-02T12:16:00,1.25,,United Kingdom
542999,82583,HOT BATHS METAL SIGN,2,2011-02-02T12:16:00,4.13,,United Kingdom
542999,84347,ROTATING SILVER ANGELS T-LIGHT HLDR,1,2011-02-02T12:16:00,5.79,,United Kingdom
542999,84992,72 SWEETHEART FAIRY CAKE CASES,1,2011-02-02T12:16:00,2.08,,United Kingdom
542999,85099B,JUMBO BAG RED RETROSPOT,2,2011-02-02T12:16:00,4.13,,United Kingdom
542999,DOT,DOTCOM POSTAGE,1,2011-02-02T12:16:00,142.29,,United Kingdom
543133,21216,"SET 3 RETROSPOT TEA,COFFEE,SUGAR",4,2011-02-03T15:27:00,4.95,15235,United Kingdom
543133,21218,RED SPOTTY BISCUIT TIN,6,2011-02-03T15:27:00,3.75,15235,United Kingdom
543133,22703,PINK CAT BOWL,6,2011-02-03T15:27:00,2.1,15235,United Kingdom
543133,22844,VINTAGE CREAM DOG FOOD CONTAINER,2,2011-02-03T15:27:00,8.5,15235,United Kingdom
543167,21354,TOAST ITS - BEST MUM,36,2011-02-04T08:56:00,1.25,17457,United Kingdom
543167,21609,SET 12 LAVENDER  BOTANICAL T-LIGHTS,24,2011-02-04T08:56:00,2.95,17457,United Kingdom
543167,85036A,GARDENIA 1 WICK MORRIS BOXED CANDLE,36,2011-02-04T08:56:00,3.81,17457,United Kingdom
543167,85206A,CREAM FELT EASTER EGG BASKET,54,2011-02-04T08:56:00,1.45,17457,United Kingdom
543592,21873,IF YOU CAN'T STAND THE HEAT MUG,6,2011-02-10T11:57:00,1.25,17243,United Kingdom
543592,21889,WOODEN BOX OF DOMINOES,5,2011-02-10T11:57:00,1.25,17243,United Kingdom
543592,22055,MINI CAKE STAND  HANGING STRAWBERY,7,2011-02-10T11:57:00,1.65,17243,United Kingdom
543592,22311,OFFICE MUG WARMER BLACK+SILVER,8,2011-02-10T11:57:00,2.95,17243,United Kingdom
543592,22470,HEART OF WICKER LARGE,6,2011-02-10T11:57:00,2.95,17243,United Kingdom
543592,22623,BOX OF VINTAGE JIGSAW BLOCKS,2,2011-02-10T11:57:00,4.95,17243,United Kingdom
543592,22721,SET OF 3 CAKE TINS SKETCHBOOK,4,2011-02-10T11:57:00,4.95,17243,United Kingdom
543592,72802B,OCEAN SCENT CANDLE IN JEWELLED BOX,6,2011-02-10T11:57:00,4.25,17243,United Kingdom
543592,72802C,VANILLA SCENT CANDLE JEWELLED BOX,6,2011-02-10T11:57:00,4.25,17243,United Kingdom
543592,82484,WOOD BLACK BOARD ANT WHITE FINISH,4,2011-02-10T11:57:00,7.95,17243,United Kingdom
543592,84050,PINK HEART SHAPE EGG FRYING PAN,11,2011-02-10T11:57:00,1.65,17243,United Kingdom
543592,84378,SET OF 3 HEART COOKIE CUTTERS,8,2011-02-10T11:57:00,1.25,17243,United Kingdom
543592,84836,ZINC METAL HEART DECORATION,24,2011-02-10T11:57:00,1.25,17243,United Kingdom
543592,85123A,WHITE HANGING HEART T-LIGHT HOLDER,9,2011-02-10T11:57:00,2.95,17243,United Kingdom
543651,16219,HOUSE SHAPE PENCIL SHARPENER,12,2011-02-11T10:06:00,0.21,16306,United Kingdom
543651,20757,RED DAISY POCKET BOOK,12,2011-02-11T10:06:00,0.85,16306,United Kingdom
543651,20979,36 PENCILS TUBE RED RETROSPOT,16,2011-02-11T10:06:00,1.25,16306,United Kingdom
543651,21705,BAG 500g SWIRLY MARBLES,12,2011-02-11T10:06:00,1.65,16306,United Kingdom
543651,21746,SMALL RED RETROSPOT WINDMILL,12,2011-02-11T10:06:00,1.25,16306,United Kingdom
543651,21790,VINTAGE SNAP CARDS,12,2011-02-11T10:06:00,0.85,16306,United Kingdom
543651,21830,ASSORTED CREEPY CRAWLIES,24,2011-02-11T10:06:00,0.42,16306,United Kingdom
543651,21891,TRADITIONAL WOODEN SKIPPING ROPE,12,2011-02-11T10:06:00,1.25,16306,United Kingdom
543651,21892,TRADITIONAL WOODEN CATCH CUP GAME,12,2011-02-11T10:06:00,1.25,16306,United Kingdom
543651,21915,RED  HARMONICA IN BOX,12,2011-02-11T10:06:00,1.25,16306,United Kingdom
543651,22147,FELTCRAFT BUTTERFLY HEARTS,12,2011-02-11T10:06:00,1.45,16306,United Kingdom
543651,22148,EASTER CRAFT 4 CHICKS,12,2011-02-11T10:06:00,1.95,16306,United Kingdom
543651,22149,FELTCRAFT 6 FLOWER FRIENDS,6,2011-02-11T10:06:00,2.1,16306,United Kingdom
543651,22499,WOODEN UNION JACK BUNTING,6,2011-02-11T10:06:00,5.95,16306,United Kingdom
543651,22559,SEASIDE FLYING DISC,12,2011-02-11T10:06:00,1.25,16306,United Kingdom
543651,22560,TRADITIONAL MODELLING CLAY,24,2011-02-11T10:06:00,1.25,16306,United Kingdom
543651,22637,PIGGY BANK RETROSPOT,4,2011-02-11T10:06:00,2.55,16306,United Kingdom
543651,22644,CERAMIC CHERRY CAKE MONEY BANK,12,2011-02-11T10:06:00,1.45,16306,United Kingdom
543651,22741,FUNKY DIVA PEN,48,2011-02-11T10:06:00,0.85,16306,United Kingdom
543991,16014,SMALL CHINESE STYLE SCISSOR,1500,2011-02-15T10:17:00,0.32,13848,United Kingdom
543991,16015,MEDIUM CHINESE STYLE SCISSOR,100,2011-02-15T10:17:00,0.5,13848,United Kingdom
543991,16016,LARGE CHINESE STYLE SCISSOR,100,2011-02-15T10:17:00,0.85,13848,United Kingdom
544041,20914,SET/5 RED RETROSPOT LID GLASS BOWLS,6,2011-02-15T11:50:00,2.95,17730,United Kingdom
544041,20972,PINK CREAM FELT CRAFT TRINKET BOX,12,2011-02-15T11:50:00,1.25,17730,United Kingdom
544041,21216,"SET 3 RETROSPOT TEA,COFFEE,SUGAR",24,2011-02-15T11:50:00,4.25,17730,United Kingdom
544041,21218,RED SPOTTY BISCUIT TIN,6,2011-02-15T11:50:00,3.75,17730,United Kingdom
544041,21519,GIN & TONIC DIET GREETING CARD,12,2011-02-15T11:50:00,0.42,17730,United Kingdom
544041,21527,RED RETROSPOT TRADITIONAL TEAPOT,2,2011-02-15T11:50:00,7.95,17730,United Kingdom
544041,21870,I CAN ONLY PLEASE ONE PERSON MUG,12,2011-02-15T11:50:00,1.25,17730,United Kingdom
544041,21872,GLAMOROUS  MUG,12,2011-02-15T11:50:00,1.25,17730,United Kingdom
544041,21874,GIN AND TONIC MUG,12,2011-02-15T11:50:00,1.25,17730,United Kingdom
544041,22077,6 RIBBONS RUSTIC CHARM,24,2011-02-15T11:50:00,1.65,17730,United Kingdom
544041,22179,SET 10 LIGHTS NIGHT OWL,4,2011-02-15T11:50:00,6.75,17730,United Kingdom
544041,22505,MEMO BOARD COTTAGE DESIGN,4,2011-02-15T11:50:00,4.95,17730,United Kingdom
544041,22667,RECIPE BOX RETROSPOT,6,2011-02-15T11:50:00,2.95,17730,United Kingdom
544041,22819,"BIRTHDAY CARD, RETRO SPOT",12,2011-02-15T11:50:00,0.42,17730,United Kingdom
544041,22984,CARD GINGHAM ROSE,12,2011-02-15T11:50:00,0.42,17730,United Kingdom
544041,84247G,"DECOUPAGE,GREETING CARD,",12,2011-02-15T11:50:00,0.42,17730,United Kingdom
544041,84406B,CREAM CUPID HEARTS COAT HANGER,8,2011-02-15T11:50:00,4.15,17730,United Kingdom
544063,22837,,-9,2011-02-15T13:37:00,0,,United Kingdom
544064,21272,SALLE DE BAIN HOOK,2,2011-02-15T13:50:00,1.25,17114,United Kingdom
544064,21361,LOVE LARGE WOOD LETTERS,1,2011-02-15T13:50:00,12.75,17114,United Kingdom
544064,21363,HOME SMALL WOOD LETTERS,1,2011-02-15T13:50:00,4.95,17114,United Kingdom
544064,21364,PEACE SMALL WOOD LETTERS,1,2011-02-15T13:50:00,6.75,17114,United Kingdom
544064,21524,DOORMAT SPOTTY HOME SWEET HOME,1,2011-02-15T13:50:00,7.95,17114,United Kingdom
544064,22171,3 HOOK PHOTO SHELF ANTIQUE WHITE,1,2011-02-15T13:50:00,8.5,17114,United Kingdom
544064,22442,GROW YOUR OWN FLOWERS SET OF 3,1,2011-02-15T13:50:00,7.95,17114,United Kingdom
544064,22443,GROW YOUR OWN HERBS SET OF 3,1,2011-02-15T13:50:00,7.95,17114,United Kingdom
544064,22456,NATURAL SLATE CHALKBOARD LARGE,1,2011-02-15T13:50:00,4.95,17114,United Kingdom
544064,22457,NATURAL SLATE HEART CHALKBOARD,3,2011-02-15T13:50:00,2.95,17114,United Kingdom
544064,22794,SWEETHEART WIRE MAGAZINE RACK,1,2011-02-15T13:50:00,7.95,17114,United Kingdom
544064,22796,PHOTO FRAME 3 CLASSIC HANGING,1,2011-02-15T13:50:00,9.95,17114,United Kingdom
544064,22912,YELLOW COAT RACK PARIS FASHION,1,2011-02-15T13:50:00,4.95,17114,United Kingdom
544064,22913,RED COAT RACK PARIS FASHION,1,2011-02-15T13:50:00,4.95,17114,United Kingdom
544064,48138,DOORMAT UNION FLAG,1,2011-02-15T13:50:00,7.95,17114,United Kingdom
544064,82482,WOODEN PICTURE FRAME WHITE FINISH,1,2011-02-15T13:50:00,2.55,17114,United Kingdom
544064,82486,WOOD S/3 CABINET ANT WHITE FINISH,1,2011-02-15T13:50:00,8.95,17114,United Kingdom
544064,82494L,WOODEN FRAME ANTIQUE WHITE,1,2011-02-15T13:50:00,2.95,17114,United Kingdom
544064,84792,ENCHANTED BIRD COATHANGER 5 HOOK,1,2011-02-15T13:50:00,4.65,17114,United Kingdom
544085,35004C,SET OF 3 COLOURED  FLYING DUCKS,1,2011-02-15T16:49:00,5.45,,United Kingdom
544106,20956,PORCELAIN T-LIGHT HOLDERS ASSORTED,8,2011-02-16T10:47:00,1.25,14530,United Kingdom
544106,21745,GAOLERS KEYS DECORATIVE GARDEN,3,2011-02-16T10:47:00,3.75,14530,United Kingdom
544106,21793,CLASSIC FRENCH STYLE BASKET BROWN,3,2011-02-16T10:47:00,6.75,14530,United Kingdom
544106,21922,UNION STRIPE WITH FRINGE  HAMMOCK,1,2011-02-16T10:47:00,7.95,14530,United Kingdom
544106,22169,FAMILY ALBUM WHITE PICTURE FRAME,1,2011-02-16T10:47:00,8.5,14530,United Kingdom
544106,22170,PICTURE FRAME WOOD TRIPLE PORTRAIT,2,2011-02-16T10:47:00,6.75,14530,United Kingdom
544106,22171,3 HOOK PHOTO SHELF ANTIQUE WHITE,2,2011-02-16T10:47:00,8.5,14530,United Kingdom
544106,22173,METAL 4 HOOK HANGER FRENCH CHATEAU,8,2011-02-16T10:47:00,2.95,14530,United Kingdom
544106,22178,VICTORIAN GLASS HANGING T-LIGHT,6,2011-02-16T10:47:00,1.25,14530,United Kingdom
544106,22185,SLATE TILE NATURAL HANGING,36,2011-02-16T10:47:00,1.45,14530,United Kingdom
544106,22188,BLACK HEART CARD HOLDER,4,2011-02-16T10:47:00,3.95,14530,United Kingdom
544106,22189,CREAM HEART CARD HOLDER,6,2011-02-16T10:47:00,3.95,14530,United Kingdom
544106,22264,FELT FARM ANIMAL WHITE BUNNY,48,2011-02-16T10:47:00,0.85,14530,United Kingdom
544106,22294,HEART FILIGREE DOVE  SMALL,24,2011-02-16T10:47:00,1.25,14530,United Kingdom
544106,22295,HEART FILIGREE DOVE LARGE,12,2011-02-16T10:47:00,1.65,14530,United Kingdom
544106,22296,HEART IVORY TRELLIS LARGE,12,2011-02-16T10:47:00,1.65,14530,United Kingdom
544106,22456,NATURAL SLATE CHALKBOARD LARGE,6,2011-02-16T10:47:00,4.95,14530,United Kingdom
544106,22457,NATURAL SLATE HEART CHALKBOARD,12,2011-02-16T10:47:00,2.95,14530,United Kingdom
544106,22457,NATURAL SLATE HEART CHALKBOARD,12,2011-02-16T10:47:00,2.95,14530,United Kingdom
544106,22459,CAST IRON HOOK GARDEN TROWEL,2,2011-02-16T10:47:00,2.55,14530,United Kingdom
544106,22460,EMBOSSED GLASS TEALIGHT HOLDER,3,2011-02-16T10:47:00,1.25,14530,United Kingdom
544106,22469,HEART OF WICKER SMALL,1,2011-02-16T10:47:00,1.65,14530,United Kingdom
544106,22469,HEART OF WICKER SMALL,4,2011-02-16T10:47:00,1.65,14530,United Kingdom
544106,22470,HEART OF WICKER LARGE,4,2011-02-16T10:47:00,2.95,14530,United Kingdom
544106,22488,NATURAL SLATE RECTANGLE CHALKBOARD,6,2011-02-16T10:47:00,1.65,14530,United Kingdom
544106,22507,MEMO BOARD RETROSPOT  DESIGN,1,2011-02-16T10:47:00,4.95,14530,United Kingdom
544106,22766,PHOTO FRAME CORNICE,4,2011-02-16T10:47:00,2.95,14530,United Kingdom
544106,22767,TRIPLE PHOTO FRAME CORNICE,1,2011-02-16T10:47:00,9.95,14530,United Kingdom
544106,22768,FAMILY PHOTO FRAME CORNICE,1,2011-02-16T10:47:00,9.95,14530,United Kingdom
544106,22789,T-LIGHT HOLDER SWEETHEART HANGING,4,2011-02-16T10:47:00,1.95,14530,United Kingdom
544106,22791,T-LIGHT GLASS FLUTED ANTIQUE,12,2011-02-16T10:47:00,1.25,14530,United Kingdom
544106,22794,SWEETHEART WIRE MAGAZINE RACK,1,2011-02-16T10:47:00,7.95,14530,United Kingdom
544106,71101E,STANDING FAIRY POLE SUPPORT,2,2011-02-16T10:47:00,0.85,14530,United Kingdom
544106,82482,WOODEN PICTURE FRAME WHITE FINISH,4,2011-02-16T10:47:00,2.55,14530,United Kingdom
544106,82483,WOOD 2 DRAWER CABINET WHITE FINISH,2,2011-02-16T10:47:00,6.95,14530,United Kingdom
544106,82484,WOOD BLACK BOARD ANT WHITE FINISH,2,2011-02-16T10:47:00,7.95,14530,United Kingdom
544106,82486,WOOD S/3 CABINET ANT WHITE FINISH,2,2011-02-16T10:47:00,8.95,14530,United Kingdom
544106,84406B,CREAM CUPID HEARTS COAT HANGER,2,2011-02-16T10:47:00,4.15,14530,United Kingdom
544106,85066,CREAM SWEETHEART MINI CHEST,1,2011-02-16T10:47:00,12.75,14530,United Kingdom
544106,85123A,WHITE HANGING HEART T-LIGHT HOLDER,6,2011-02-16T10:47:00,2.95,14530,United Kingdom
544106,85186C,BUNNY EGG GARLAND,48,2011-02-16T10:47:00,0.42,14530,United Kingdom
544106,85187,S/12 MINI RABBIT EASTER,4,2011-02-16T10:47:00,1.65,14530,United Kingdom
544106,85188A,GREEN METAL SWINGING BUNNY,24,2011-02-16T10:47:00,0.85,14530,United Kingdom
544106,85188B,PINK METAL SWINGING BUNNY,19,2011-02-16T10:47:00,0.85,14530,United Kingdom
544106,85206A,CREAM FELT EASTER EGG BASKET,5,2011-02-16T10:47:00,1.65,14530,United Kingdom
544176,21012,ANTIQUE ALL GLASS CANDLESTICK,12,2011-02-16T14:18:00,2.1,18219,United Kingdom
544176,21519,GIN & TONIC DIET GREETING CARD,12,2011-02-16T14:18:00,0.42,18219,United Kingdom
544176,21745,GAOLERS KEYS DECORATIVE GARDEN,4,2011-02-16T14:18:00,3.75,18219,United Kingdom
544176,21754,HOME BUILDING BLOCK WORD,3,2011-02-16T14:18:00,5.95,18219,United Kingdom
544176,84879,ASSORTED COLOUR BIRD ORNAMENT,8,2011-02-16T14:18:00,1.69,18219,United Kingdom
544176,85123A,WHITE HANGING HEART T-LIGHT HOLDER,6,2011-02-16T14:18:00,2.95,18219,United Kingdom
544180,10135,COLOURING PENCILS BROWN TUBE,10,2011-02-16T14:48:00,1.25,14309,United Kingdom
544180,21066,VINTAGE RED MUG,12,2011-02-16T14:48:00,1.25,14309,United Kingdom
544180,21068,VINTAGE BILLBOARD LOVE/HATE MUG,12,2011-02-16T14:48:00,1.25,14309,United Kingdom
544180,21069,VINTAGE BILLBOARD TEA MUG,12,2011-02-16T14:48:00,1.25,14309,United Kingdom
544180,21071,VINTAGE BILLBOARD DRINK ME MUG,12,2011-02-16T14:48:00,1.25,14309,United Kingdom
544180,22489,PACK OF 12 TRADITIONAL CRAYONS,24,2011-02-16T14:48:00,0.42,14309,United Kingdom
544180,22748,POPPY'S PLAYHOUSE KITCHEN,6,2011-02-16T14:48:00,2.1,14309,United Kingdom
544180,84945,MULTI COLOUR SILVER T-LIGHT HOLDER,192,2011-02-16T14:48:00,0.72,14309,United Kingdom
544470,21527,RED RETROSPOT TRADITIONAL TEAPOT,2,2011-02-21T08:38:00,7.95,12707,France
544470,21528,DAIRY MAID TRADITIONAL TEAPOT,6,2011-02-21T08:38:00,6.95,12707,France
544470,22024,RAINY LADIES BIRTHDAY CARD,12,2011-02-21T08:38:00,0.42,12707,France
544470,22037,ROBOT BIRTHDAY CARD,12,2011-02-21T08:38:00,0.42,12707,France
544470,22084,PAPER CHAIN KIT EMPIRE,6,2011-02-21T08:38:00,2.95,12707,France
544470,22109,FULL ENGLISH BREAKFAST PLATE,4,2011-02-21T08:38:00,3.75,12707,France
544470,22139,RETROSPOT TEA SET CERAMIC 11 PC,6,2011-02-21T08:38:00,4.95,12707,France
544470,22514,CHILDS GARDEN SPADE BLUE,6,2011-02-21T08:38:00,2.1,12707,France
544470,22515,CHILDS GARDEN SPADE PINK,6,2011-02-21T08:38:00,2.1,12707,France
544470,22516,CHILDS GARDEN RAKE BLUE,6,2011-02-21T08:38:00,2.1,12707,France
544470,22517,CHILDS GARDEN RAKE PINK,6,2011-02-21T08:38:00,2.1,12707,France
544470,22518,CHILDS GARDEN BRUSH BLUE,6,2011-02-21T08:38:00,2.1,12707,France
544470,22519,CHILDS GARDEN BRUSH PINK,6,2011-02-21T08:38:00,2.1,12707,France
544470,22520,CHILDS GARDEN TROWEL BLUE,12,2011-02-21T08:38:00,0.85,12707,France
544470,22521,CHILDS GARDEN TROWEL PINK,12,2011-02-21T08:38:00,0.85,12707,France
544470,22522,CHILDS GARDEN FORK BLUE,12,2011-02-21T08:38:00,0.85,12707,France
544470,22523,CHILDS GARDEN FORK PINK,12,2011-02-21T08:38:00,0.85,12707,France
544470,22524,CHILDRENS GARDEN GLOVES BLUE,10,2011-02-21T08:38:00,1.25,12707,France
544470,22525,CHILDRENS GARDEN GLOVES PINK,10,2011-02-21T08:38:00,1.25,12707,France
544470,22605,WOODEN CROQUET GARDEN SET,4,2011-02-21T08:38:00,12.75,12707,France
544470,22606,WOODEN SKITTLES GARDEN SET,4,2011-02-21T08:38:00,12.75,12707,France
544470,22607,WOODEN ROUNDERS GARDEN SET,8,2011-02-21T08:38:00,8.5,12707,France
544470,22619,SET OF 6 SOLDIER SKITTLES,4,2011-02-21T08:38:00,3.75,12707,France
544470,22623,BOX OF VINTAGE JIGSAW BLOCKS,3,2011-02-21T08:38:00,4.95,12707,France
544470,22659,LUNCH BOX I LOVE LONDON,12,2011-02-21T08:38:00,1.95,12707,France
544470,22713,CARD I LOVE LONDON,12,2011-02-21T08:38:00,0.42,12707,France
544470,22891,TEA FOR ONE POLKADOT,3,2011-02-21T08:38:00,4.25,12707,France
544470,22900,SET 2 TEA TOWELS I LOVE LONDON,6,2011-02-21T08:38:00,2.95,12707,France
544470,22922,FRIDGE MAGNETS US DINER ASSORTED,12,2011-02-21T08:38:00,0.85,12707,France
544470,22969,HOMEMADE JAM SCENTED CANDLES,12,2011-02-21T08:38:00,1.45,12707,France
544470,22970,LONDON BUS COFFEE MUG,6,2011-02-21T08:38:00,2.55,12707,France
544470,22971,QUEENS GUARD COFFEE MUG,6,2011-02-21T08:38:00,2.55,12707,France
544470,37370,RETRO COFFEE MUGS ASSORTED,12,2011-02-21T08:38:00,1.25,12707,France
545166,20793,BLUE TILED TRAY,5,2011-02-28T14:03:00,6.75,17027,United Kingdom
545166,21070,VINTAGE BILLBOARD MUG,1,2011-02-28T14:03:00,1.25,17027,United Kingdom
545166,21071,VINTAGE BILLBOARD DRINK ME MUG,2,2011-02-28T14:03:00,1.25,17027,United Kingdom
545166,21135,VICTORIAN  METAL POSTCARD SPRING,8,2011-02-28T14:03:00,1.69,17027,United Kingdom
545166,21484,CHICK GREY HOT WATER BOTTLE,1,2011-02-28T14:03:00,3.45,17027,United Kingdom
545166,22077,6 RIBBONS RUSTIC CHARM,7,2011-02-28T14:03:00,1.65,17027,United Kingdom
545166,22081,RIBBON REEL FLORA + FAUNA,5,2011-02-28T14:03:00,1.65,17027,United Kingdom
545166,22082,RIBBON REEL STRIPES DESIGN,5,2011-02-28T14:03:00,1.65,17027,United Kingdom
545166,22113,GREY HEART HOT WATER BOTTLE,1,2011-02-28T14:03:00,3.75,17027,United Kingdom
545166,22168,ORGANISER WOOD ANTIQUE WHITE,1,2011-02-28T14:03:00,8.5,17027,United Kingdom
545166,22196,SMALL HEART MEASURING SPOONS,1,2011-02-28T14:03:00,0.85,17027,United Kingdom
545166,22414,DOORMAT NEIGHBOURHOOD WITCH,1,2011-02-28T14:03:00,7.95,17027,United Kingdom
545166,22442,GROW YOUR OWN FLOWERS SET OF 3,1,2011-02-28T14:03:00,7.95,17027,United Kingdom
545166,22443,GROW YOUR OWN HERBS SET OF 3,1,2011-02-28T14:03:00,7.95,17027,United Kingdom
545166,22467,GUMBALL COAT RACK,1,2011-02-28T14:03:00,2.55,17027,United Kingdom
545166,22507,MEMO BOARD RETROSPOT  DESIGN,1,2011-02-28T14:03:00,4.95,17027,United Kingdom
545166,22720,SET OF 3 CAKE TINS PANTRY DESIGN,1,2011-02-28T14:03:00,4.95,17027,United Kingdom
545166,22722,SET OF 6 SPICE TINS PANTRY DESIGN,2,2011-02-28T14:03:00,3.95,17027,United Kingdom
545166,22766,PHOTO FRAME CORNICE,1,2011-02-28T14:03:00,2.95,17027,United Kingdom
545166,22912,YELLOW COAT RACK PARIS FASHION,1,2011-02-28T14:03:00,4.95,17027,United Kingdom
545166,22913,RED COAT RACK PARIS FASHION,1,2011-02-28T14:03:00,4.95,17027,United Kingdom
545166,22926,IVORY GIANT GARDEN THERMOMETER,2,2011-02-28T14:03:00,5.95,17027,United Kingdom
545166,22993,SET OF 4 PANTRY JELLY MOULDS,1,2011-02-28T14:03:00,1.25,17027,United Kingdom
545166,22993,SET OF 4 PANTRY JELLY MOULDS,2,2011-02-28T14:03:00,1.25,17027,United Kingdom
545166,71038,WHITE HANGING BEADS CANDLE HOLDER,4,2011-02-28T14:03:00,5.45,17027,United Kingdom
545166,82482,WOODEN PICTURE FRAME WHITE FINISH,2,2011-02-28T14:03:00,2.55,17027,United Kingdom
545166,82551,LAUNDRY 15C METAL SIGN,1,2011-02-28T14:03:00,1.45,17027,United Kingdom
545166,82552,WASHROOM METAL SIGN,1,2011-02-28T14:03:00,1.45,17027,United Kingdom
545166,82578,KITCHEN METAL SIGN,1,2011-02-28T14:03:00,0.55,17027,United Kingdom
545166,82580,BATHROOM METAL SIGN,1,2011-02-28T14:03:00,0.55,17027,United Kingdom
545166,82581,TOILET METAL SIGN,1,2011-02-28T14:03:00,0.55,17027,United Kingdom
545166,84817,DANISH ROSE DECORATIVE PLATE,2,2011-02-28T14:03:00,2.1,17027,United Kingdom
545166,84832,ZINC WILLIE WINKIE  CANDLE STICK,1,2011-02-28T14:03:00,0.85,17027,United Kingdom
545166,84832,ZINC WILLIE WINKIE  CANDLE STICK,1,2011-02-28T14:03:00,0.85,17027,United Kingdom
545166,84847,FLORAL BATHROOM SET,1,2011-02-28T14:03:00,3.75,17027,United Kingdom
545166,84847,FLORAL BATHROOM SET,1,2011-02-28T14:03:00,3.75,17027,United Kingdom
545166,84879,ASSORTED COLOUR BIRD ORNAMENT,4,2011-02-28T14:03:00,1.69,17027,United Kingdom
545166,85049A,TRADITIONAL CHRISTMAS RIBBONS,3,2011-02-28T14:03:00,1.25,17027,United Kingdom
545166,85049F,BABY BOOM RIBBONS,4,2011-02-28T14:03:00,1.25,17027,United Kingdom
545166,85049G,CHOCOLATE BOX RIBBONS,5,2011-02-28T14:03:00,1.25,17027,United Kingdom
545166,85053,FRENCH ENAMEL CANDLEHOLDER,1,2011-02-28T14:03:00,2.1,17027,United Kingdom
545166,85053,FRENCH ENAMEL CANDLEHOLDER,1,2011-02-28T14:03:00,2.1,17027,United Kingdom
545562,20689,,-5,2011-03-03T16:12:00,0,,United Kingdom
545589,21051,RIBBONS PURSE,6,2011-03-04T10:21:00,2.1,17001,United Kingdom
545589,21422,PORCELAIN ROSE SMALL,16,2011-03-04T10:21:00,0.85,17001,United Kingdom
545589,21586,KINGS CHOICE GIANT TUBE MATCHES,12,2011-03-04T10:21:00,2.55,17001,United Kingdom
545589,21634,ASSORTED MINI MADRAS NOTEBOOK,24,2011-03-04T10:21:00,1.25,17001,United Kingdom
545589,21668,RED STRIPE CERAMIC DRAWER KNOB,12,2011-03-04T10:21:00,1.25,17001,United Kingdom
545589,21928,JUMBO BAG SCANDINAVIAN BLUE PAISLEY,20,2011-03-04T10:21:00,1.95,17001,United Kingdom
545589,22173,METAL 4 HOOK HANGER FRENCH CHATEAU,8,2011-03-04T10:21:00,2.95,17001,United Kingdom
545589,22467,GUMBALL COAT RACK,6,2011-03-04T10:21:00,2.55,17001,United Kingdom
545589,22727,ALARM CLOCK BAKELIKE RED,4,2011-03-04T10:21:00,3.75,17001,United Kingdom
545589,22730,ALARM CLOCK BAKELIKE IVORY,8,2011-03-04T10:21:00,3.75,17001,United Kingdom
545589,22846,BREAD BIN DINER STYLE RED,2,2011-03-04T10:21:00,16.95,17001,United Kingdom
545589,84755,COLOUR GLASS T-LIGHT HOLDER HANGING,16,2011-03-04T10:21:00,0.65,17001,United Kingdom
545589,84945,MULTI COLOUR SILVER T-LIGHT HOLDER,12,2011-03-04T10:21:00,0.85,17001,United Kingdom
545589,84978,HANGING HEART JAR T-LIGHT HOLDER,12,2011-03-04T10:21:00,1.25,17001,United Kingdom
545589,85099B,JUMBO BAG RED RETROSPOT,20,2011-03-04T10:21:00,1.95,17001,United Kingdom
545656,23049,RECYCLED ACAPULCO MAT RED,2,2011-03-04T13:58:00,8.25,14057,United Kingdom
545656,23050,RECYCLED ACAPULCO MAT GREEN,2,2011-03-04T13:58:00,8.25,14057,United Kingdom
545656,23051,RECYCLED ACAPULCO MAT BLUE,2,2011-03-04T13:58:00,8.25,14057,United Kingdom
545656,23052,RECYCLED ACAPULCO MAT TURQUOISE,2,2011-03-04T13:58:00,8.25,14057,United Kingdom
545656,23053,RECYCLED ACAPULCO MAT PINK,2,2011-03-04T13:58:00,8.25,14057,United Kingdom
545656,23054,RECYCLED ACAPULCO MAT LAVENDER,2,2011-03-04T13:58:00,8.25,14057,United Kingdom
545715,20676,RED RETROSPOT BOWL,2,2011-03-07T10:13:00,2.46,,United Kingdom
545715,20711,JUMBO BAG TOYS,4,2011-03-07T10:13:00,4.13,,United Kingdom
545715,20712,JUMBO BAG WOODLAND ANIMALS,11,2011-03-07T10:13:00,4.13,,United Kingdom
545715,20713,JUMBO BAG OWLS,2,2011-03-07T10:13:00,4.13,,United Kingdom
545715,20716,PARTY FOOD SHOPPER BAG,1,2011-03-07T10:13:00,2.46,,United Kingdom
545715,21033,JUMBO BAG CHARLIE AND LOLA TOYS,3,2011-03-07T10:13:00,4.13,,United Kingdom
545715,21035,SET/2 RED RETROSPOT TEA TOWELS,1,2011-03-07T10:13:00,6.25,,United Kingdom
545715,21100,CHARLIE AND LOLA CHARLOTTE BAG,3,2011-03-07T10:13:00,4.13,,United Kingdom
545715,21181,PLEASE ONE PERSON METAL SIGN,2,2011-03-07T10:13:00,4.13,,United Kingdom
545715,21216,"SET 3 RETROSPOT TEA,COFFEE,SUGAR",2,2011-03-07T10:13:00,10.79,,United Kingdom
545715,21217,RED RETROSPOT ROUND CAKE TINS,1,2011-03-07T10:13:00,20.79,,United Kingdom
545715,21218,RED SPOTTY BISCUIT TIN,1,2011-03-07T10:13:00,8.29,,United Kingdom
545715,21257,VICTORIAN SEWING BOX MEDIUM,1,2011-03-07T10:13:00,15.79,,United Kingdom
545715,21428,SET3 BOOK BOX GREEN GINGHAM FLOWER,1,2011-03-07T10:13:00,8.29,,United Kingdom
545715,21494,ROTATING LEAVES T-LIGHT HOLDER,1,2011-03-07T10:13:00,5.79,,United Kingdom
545715,21557,SET OF 6 FUNKY BEAKERS,1,2011-03-07T10:13:00,5.63,,United Kingdom
545715,21559,STRAWBERRY LUNCH BOX WITH CUTLERY,1,2011-03-07T10:13:00,4.96,,United Kingdom
545715,21754,HOME BUILDING BLOCK WORD,1,2011-03-07T10:13:00,11.63,,United Kingdom
545715,21928,JUMBO BAG SCANDINAVIAN BLUE PAISLEY,1,2011-03-07T10:13:00,4.13,,United Kingdom
545715,21931,JUMBO STORAGE BAG SUKI,7,2011-03-07T10:13:00,4.13,,United Kingdom
545715,22041,"RECORD FRAME 7"" SINGLE SIZE",1,2011-03-07T10:13:00,4.96,,United Kingdom
545715,22161,HEART DECORATION RUSTIC HANGING,1,2011-03-07T10:13:00,1.63,,United Kingdom
545715,22196,SMALL HEART MEASURING SPOONS,4,2011-03-07T10:13:00,1.63,,United Kingdom
545715,22352,LUNCH BOX WITH CUTLERY RETROSPOT,1,2011-03-07T10:13:00,4.96,,United Kingdom
545715,22378,WALL TIDY RETROSPOT,1,2011-03-07T10:13:00,4.96,,United Kingdom
545715,22379,RECYCLING BAG RETROSPOT,4,2011-03-07T10:13:00,4.96,,United Kingdom
545715,22383,LUNCH BAG SUKI DESIGN,2,2011-03-07T10:13:00,4.96,,United Kingdom
545715,22385,JUMBO BAG SPACEBOY DESIGN,2,2011-03-07T10:13:00,4.13,,United Kingdom
545715,22386,JUMBO BAG PINK POLKADOT,2,2011-03-07T10:13:00,4.13,,United Kingdom
545715,22411,JUMBO SHOPPER VINTAGE RED PAISLEY,1,2011-03-07T10:13:00,4.13,,United Kingdom
545715,22456,NATURAL SLATE CHALKBOARD LARGE,3,2011-03-07T10:13:00,9.96,,United Kingdom
545715,22469,HEART OF WICKER SMALL,2,2011-03-07T10:13:00,4.13,,United Kingdom
545715,22518,CHILDS GARDEN BRUSH BLUE,1,2011-03-07T10:13:00,4.13,,United Kingdom
545715,22519,CHILDS GARDEN BRUSH PINK,1,2011-03-07T10:13:00,4.13,,United Kingdom
545715,22524,CHILDRENS GARDEN GLOVES BLUE,20,2011-03-07T10:13:00,3.29,,United Kingdom
545715,22525,CHILDRENS GARDEN GLOVES PINK,1,2011-03-07T10:13:00,3.29,,United Kingdom
545715,22629,SPACEBOY LUNCH BOX,1,2011-03-07T10:13:00,2.46,,United Kingdom
545715,22668,PINK BABY BUNTING,2,2011-03-07T10:13:00,5.79,,United Kingdom
545715,22719,GUMBALL MONOCHROME COAT RACK,1,2011-03-07T10:13:00,2.46,,United Kingdom
545715,22722,SET OF 6 SPICE TINS PANTRY DESIGN,1,2011-03-07T10:13:00,8.29,,United Kingdom
545715,22844,VINTAGE CREAM DOG FOOD CONTAINER,3,2011-03-07T10:13:00,16.63,,United Kingdom
545715,22961,JAM MAKING SET PRINTED,1,2011-03-07T10:13:00,3.29,,United Kingdom
545715,47566b,TEA TIME PARTY BUNTING,1,2011-03-07T10:13:00,8.29,,United Kingdom
545715,48185,DOORMAT FAIRY CAKE,2,2011-03-07T10:13:00,14.13,,United Kingdom
545715,72801d,4 SKY BLUE DINNER CANDLES,1,2011-03-07T10:13:00,2.46,,United Kingdom
545715,82482,WOODEN PICTURE FRAME WHITE FINISH,7,2011-03-07T10:13:00,4.96,,United Kingdom
545715,82600,NO SINGING METAL SIGN,1,2011-03-07T10:13:00,4.13,,United Kingdom
545715,84988,SET OF 72 PINK HEART PAPER DOILIES,1,2011-03-07T10:13:00,3.75,,United Kingdom
545715,85099B,JUMBO BAG RED RETROSPOT,1,2011-03-07T10:13:00,4.13,,United Kingdom
545715,DOT,DOTCOM POSTAGE,1,2011-03-07T10:13:00,180.92,,United Kingdom
545937,20652,BLUE POLKADOT LUGGAGE TAG,12,2011-03-08T12:05:00,1.25,12758,Portugal
545937,20658,RED RETROSPOT LUGGAGE TAG,12,2011-03-08T12:05:00,1.25,12758,Portugal
545937,20724,RED RETROSPOT CHARLOTTE BAG,20,2011-03-08T12:05:00,0.85,12758,Portugal
545937,20725,LUNCH BAG RED RETROSPOT,30,2011-03-08T12:05:00,1.65,12758,Portugal
545937,20728,LUNCH BAG CARS BLUE,20,2011-03-08T12:05:00,1.65,12758,Portugal
545937,20749,ASSORTED COLOUR MINI CASES,2,2011-03-08T12:05:00,7.95,12758,Portugal
545937,20750,RED RETROSPOT MINI CASES,6,2011-03-08T12:05:00,7.95,12758,Portugal
545937,21165,BEWARE OF THE CAT METAL SIGN,12,2011-03-08T12:05:00,1.69,12758,Portugal
545937,21181,PLEASE ONE PERSON METAL SIGN,12,2011-03-08T12:05:00,2.1,12758,Portugal
545937,21210,SET OF 72 RETROSPOT PAPER  DOILIES,12,2011-03-08T12:05:00,1.45,12758,Portugal
545937,21218,RED SPOTTY BISCUIT TIN,6,2011-03-08T12:05:00,3.75,12758,Portugal
545937,21506,"FANCY FONT BIRTHDAY CARD,",24,2011-03-08T12:05:00,0.42,12758,Portugal
545937,21745,GAOLERS KEYS DECORATIVE GARDEN,4,2011-03-08T12:05:00,3.75,12758,Portugal
545937,21928,JUMBO BAG SCANDINAVIAN BLUE PAISLEY,30,2011-03-08T12:05:00,1.95,12758,Portugal
545937,21929,JUMBO BAG PINK VINTAGE PAISLEY,30,2011-03-08T12:05:00,1.95,12758,Portugal
545937,21931,JUMBO STORAGE BAG SUKI,30,2011-03-08T12:05:00,1.95,12758,Portugal
545937,22276,WASH BAG VINTAGE ROSE PAISLEY,24,2011-03-08T12:05:00,2.55,12758,Portugal
545937,22277,COSMETIC BAG VINTAGE ROSE PAISLEY,6,2011-03-08T12:05:00,2.1,12758,Portugal
545937,22355,CHARLOTTE BAG SUKI DESIGN,20,2011-03-08T12:05:00,0.85,12758,Portugal
545937,22357,KINGS CHOICE BISCUIT TIN,4,2011-03-08T12:05:00,4.25,12758,Portugal
545937,22383,LUNCH BAG SUKI DESIGN,40,2011-03-08T12:05:00,1.65,12758,Portugal
545937,22384,LUNCH BAG PINK POLKADOT,20,2011-03-08T12:05:00,1.65,12758,Portugal
545937,22385,JUMBO BAG SPACEBOY DESIGN,10,2011-03-08T12:05:00,1.95,12758,Portugal
545937,22386,JUMBO BAG PINK POLKADOT,20,2011-03-08T12:05:00,1.95,12758,Portugal
545937,22399,MAGNETS PACK OF 4 CHILDHOOD MEMORY,12,2011-03-08T12:05:00,1.25,12758,Portugal
545937,22402,MAGNETS PACK OF 4 VINTAGE COLLAGE,12,2011-03-08T12:05:00,1.25,12758,Portugal
545937,22411,JUMBO SHOPPER VINTAGE RED PAISLEY,30,2011-03-08T12:05:00,1.95,12758,Portugal
545937,22472,TV DINNER TRAY DOLLY GIRL,3,2011-03-08T12:05:00,4.95,12758,Portugal
545937,22492,MINI PAINT SET VINTAGE,72,2011-03-08T12:05:00,0.65,12758,Portugal
545937,22630,DOLLY GIRL LUNCH BOX,12,2011-03-08T12:05:00,1.95,12758,Portugal
545937,22661,CHARLOTTE BAG DOLLY GIRL DESIGN,20,2011-03-08T12:05:00,0.85,12758,Portugal
545937,22662,LUNCH BAG DOLLY GIRL DESIGN,20,2011-03-08T12:05:00,1.65,12758,Portugal
545937,22663,JUMBO BAG DOLLY GIRL DESIGN,20,2011-03-08T12:05:00,1.95,12758,Portugal
545937,22667,RECIPE BOX RETROSPOT,6,2011-03-08T12:05:00,2.95,12758,Portugal
545937,22740,POLKADOT PEN,48,2011-03-08T12:05:00,0.85,12758,Portugal
545937,22899,CHILDREN'S APRON DOLLY GIRL,6,2011-03-08T12:05:00,2.1,12758,Portugal
545937,22923,FRIDGE MAGNETS LES ENFANTS ASSORTED,12,2011-03-08T12:05:00,0.85,12758,Portugal
545937,22957,SET 3 PAPER VINTAGE CHICK PAPER EGG,12,2011-03-08T12:05:00,2.95,12758,Portugal
545937,22967,SET 3 SONG BIRD PAPER EGGS ASSORTED,6,2011-03-08T12:05:00,2.95,12758,Portugal
545937,22974,CHILDRENS DOLLY GIRL MUG,12,2011-03-08T12:05:00,1.65,12758,Portugal
545937,22983,CARD BILLBOARD FONT,12,2011-03-08T12:05:00,0.42,12758,Portugal
545937,22994,TRAVEL CARD WALLET RETROSPOT,48,2011-03-08T12:05:00,0.42,12758,Portugal
545937,22995,TRAVEL CARD WALLET SUKI,48,2011-03-08T12:05:00,0.42,12758,Portugal
545937,22996,TRAVEL CARD WALLET VINTAGE TICKET,48,2011-03-08T12:05:00,0.42,12758,Portugal
545937,23000,TRAVEL CARD WALLET TRANSPORT,48,2011-03-08T12:05:00,0.42,12758,Portugal
545937,23006,TRAVEL CARD WALLET FLOWER MEADOW,48,2011-03-08T12:05:00,0.42,12758,Portugal
545937,23176,ABC TREASURE BOOK BOX,24,2011-03-08T12:05:00,2.25,12758,Portugal
545937,23178,JAM CLOCK MAGNET,6,2011-03-08T12:05:00,2.89,12758,Portugal
545937,23179,CLOCK MAGNET MUM'S KITCHEN,6,2011-03-08T12:05:00,2.89,12758,Portugal
545937,23187,FRENCH STYLE STORAGE JAR BONBONS,12,2011-03-08T12:05:00,1.25,12758,Portugal
545937,82583,HOT BATHS METAL SIGN,12,2011-03-08T12:05:00,2.1,12758,Portugal
545937,82600,NO SINGING METAL SIGN,12,2011-03-08T12:05:00,2.1,12758,Portugal
545937,84879,ASSORTED COLOUR BIRD ORNAMENT,24,2011-03-08T12:05:00,1.69,12758,Portugal
545937,85099B,JUMBO BAG RED RETROSPOT,20,2011-03-08T12:05:00,1.95,12758,Portugal
545937,85099C,JUMBO  BAG BAROQUE BLACK WHITE,20,2011-03-08T12:05:00,1.95,12758,Portugal
545937,85150,LADIES & GENTLEMEN METAL SIGN,12,2011-03-08T12:05:00,2.55,12758,Portugal
546034,21507,"ELEPHANT, BIRTHDAY CARD,",12,2011-03-09T09:44:00,0.42,14032,United Kingdom
546034,21509,COWBOYS AND INDIANS BIRTHDAY CARD,12,2011-03-09T09:44:00,0.42,14032,United Kingdom
546034,21731,RED TOADSTOOL LED NIGHT LIGHT,12,2011-03-09T09:44:00,1.65,14032,United Kingdom
546034,21918,SET 12 KIDS COLOUR  CHALK STICKS,24,2011-03-09T09:44:00,0.42,14032,United Kingdom
546034,22030,SWALLOWS GREETING CARD,12,2011-03-09T09:44:00,0.42,14032,United Kingdom
546034,22064,PINK DOUGHNUT TRINKET POT,12,2011-03-09T09:44:00,1.65,14032,United Kingdom
546034,22109,FULL ENGLISH BREAKFAST PLATE,8,2011-03-09T09:44:00,3.75,14032,United Kingdom
546034,22197,SMALL POPCORN HOLDER,12,2011-03-09T09:44:00,0.85,14032,United Kingdom
546034,22441,GROW YOUR OWN BASIL IN ENAMEL MUG,8,2011-03-09T09:44:00,2.1,14032,United Kingdom
546034,22636,CHILDS BREAKFAST SET CIRCUS PARADE,4,2011-03-09T09:44:00,8.5,14032,United Kingdom
546034,22659,LUNCH BOX I LOVE LONDON,12,2011-03-09T09:44:00,1.95,14032,United Kingdom
546034,22713,CARD I LOVE LONDON,12,2011-03-09T09:44:00,0.42,14032,United Kingdom
546034,22892,SET OF SALT AND PEPPER TOADSTOOLS,12,2011-03-09T09:44:00,1.25,14032,United Kingdom
546034,22900,SET 2 TEA TOWELS I LOVE LONDON,12,2011-03-09T09:44:00,2.95,14032,United Kingdom
546034,22970,LONDON BUS COFFEE MUG,6,2011-03-09T09:44:00,2.55,14032,United Kingdom
546034,22976,CIRCUS PARADE CHILDRENS EGG CUP,12,2011-03-09T09:44:00,1.25,14032,United Kingdom
546034,22996,TRAVEL CARD WALLET VINTAGE TICKET,24,2011-03-09T09:44:00,0.42,14032,United Kingdom
546034,23230,WRAP ALPHABET DESIGN,25,2011-03-09T09:44:00,0.42,14032,United Kingdom
546034,84006,MAGIC TREE -PAPER FLOWERS,12,2011-03-09T09:44:00,0.85,14032,United Kingdom
546034,84077,WORLD WAR 2 GLIDERS ASSTD DESIGNS,48,2011-03-09T09:44:00,0.29,14032,United Kingdom
546036,20724,RED RETROSPOT CHARLOTTE BAG,10,2011-03-09T09:52:00,0.85,14645,United Kingdom
546036,20725,LUNCH BAG RED RETROSPOT,10,2011-03-09T09:52:00,1.65,14645,United Kingdom
546036,20727,LUNCH BAG  BLACK SKULL.,10,2011-03-09T09:52:00,1.65,14645,United Kingdom
546036,21080,SET/20 RED RETROSPOT PAPER NAPKINS,12,2011-03-09T09:52:00,0.85,14645,United Kingdom
546036,21218,RED SPOTTY BISCUIT TIN,6,2011-03-09T09:52:00,3.75,14645,United Kingdom
546036,22384,LUNCH BAG PINK POLKADOT,10,2011-03-09T09:52:00,1.65,14645,United Kingdom
546036,22456,NATURAL SLATE CHALKBOARD LARGE,6,2011-03-09T09:52:00,4.95,14645,United Kingdom
546036,22665,RECIPE BOX BLUE SKETCHBOOK DESIGN,6,2011-03-09T09:52:00,2.95,14645,United Kingdom
546036,22838,3 TIER CAKE TIN RED AND CREAM,8,2011-03-09T09:52:00,12.75,14645,United Kingdom
546172,20726,LUNCH BAG WOODLAND,10,2011-03-10T10:32:00,1.65,14156,EIRE
546172,20728,LUNCH BAG CARS BLUE,10,2011-03-10T10:32:00,1.65,14156,EIRE
546172,21929,JUMBO BAG PINK VINTAGE PAISLEY,10,2011-03-10T10:32:00,1.95,14156,EIRE
546172,21980,PACK OF 12 RED RETROSPOT TISSUES,24,2011-03-10T10:32:00,0.29,14156,EIRE
546172,22059,CERAMIC STRAWBERRY DESIGN MUG,12,2011-03-10T10:32:00,1.49,14156,EIRE
546172,22063,CERAMIC BOWL WITH STRAWBERRY DESIGN,6,2011-03-10T10:32:00,2.95,14156,EIRE
546172,22089,PAPER BUNTING VINTAGE PAISLEY,6,2011-03-10T10:32:00,2.95,14156,EIRE
546172,22090,PAPER BUNTING RETROSPOT,6,2011-03-10T10:32:00,2.95,14156,EIRE
546172,22185,SLATE TILE NATURAL HANGING,12,2011-03-10T10:32:00,1.65,14156,EIRE
546172,22377,BOTTLE BAG RETROSPOT,5,2011-03-10T10:32:00,2.1,14156,EIRE
546172,22456,NATURAL SLATE CHALKBOARD LARGE,6,2011-03-10T10:32:00,4.95,14156,EIRE
546172,22488,NATURAL SLATE RECTANGLE CHALKBOARD,12,2011-03-10T10:32:00,1.65,14156,EIRE
546172,22558,CLOTHES PEGS RETROSPOT PACK 24,12,2011-03-10T10:32:00,1.49,14156,EIRE
546172,22567,20 DOLLY PEGS RETROSPOT,12,2011-03-10T10:32:00,1.25,14156,EIRE
546172,22624,IVORY KITCHEN SCALES,2,2011-03-10T10:32:00,8.5,14156,EIRE
546172,22625,RED KITCHEN SCALES,2,2011-03-10T10:32:00,8.5,14156,EIRE
546172,22722,SET OF 6 SPICE TINS PANTRY DESIGN,4,2011-03-10T10:32:00,3.95,14156,EIRE
546172,22851,SET 20 NAPKINS FAIRY CAKES DESIGN,12,2011-03-10T10:32:00,0.85,14156,EIRE
546172,22854,CREAM SWEETHEART EGG HOLDER,4,2011-03-10T10:32:00,4.95,14156,EIRE
546172,22898,CHILDRENS APRON APPLES DESIGN,8,2011-03-10T10:32:00,1.95,14156,EIRE
546172,22907,PACK OF 20 NAPKINS PANTRY DESIGN,12,2011-03-10T10:32:00,0.85,14156,EIRE
546172,22939,APRON APPLE DELIGHT,2,2011-03-10T10:32:00,4.95,14156,EIRE
546172,22960,JAM MAKING SET WITH JARS,12,2011-03-10T10:32:00,3.75,14156,EIRE
546172,22961,JAM MAKING SET PRINTED,12,2011-03-10T10:32:00,1.45,14156,EIRE
546172,22978,PANTRY ROLLING PIN,6,2011-03-10T10:32:00,3.75,14156,EIRE
546172,22979,PANTRY WASHING UP BRUSH,12,2011-03-10T10:32:00,1.45,14156,EIRE
546172,22980,PANTRY SCRUBBING BRUSH,12,2011-03-10T10:32:00,1.65,14156,EIRE
546172,22990,COTTON APRON PANTRY DESIGN,8,2011-03-10T10:32:00,4.95,14156,EIRE
546172,84378,SET OF 3 HEART COOKIE CUTTERS,12,2011-03-10T10:32:00,1.25,14156,EIRE
546172,C2,CARRIAGE,1,2011-03-10T10:32:00,50,14156,EIRE
546235,21166,COOK WITH WINE METAL SIGN,5,2011-03-10T12:42:00,2.08,14976,United Kingdom
546235,21754,HOME BUILDING BLOCK WORD,6,2011-03-10T12:42:00,5.95,14976,United Kingdom
546235,21908,CHOCOLATE THIS WAY METAL SIGN,8,2011-03-10T12:42:00,2.1,14976,United Kingdom
546235,21943,CAKES AND RABBITS DESIGN FLANNEL,1,2011-03-10T12:42:00,0.85,14976,United Kingdom
546235,21944,KITTENS DESIGN FLANNEL,1,2011-03-10T12:42:00,0.85,14976,United Kingdom
546235,21945,STRAWBERRIES  DESIGN FLANNEL,1,2011-03-10T12:42:00,0.85,14976,United Kingdom
546235,21946,PARTY TIME DESIGN FLANNEL,1,2011-03-10T12:42:00,0.85,14976,United Kingdom
546235,22148,EASTER CRAFT 4 CHICKS,1,2011-03-10T12:42:00,1.95,14976,United Kingdom
546235,22431,WATERING CAN BLUE ELEPHANT,1,2011-03-10T12:42:00,1.95,14976,United Kingdom
546235,22488,NATURAL SLATE RECTANGLE CHALKBOARD,2,2011-03-10T12:42:00,1.65,14976,United Kingdom
546235,22495,SET OF 2 ROUND TINS CAMEMBERT,2,2011-03-10T12:42:00,2.95,14976,United Kingdom
546235,22496,SET OF 2 ROUND TINS DUTCH CHEESE,2,2011-03-10T12:42:00,2.95,14976,United Kingdom
546235,22500,SET OF 2 TINS JARDIN DE PROVENCE,1,2011-03-10T12:42:00,4.95,14976,United Kingdom
546235,22745,POPPY'S PLAYHOUSE BEDROOM,1,2011-03-10T12:42:00,2.1,14976,United Kingdom
546235,22813,PACK 3 BOXES BIRD PANNETONE,1,2011-03-10T12:42:00,1.95,14976,United Kingdom
546235,22996,TRAVEL CARD WALLET VINTAGE TICKET,1,2011-03-10T12:42:00,0.42,14976,United Kingdom
546235,82011B,BATHROOM SCALES RUBBER DUCKS,1,2011-03-10T12:42:00,3.75,14976,United Kingdom
546235,82551,LAUNDRY 15C METAL SIGN,6,2011-03-10T12:42:00,1.45,14976,United Kingdom
546235,82583,HOT BATHS METAL SIGN,2,2011-03-10T12:42:00,2.1,14976,United Kingdom
546235,82599,FANNY'S REST STOPMETAL SIGN,2,2011-03-10T12:42:00,2.1,14976,United Kingdom
546247,20727,LUNCH BAG  BLACK SKULL.,10,2011-03-10T13:34:00,1.65,18086,United Kingdom
546247,21213,PACK OF 72 SKULL CAKE CASES,24,2011-03-10T13:34:00,0.55,18086,United Kingdom
546247,21967,PACK OF 12 SKULL TISSUES,24,2011-03-10T13:34:00,0.29,18086,United Kingdom
546247,22553,PLASTERS IN TIN SKULLS,12,2011-03-10T13:34:00,1.65,18086,United Kingdom
546247,22930,BAKING MOULD HEART MILK CHOCOLATE,6,2011-03-10T13:34:00,2.55,18086,United Kingdom
546247,22936,BAKING MOULD ROSE WHITE CHOCOLATE,6,2011-03-10T13:34:00,3.25,18086,United Kingdom
546247,23002,TRAVEL CARD WALLET SKULLS,24,2011-03-10T13:34:00,0.42,18086,United Kingdom
546424,21385,IVORY HANGING DECORATION  HEART,8,2011-03-13T12:51:00,0.85,13956,United Kingdom
546424,21889,WOODEN BOX OF DOMINOES,1,2011-03-13T12:51:00,1.25,13956,United Kingdom
546424,22084,PAPER CHAIN KIT EMPIRE,4,2011-03-13T12:51:00,2.95,13956,United Kingdom
546424,22089,PAPER BUNTING VINTAGE PAISLEY,1,2011-03-13T12:51:00,2.95,13956,United Kingdom
546424,22090,PAPER BUNTING RETROSPOT,1,2011-03-13T12:51:00,2.95,13956,United Kingdom
546424,22098,BOUDOIR SQUARE TISSUE BOX,1,2011-03-13T12:51:00,1.25,13956,United Kingdom
546424,22171,3 HOOK PHOTO SHELF ANTIQUE WHITE,2,2011-03-13T12:51:00,8.5,13956,United Kingdom
546424,22173,METAL 4 HOOK HANGER FRENCH CHATEAU,1,2011-03-13T12:51:00,2.95,13956,United Kingdom
546424,22228,BUNNY WOODEN PAINTED WITH BIRD,1,2011-03-13T12:51:00,0.85,13956,United Kingdom
546424,22228,BUNNY WOODEN PAINTED WITH BIRD,1,2011-03-13T12:51:00,0.85,13956,United Kingdom
546424,22229,BUNNY WOODEN PAINTED WITH FLOWER,2,2011-03-13T12:51:00,0.85,13956,United Kingdom
546424,22241,GARLAND WOODEN HAPPY EASTER,3,2011-03-13T12:51:00,1.25,13956,United Kingdom
546424,22247,BUNNY DECORATION MAGIC GARDEN,2,2011-03-13T12:51:00,0.85,13956,United Kingdom
546424,22249,DECORATION WHITE CHICK MAGIC GARDEN,1,2011-03-13T12:51:00,0.85,13956,United Kingdom
546424,22249,DECORATION WHITE CHICK MAGIC GARDEN,1,2011-03-13T12:51:00,0.85,13956,United Kingdom
546424,22251,BIRDHOUSE DECORATION MAGIC GARDEN,2,2011-03-13T12:51:00,1.25,13956,United Kingdom
546424,22487,WHITE WOOD GARDEN PLANT LADDER,1,2011-03-13T12:51:00,9.95,13956,United Kingdom
546424,22668,PINK BABY BUNTING,2,2011-03-13T12:51:00,2.95,13956,United Kingdom
546424,22722,SET OF 6 SPICE TINS PANTRY DESIGN,1,2011-03-13T12:51:00,3.95,13956,United Kingdom
546424,22960,JAM MAKING SET WITH JARS,1,2011-03-13T12:51:00,4.25,13956,United Kingdom
546424,82483,WOOD 2 DRAWER CABINET WHITE FINISH,1,2011-03-13T12:51:00,6.95,13956,United Kingdom
546424,84879,ASSORTED COLOUR BIRD ORNAMENT,16,2011-03-13T12:51:00,1.69,13956,United Kingdom
546424,85186C,BUNNY EGG GARLAND,4,2011-03-13T12:51:00,0.42,13956,United Kingdom
546442,22087,PAPER BUNTING WHITE LACE,12,2011-03-14T10:38:00,2.95,15159,United Kingdom
546442,22697,GREEN REGENCY TEACUP AND SAUCER,6,2011-03-14T10:38:00,2.95,15159,United Kingdom
546442,22698,PINK REGENCY TEACUP AND SAUCER,6,2011-03-14T10:38:00,2.95,15159,United Kingdom
546442,22699,ROSES REGENCY TEACUP AND SAUCER,6,2011-03-14T10:38:00,2.95,15159,United Kingdom
546442,79321,CHILLI LIGHTS,24,2011-03-14T10:38:00,4.95,15159,United Kingdom
546510,22671,FRENCH LAUNDRY SIGN BLUE METAL,12,2011-03-14T12:17:00,1.65,16353,United Kingdom
546510,22673,FRENCH GARDEN SIGN BLUE METAL,12,2011-03-14T12:17:00,1.25,16353,United Kingdom
546510,22720,SET OF 3 CAKE TINS PANTRY DESIGN,6,2011-03-14T12:17:00,4.95,16353,United Kingdom
546510,22722,SET OF 6 SPICE TINS PANTRY DESIGN,8,2011-03-14T12:17:00,3.95,16353,United Kingdom
546510,22993,SET OF 4 PANTRY JELLY MOULDS,12,2011-03-14T12:17:00,1.25,16353,United Kingdom
546510,22998,TRAVEL CARD WALLET KEEP CALM,24,2011-03-14T12:17:00,0.42,16353,United Kingdom
546510,23179,CLOCK MAGNET MUM'S KITCHEN,6,2011-03-14T12:17:00,2.89,16353,United Kingdom
546510,23180,MUM'S KITCHEN CLOCK,4,2011-03-14T12:17:00,4.95,16353,United Kingdom
546510,82552,WASHROOM METAL SIGN,12,2011-03-14T12:17:00,1.45,16353,United Kingdom
546580,15056N,EDWARDIAN PARASOL NATURAL,6,2011-03-15T11:09:00,5.95,14911,EIRE
546580,15056P,EDWARDIAN PARASOL PINK,6,2011-03-15T11:09:00,5.95,14911,EIRE
546580,20679,EDWARDIAN PARASOL RED,6,2011-03-15T11:09:00,5.95,14911,EIRE
546580,20719,WOODLAND CHARLOTTE BAG,20,2011-03-15T11:09:00,0.85,14911,EIRE
546580,21380,WOODEN HAPPY BIRTHDAY GARLAND,12,2011-03-15T11:09:00,2.95,14911,EIRE
546580,21754,HOME BUILDING BLOCK WORD,9,2011-03-15T11:09:00,5.95,14911,EIRE
546580,21903,MAN FLU METAL SIGN,12,2011-03-15T11:09:00,2.1,14911,EIRE
546580,21907,I'M ON HOLIDAY METAL SIGN,12,2011-03-15T11:09:00,2.1,14911,EIRE
546580,22131,FOOD CONTAINER SET 3 LOVE HEART,12,2011-03-15T11:09:00,1.95,14911,EIRE
546580,22262,FELT EGG COSY CHICKEN,24,2011-03-15T11:09:00,0.85,14911,EIRE
546580,22352,LUNCH BOX WITH CUTLERY RETROSPOT,12,2011-03-15T11:09:00,2.55,14911,EIRE
546580,22356,CHARLOTTE BAG PINK POLKADOT,20,2011-03-15T11:09:00,0.85,14911,EIRE
546580,22411,JUMBO SHOPPER VINTAGE RED PAISLEY,10,2011-03-15T11:09:00,1.95,14911,EIRE
546580,22438,BALLOON ART MAKE YOUR OWN FLOWERS,10,2011-03-15T11:09:00,1.95,14911,EIRE
546580,22766,PHOTO FRAME CORNICE,16,2011-03-15T11:09:00,2.95,14911,EIRE
546580,22804,CANDLEHOLDER PINK HANGING HEART,12,2011-03-15T11:09:00,2.95,14911,EIRE
546580,23184,BULL DOG BOTTLE OPENER,12,2011-03-15T11:09:00,4.95,14911,EIRE
546580,72802A,ROSE SCENT CANDLE IN JEWELLED BOX,18,2011-03-15T11:09:00,3.81,14911,EIRE
546580,72802B,OCEAN SCENT CANDLE IN JEWELLED BOX,18,2011-03-15T11:09:00,3.81,14911,EIRE
546580,72802C,VANILLA SCENT CANDLE JEWELLED BOX,18,2011-03-15T11:09:00,3.81,14911,EIRE
546580,82494L,WOODEN FRAME ANTIQUE WHITE,12,2011-03-15T11:09:00,2.95,14911,EIRE
546580,84581,DOG TOY WITH PINK CROCHET SKIRT,8,2011-03-15T11:09:00,3.75,14911,EIRE
546580,84692,BOX OF 24 COCKTAIL PARASOLS,25,2011-03-15T11:09:00,0.42,14911,EIRE
546580,85123A,WHITE HANGING HEART T-LIGHT HOLDER,18,2011-03-15T11:09:00,2.95,14911,EIRE
546888,16236,KITTY PENCIL ERASERS,1,2011-03-17T18:15:00,0.42,,United Kingdom
546888,16237,SLEEPING CAT ERASERS,1,2011-03-17T18:15:00,0.42,,United Kingdom
546888,17012B,ORIGAMI JASMINE INCENSE/CANDLE SET,2,2011-03-17T18:15:00,2.46,,United Kingdom
546888,17012C,ORIGAMI LAVENDER INCENSE/CANDL SET,2,2011-03-17T18:15:00,2.46,,United Kingdom
546888,17012D,ORIGAMI ROSE INCENSE/CANDLE SET,1,2011-03-17T18:15:00,2.46,,United Kingdom
546888,17012F,ORIGAMI SANDLEWOOD INCENSE/CAND SET,1,2011-03-17T18:15:00,2.46,,United Kingdom
546888,17084N,FAIRY DREAMS INCENSE,2,2011-03-17T18:15:00,0.42,,United Kingdom
546888,17096,ASSORTED LAQUERED INCENSE HOLDERS,3,2011-03-17T18:15:00,0.42,,United Kingdom
546888,20652,BLUE POLKADOT LUGGAGE TAG,2,2011-03-17T18:15:00,2.46,,United Kingdom
546888,20653,CHERRY BLOSSOM LUGGAGE TAG,2,2011-03-17T18:15:00,2.46,,United Kingdom
546888,20654,FIRST CLASS LUGGAGE TAG,3,2011-03-17T18:15:00,2.46,,United Kingdom
546888,20659,ECONOMY LUGGAGE TAG,5,2011-03-17T18:15:00,2.46,,United Kingdom
546888,20676,RED RETROSPOT BOWL,1,2011-03-17T18:15:00,2.46,,United Kingdom
546888,20694,FLORAL PINK MONSTER,2,2011-03-17T18:15:00,7.46,,United Kingdom
546888,20707,CRAZY DAISY HEART DECORATION,2,2011-03-17T18:15:00,0.83,,United Kingdom
546888,20914,SET/5 RED RETROSPOT LID GLASS BOWLS,1,2011-03-17T18:15:00,5.79,,United Kingdom
546888,20961,STRAWBERRY BATH SPONGE,1,2011-03-17T18:15:00,2.46,,United Kingdom
546888,20963,APPLE BATH SPONGE,1,2011-03-17T18:15:00,2.46,,United Kingdom
546888,21001,ROSE DU SUD WASHBAG,2,2011-03-17T18:15:00,4.13,,United Kingdom
546888,21067,VINTAGE RED TEATIME MUG,1,2011-03-17T18:15:00,2.46,,United Kingdom
546888,21166,COOK WITH WINE METAL SIGN,1,2011-03-17T18:15:00,4.13,,United Kingdom
546888,21189,WHITE HONEYCOMB PAPER GARLAND,10,2011-03-17T18:15:00,3.29,,United Kingdom
546888,21327,SKULLS WRITING SET,1,2011-03-17T18:15:00,3.29,,United Kingdom
546888,21402,RED  EGG  SPOON,2,2011-03-17T18:15:00,0.42,,United Kingdom
546888,21403,BLUE EGG  SPOON,2,2011-03-17T18:15:00,0.42,,United Kingdom
546888,21439,BASKET OF TOADSTOOLS,1,2011-03-17T18:15:00,2.46,,United Kingdom
546888,21447,12 IVORY ROSE PEG PLACE SETTINGS,1,2011-03-17T18:15:00,2.46,,United Kingdom
546888,21454,PAINTED PINK RABBIT,5,2011-03-17T18:15:00,0.83,,United Kingdom
546888,21508,VINTAGE KID DOLLY CARD,1,2011-03-17T18:15:00,0.83,,United Kingdom
546888,21559,STRAWBERRY LUNCH BOX WITH CUTLERY,1,2011-03-17T18:15:00,4.96,,United Kingdom
546888,21626,VINTAGE UNION JACK PENNANT,2,2011-03-17T18:15:00,4.13,,United Kingdom
546888,21627,ELEPHANT CARNIVAL POUFFE,1,2011-03-17T18:15:00,29.17,,United Kingdom
546888,21662,VINTAGE GLASS COFFEE CADDY,1,2011-03-17T18:15:00,11.63,,United Kingdom
546888,21731,RED TOADSTOOL LED NIGHT LIGHT,1,2011-03-17T18:15:00,3.29,,United Kingdom
546888,21754,HOME BUILDING BLOCK WORD,1,2011-03-17T18:15:00,11.63,,United Kingdom
546888,21781,MA CAMPAGNE CUTLERY BOX,1,2011-03-17T18:15:00,29.13,,United Kingdom
546888,21832,CHOCOLATE CALCULATOR,1,2011-03-17T18:15:00,3.29,,United Kingdom
546888,21866,UNION JACK FLAG LUGGAGE TAG,1,2011-03-17T18:15:00,2.46,,United Kingdom
546888,21867,PINK UNION JACK  LUGGAGE TAG,2,2011-03-17T18:15:00,2.46,,United Kingdom
546888,21880,RED RETROSPOT TAPE,2,2011-03-17T18:15:00,0.42,,United Kingdom
546888,21898,POTTING SHED ROSE CANDLE,1,2011-03-17T18:15:00,2.46,,United Kingdom
546888,21917,SET 12 KIDS  WHITE CHALK STICKS,1,2011-03-17T18:15:00,0.83,,United Kingdom
546888,21992,VINTAGE PAISLEY STATIONERY SET,2,2011-03-17T18:15:00,2.46,,United Kingdom
546888,22027,TEA PARTY BIRTHDAY CARD,1,2011-03-17T18:15:00,0.83,,United Kingdom
546888,22062,CERAMIC BOWL WITH LOVE HEART DESIGN,2,2011-03-17T18:15:00,2.46,,United Kingdom
546888,22064,PINK DOUGHNUT TRINKET POT,1,2011-03-17T18:15:00,3.29,,United Kingdom
546888,22081,RIBBON REEL FLORA + FAUNA,1,2011-03-17T18:15:00,3.29,,United Kingdom
546888,22084,PAPER CHAIN KIT EMPIRE,1,2011-03-17T18:15:00,5.79,,United Kingdom
546888,22107,PIZZA PLATE IN BOX,1,2011-03-17T18:15:00,7.46,,United Kingdom
546888,22134,MINI LADLE LOVE HEART RED,1,2011-03-17T18:15:00,0.83,,United Kingdom
546888,22138,BAKING SET 9 PIECE RETROSPOT,1,2011-03-17T18:15:00,10.79,,United Kingdom
546888,22139,RETROSPOT TEA SET CERAMIC 11 PC,1,2011-03-17T18:15:00,10.79,,United Kingdom
546888,22141,CHRISTMAS CRAFT TREE TOP ANGEL,1,2011-03-17T18:15:00,4.13,,United Kingdom
546888,22148,EASTER CRAFT 4 CHICKS,3,2011-03-17T18:15:00,4.13,,United Kingdom
546888,22165,"DIAMANTE HEART SHAPED WALL MIRROR,",2,2011-03-17T18:15:00,10.79,,United Kingdom
546888,22167,OVAL WALL MIRROR DIAMANTE,1,2011-03-17T18:15:00,8.29,,United Kingdom
546888,22171,3 HOOK PHOTO SHELF ANTIQUE WHITE,1,2011-03-17T18:15:00,16.63,,United Kingdom
546888,22183,CAKE STAND VICTORIAN FILIGREE MED,2,2011-03-17T18:15:00,5.79,,United Kingdom
546888,22195,LARGE HEART MEASURING SPOONS,1,2011-03-17T18:15:00,3.29,,United Kingdom
546888,22227,HANGING HEART MIRROR DECORATION,2,2011-03-17T18:15:00,1.25,,United Kingdom
546888,22228,BUNNY WOODEN PAINTED WITH BIRD,1,2011-03-17T18:15:00,1.63,,United Kingdom
546888,22229,BUNNY WOODEN PAINTED WITH FLOWER,1,2011-03-17T18:15:00,1.63,,United Kingdom
546888,22241,GARLAND WOODEN HAPPY EASTER,2,2011-03-17T18:15:00,2.46,,United Kingdom
546888,22256,FELT FARM ANIMAL CHICKEN,1,2011-03-17T18:15:00,2.46,,United Kingdom
546888,22276,WASH BAG VINTAGE ROSE PAISLEY,1,2011-03-17T18:15:00,5.79,,United Kingdom
546888,22277,COSMETIC BAG VINTAGE ROSE PAISLEY,1,2011-03-17T18:15:00,4.13,,United Kingdom
546888,22278,OVERNIGHT BAG VINTAGE ROSE PAISLEY,1,2011-03-17T18:15:00,10.79,,United Kingdom
546888,22279,POCKET BAG BLUE PAISLEY RED SPOT,2,2011-03-17T18:15:00,2.46,,United Kingdom
546888,22281,EASTER TREE YELLOW BIRDS,1,2011-03-17T18:15:00,12.46,,United Kingdom
546888,22284,HEN HOUSE DECORATION,1,2011-03-17T18:15:00,3.29,,United Kingdom
546888,22291,HANGING CHICK CREAM DECORATION,1,2011-03-17T18:15:00,2.92,,United Kingdom
546888,22292,HANGING CHICK  YELLOW DECORATION,1,2011-03-17T18:15:00,2.92,,United Kingdom
546888,22293,HANGING CHICK GREEN DECORATION,1,2011-03-17T18:15:00,2.92,,United Kingdom
546888,22294,HEART FILIGREE DOVE  SMALL,1,2011-03-17T18:15:00,2.46,,United Kingdom
546888,22295,HEART FILIGREE DOVE LARGE,1,2011-03-17T18:15:00,3.29,,United Kingdom
546888,22297,HEART IVORY TRELLIS SMALL,1,2011-03-17T18:15:00,2.46,,United Kingdom
546888,22300,COFFEE MUG DOG + BALL DESIGN,2,2011-03-17T18:15:00,4.96,,United Kingdom
546888,22301,COFFEE MUG CAT + BIRD DESIGN,1,2011-03-17T18:15:00,4.96,,United Kingdom
546888,22303,COFFEE MUG APPLES DESIGN,2,2011-03-17T18:15:00,4.96,,United Kingdom
546888,22326,ROUND SNACK BOXES SET OF4 WOODLAND,1,2011-03-17T18:15:00,5.79,,United Kingdom
546888,22327,ROUND SNACK BOXES SET OF 4 SKULLS,1,2011-03-17T18:15:00,5.79,,United Kingdom
546888,22335,HEART DECORATION PAINTED ZINC,1,2011-03-17T18:15:00,1.25,,United Kingdom
546888,22358,KINGS CHOICE TEA CADDY,1,2011-03-17T18:15:00,5.79,,United Kingdom
546888,22365,DOORMAT RESPECTABLE HOUSE,1,2011-03-17T18:15:00,15.79,,United Kingdom
546888,22379,RECYCLING BAG RETROSPOT,1,2011-03-17T18:15:00,4.13,,United Kingdom
546888,22380,TOY TIDY SPACEBOY,1,2011-03-17T18:15:00,4.13,,United Kingdom
546888,22382,LUNCH BAG SPACEBOY DESIGN,1,2011-03-17T18:15:00,4.13,,United Kingdom
546888,22386,JUMBO BAG PINK POLKADOT,1,2011-03-17T18:15:00,4.13,,United Kingdom
546888,22394,PAPERWEIGHT KINGS CHOICE,1,2011-03-17T18:15:00,4.96,,United Kingdom
546888,22457,NATURAL SLATE HEART CHALKBOARD,2,2011-03-17T18:15:00,5.79,,United Kingdom
546888,22467,GUMBALL COAT RACK,1,2011-03-17T18:15:00,4.96,,United Kingdom
546888,22502,PICNIC BASKET WICKER SMALL,1,2011-03-17T18:15:00,10.79,,United Kingdom
546888,22565,FELTCRAFT HAIRBANDS PINK AND WHITE,14,2011-03-17T18:15:00,1.63,,United Kingdom
546888,22624,IVORY KITCHEN SCALES,1,2011-03-17T18:15:00,8.5,,United Kingdom
546888,22666,RECIPE BOX PANTRY YELLOW DESIGN,1,2011-03-17T18:15:00,5.79,,United Kingdom
546888,22681,FRENCH BLUE METAL DOOR SIGN 6,1,2011-03-17T18:15:00,2.46,,United Kingdom
546888,22684,FRENCH BLUE METAL DOOR SIGN 9,1,2011-03-17T18:15:00,2.46,,United Kingdom
546888,22686,FRENCH BLUE METAL DOOR SIGN No,1,2011-03-17T18:15:00,2.46,,United Kingdom
546888,22699,ROSES REGENCY TEACUP AND SAUCER,1,2011-03-17T18:15:00,5.79,,United Kingdom
546888,22720,SET OF 3 CAKE TINS PANTRY DESIGN,2,2011-03-17T18:15:00,4.95,,United Kingdom
546888,22722,SET OF 6 SPICE TINS PANTRY DESIGN,1,2011-03-17T18:15:00,8.29,,United Kingdom
546888,22747,POPPY'S PLAYHOUSE BATHROOM,1,2011-03-17T18:15:00,4.13,,United Kingdom
546888,22796,PHOTO FRAME 3 CLASSIC HANGING,1,2011-03-17T18:15:00,20.79,,United Kingdom
546888,22797,CHEST OF DRAWERS GINGHAM HEART,1,2011-03-17T18:15:00,33.29,,United Kingdom
546888,22915,ASSORTED BOTTLE TOP  MAGNETS,1,2011-03-17T18:15:00,4.96,,United Kingdom
546888,22916,HERB MARKER THYME,1,2011-03-17T18:15:00,1.63,,United Kingdom
546888,22917,HERB MARKER ROSEMARY,1,2011-03-17T18:15:00,1.63,,United Kingdom
546888,22918,HERB MARKER PARSLEY,1,2011-03-17T18:15:00,1.63,,United Kingdom
546888,22919,HERB MARKER MINT,1,2011-03-17T18:15:00,1.63,,United Kingdom
546888,22920,HERB MARKER BASIL,1,2011-03-17T18:15:00,1.63,,United Kingdom
546888,22921,HERB MARKER CHIVES,1,2011-03-17T18:15:00,1.63,,United Kingdom
546888,22933,BAKING MOULD EASTER EGG MILK CHOC,2,2011-03-17T18:15:00,5.79,,United Kingdom
546888,22963,JAM JAR WITH GREEN LID,1,2011-03-17T18:15:00,1.63,,United Kingdom
546888,22966,GINGERBREAD MAN COOKIE CUTTER,1,2011-03-17T18:15:00,2.46,,United Kingdom
546888,22969,HOMEMADE JAM SCENTED CANDLES,4,2011-03-17T18:15:00,3.29,,United Kingdom
546888,22980,PANTRY SCRUBBING BRUSH,1,2011-03-17T18:15:00,3.29,,United Kingdom
546888,22982,PANTRY PASTRY BRUSH,2,2011-03-17T18:15:00,2.46,,United Kingdom
546888,22983,CARD BILLBOARD FONT,1,2011-03-17T18:15:00,0.83,,United Kingdom
546888,22993,SET OF 4 PANTRY JELLY MOULDS,4,2011-03-17T18:15:00,2.46,,United Kingdom
546888,22995,TRAVEL CARD WALLET SUKI,1,2011-03-17T18:15:00,0.83,,United Kingdom
546888,22996,TRAVEL CARD WALLET VINTAGE TICKET,2,2011-03-17T18:15:00,0.83,,United Kingdom
546888,22998,TRAVEL CARD WALLET KEEP CALM,1,2011-03-17T18:15:00,0.83,,United Kingdom
546888,23009,I LOVE LONDON BABY GIFT SET,1,2011-03-17T18:15:00,24.96,,United Kingdom
546888,23010,CIRCUS PARADE BABY GIFT SET,1,2011-03-17T18:15:00,24.96,,United Kingdom
546888,23183,MOTHER'S KITCHEN SPOON REST,1,2011-03-17T18:15:00,7.46,,United Kingdom
546888,35911A,MULTICOLOUR RABBIT EGG WARMER,6,2011-03-17T18:15:00,0.83,,United Kingdom
546888,35911B,PINK/FLOWER RABBIT EGG WARMER,6,2011-03-17T18:15:00,0.83,,United Kingdom
546888,35915B,BLUE KNITTED HEN,17,2011-03-17T18:15:00,0.83,,United Kingdom
546888,35915C,PEACH KNITTED HEN,3,2011-03-17T18:15:00,0.83,,United Kingdom
546888,35961,FOLKART ZINC HEART CHRISTMAS DEC,11,2011-03-17T18:15:00,1.63,,United Kingdom
546888,35971,ROSE FOLKART HEART DECORATIONS,1,2011-03-17T18:15:00,2.46,,United Kingdom
546888,37467,PIG MUG IN TWO COLOUR DESIGNS,1,2011-03-17T18:15:00,4.13,,United Kingdom
546888,37475,SET/4 COLOURFUL MIXING BOWLS,1,2011-03-17T18:15:00,8.29,,United Kingdom
546888,37501,TEA TIME TEA SET IN GIFT BOX,1,2011-03-17T18:15:00,5.79,,United Kingdom
546888,47566,PARTY BUNTING,1,2011-03-17T18:15:00,10.79,,United Kingdom
546888,47590B,PINK HAPPY BIRTHDAY BUNTING,1,2011-03-17T18:15:00,10.79,,United Kingdom
546888,47593B,SCOTTIE DOGS BABY BIB,1,2011-03-17T18:15:00,0.83,,United Kingdom
546888,79066K,RETRO MOD TRAY,1,2011-03-17T18:15:00,1.63,,United Kingdom
546888,82494L,WOODEN FRAME ANTIQUE WHITE,1,2011-03-17T18:15:00,7.46,,United Kingdom
546888,82580,BATHROOM METAL SIGN,2,2011-03-17T18:15:00,1.25,,United Kingdom
546888,84228,HEN HOUSE W CHICK STANDING,1,2011-03-17T18:15:00,0.83,,United Kingdom
546888,84279P,CHERRY BLOSSOM  DECORATIVE FLASK,1,2011-03-17T18:15:00,8.29,,United Kingdom
546888,84347,ROTATING SILVER ANGELS T-LIGHT HLDR,2,2011-03-17T18:15:00,4.96,,United Kingdom
546888,84375,SET OF 20 KIDS COOKIE CUTTERS,1,2011-03-17T18:15:00,4.13,,United Kingdom
546888,84459B,YELLOW METAL CHICKEN HEART,1,2011-03-17T18:15:00,3.29,,United Kingdom
546888,84581,DOG TOY WITH PINK CROCHET SKIRT,1,2011-03-17T18:15:00,4.13,,United Kingdom
546888,84692,BOX OF 24 COCKTAIL PARASOLS,2,2011-03-17T18:15:00,0.83,,United Kingdom
546888,84872A,TEATIME FUNKY FLOWER BACKPACK FOR 2,1,2011-03-17T18:15:00,10.79,,United Kingdom
546888,84912B,GREEN ROSE WASHBAG,4,2011-03-17T18:15:00,3.29,,United Kingdom
546888,84913A,SOFT PINK ROSE TOWEL,1,2011-03-17T18:15:00,3.29,,United Kingdom
546888,84970L,SINGLE HEART ZINC T-LIGHT HOLDER,4,2011-03-17T18:15:00,2.08,,United Kingdom
546888,84978,HANGING HEART JAR T-LIGHT HOLDER,4,2011-03-17T18:15:00,2.46,,United Kingdom
546888,85032B,BLOSSOM IMAGES GIFT WRAP SET,1,2011-03-17T18:15:00,4.13,,United Kingdom
546888,85039A,SET/4 RED MINI ROSE CANDLE IN BOWL,1,2011-03-17T18:15:00,1.63,,United Kingdom
546888,85039B,S/4 IVORY MINI ROSE CANDLE IN BOWL,1,2011-03-17T18:15:00,1.63,,United Kingdom
546888,85078,SCANDINAVIAN 3 HEARTS NAPKIN RING,2,2011-03-17T18:15:00,1.63,,United Kingdom
546888,85093,CANDY SPOT EGG WARMER HARE,2,2011-03-17T18:15:00,0.83,,United Kingdom
546888,85099B,JUMBO BAG RED RETROSPOT,1,2011-03-17T18:15:00,4.13,,United Kingdom
546888,85099F,JUMBO BAG STRAWBERRY,1,2011-03-17T18:15:00,4.13,,United Kingdom
546888,85123A,WHITE HANGING HEART T-LIGHT HOLDER,1,2011-03-17T18:15:00,5.79,,United Kingdom
546888,85202,HANGING WOOD AND FELT HEART,1,2011-03-17T18:15:00,0.79,,United Kingdom
546888,90022,EDWARDIAN DROP EARRINGS JET BLACK,1,2011-03-17T18:15:00,3.73,,United Kingdom
546888,90073,VINTAGE ENAMEL & CRYSTAL EARRINGS,1,2011-03-17T18:15:00,4.98,,United Kingdom
546888,90114,SUMMER DAISIES BAG CHARM,2,2011-03-17T18:15:00,2.46,,United Kingdom
546888,90200D,PINK SWEETHEART BRACELET,1,2011-03-17T18:15:00,4.15,,United Kingdom
546888,90214B,"LETTER ""B"" BLING KEY RING",1,2011-03-17T18:15:00,0.83,,United Kingdom
546888,90214E,"LETTER ""E"" BLING KEY RING",1,2011-03-17T18:15:00,0.83,,United Kingdom
546888,DOT,DOTCOM POSTAGE,1,2011-03-17T18:15:00,237.89,,United Kingdom
547250,15039,SANDALWOOD FAN,15,2011-03-22T09:30:00,1.63,,United Kingdom
547250,17084P,DRAGONS BLOOD INCENSE,1,2011-03-22T09:30:00,0.42,,United Kingdom
547250,18094C,WHITE AND BLUE CERAMIC OIL BURNER,1,2011-03-22T09:30:00,2.46,,United Kingdom
547250,20719,WOODLAND CHARLOTTE BAG,3,2011-03-22T09:30:00,1.63,,United Kingdom
547250,20724,RED RETROSPOT CHARLOTTE BAG,7,2011-03-22T09:30:00,1.63,,United Kingdom
547250,20751,FUNKY WASHING UP GLOVES ASSORTED,1,2011-03-22T09:30:00,4.13,,United Kingdom
547250,20846,ZINC HEART LATTICE T-LIGHT HOLDER,1,2011-03-22T09:30:00,2.46,,United Kingdom
547250,20867,PINK ROSE FABRIC MIRROR,10,2011-03-22T09:30:00,2.46,,United Kingdom
547250,20985,HEART CALCULATOR,1,2011-03-22T09:30:00,2.46,,United Kingdom
547250,21002,ROSE DU SUD DRAWSTRING BAG,2,2011-03-22T09:30:00,3.29,,United Kingdom
547250,21012,ANTIQUE ALL GLASS CANDLESTICK,18,2011-03-22T09:30:00,2.46,,United Kingdom
547250,21033,JUMBO BAG CHARLIE AND LOLA TOYS,1,2011-03-22T09:30:00,4.13,,United Kingdom
547250,21154,RED RETROSPOT OVEN GLOVE,1,2011-03-22T09:30:00,2.46,,United Kingdom
547250,21155,RED RETROSPOT PEG BAG,1,2011-03-22T09:30:00,4.96,,United Kingdom
547250,21175,GIN + TONIC DIET METAL SIGN,1,2011-03-22T09:30:00,4.96,,United Kingdom
547250,21199,PINK  HEART CONFETTI IN TUBE,1,2011-03-22T09:30:00,3.29,,United Kingdom
547250,21231,SWEETHEART CERAMIC TRINKET BOX,1,2011-03-22T09:30:00,2.46,,United Kingdom
547250,21257,VICTORIAN SEWING BOX MEDIUM,1,2011-03-22T09:30:00,15.79,,United Kingdom
547250,21288,STRIPEY CHOCOLATE NESTING BOXES,1,2011-03-22T09:30:00,3.29,,United Kingdom
547250,21319,GLASS CHALICE GREEN  SMALL,4,2011-03-22T09:30:00,3.29,,United Kingdom
547250,21326,AGED GLASS SILVER T-LIGHT HOLDER,30,2011-03-22T09:30:00,1.63,,United Kingdom
547250,21340,CLASSIC METAL BIRDCAGE PLANT HOLDER,2,2011-03-22T09:30:00,24.96,,United Kingdom
547250,21354,TOAST ITS - BEST MUM,10,2011-03-22T09:30:00,2.46,,United Kingdom
547250,21363,HOME SMALL WOOD LETTERS,1,2011-03-22T09:30:00,10.79,,United Kingdom
547250,21383,PACK OF 12 STICKY BUNNIES,5,2011-03-22T09:30:00,1.63,,United Kingdom
547250,21385,IVORY HANGING DECORATION  HEART,1,2011-03-22T09:30:00,1.63,,United Kingdom
547250,21397,BLUE POLKADOT EGG CUP,5,2011-03-22T09:30:00,1.63,,United Kingdom
547250,21430,SET/3 RED GINGHAM ROSE STORAGE BOX,2,2011-03-22T09:30:00,7.46,,United Kingdom
547250,21454,PAINTED PINK RABBIT,1,2011-03-22T09:30:00,0.83,,United Kingdom
547250,21559,STRAWBERRY LUNCH BOX WITH CUTLERY,1,2011-03-22T09:30:00,2.46,,United Kingdom
547250,21563,RED HEART SHAPE LOVE BUCKET,1,2011-03-22T09:30:00,5.79,,United Kingdom
547250,21564,PINK  HEART SHAPE LOVE BUCKET,1,2011-03-22T09:30:00,5.79,,United Kingdom
547250,21638,ASSORTED TUTTI FRUTTI NOTEBOOK,2,2011-03-22T09:30:00,4.13,,United Kingdom
547250,21640,ASSORTED TUTTI FRUTTI  FOB NOTEBOOK,27,2011-03-22T09:30:00,1.63,,United Kingdom
547250,21643,ASSORTED TUTTI FRUTTI MIRROR,6,2011-03-22T09:30:00,2.46,,United Kingdom
547250,21700,BIG DOUGHNUT FRIDGE MAGNETS,1,2011-03-22T09:30:00,8.29,,United Kingdom
547250,21731,RED TOADSTOOL LED NIGHT LIGHT,3,2011-03-22T09:30:00,3.29,,United Kingdom
547250,21746,SMALL RED RETROSPOT WINDMILL,2,2011-03-22T09:30:00,2.46,,United Kingdom
547250,21773,DECORATIVE ROSE BATHROOM BOTTLE,2,2011-03-22T09:30:00,2.46,,United Kingdom
547250,21786,POLKADOT RAIN HAT,10,2011-03-22T09:30:00,0.83,,United Kingdom
547250,21849,SILVER DIAMANTE PEN IN GIFT BOX,1,2011-03-22T09:30:00,4.13,,United Kingdom
547250,21878,PACK OF 6 SANDCASTLE FLAGS ASSORTED,1,2011-03-22T09:30:00,1.63,,United Kingdom
547250,21890,S/6 WOODEN SKITTLES IN COTTON BAG,1,2011-03-22T09:30:00,5.79,,United Kingdom
547250,21898,POTTING SHED ROSE CANDLE,4,2011-03-22T09:30:00,2.46,,United Kingdom
547250,21907,I'M ON HOLIDAY METAL SIGN,1,2011-03-22T09:30:00,4.13,,United Kingdom
547250,21928,JUMBO BAG SCANDINAVIAN BLUE PAISLEY,4,2011-03-22T09:30:00,4.13,,United Kingdom
547250,21929,JUMBO BAG PINK VINTAGE PAISLEY,6,2011-03-22T09:30:00,4.13,,United Kingdom
547250,22035,VINTAGE CARAVAN GREETING CARD,1,2011-03-22T09:30:00,0.83,,United Kingdom
547250,22077,6 RIBBONS RUSTIC CHARM,2,2011-03-22T09:30:00,3.29,,United Kingdom
547250,22178,VICTORIAN GLASS HANGING T-LIGHT,2,2011-03-22T09:30:00,2.46,,United Kingdom
547250,22182,CAKE STAND VICTORIAN FILIGREE SMALL,1,2011-03-22T09:30:00,4.13,,United Kingdom
547250,22183,CAKE STAND VICTORIAN FILIGREE MED,1,2011-03-22T09:30:00,5.79,,United Kingdom
547250,22197,SMALL POPCORN HOLDER,2,2011-03-22T09:30:00,1.63,,United Kingdom
547250,22203,MILK PAN RED RETROSPOT,1,2011-03-22T09:30:00,7.46,,United Kingdom
547250,22241,GARLAND WOODEN HAPPY EASTER,5,2011-03-22T09:30:00,2.46,,United Kingdom
547250,22279,POCKET BAG BLUE PAISLEY RED SPOT,11,2011-03-22T09:30:00,2.46,,United Kingdom
547250,22280,POCKET BAG PINK PAISELY BROWN SPOT,1,2011-03-22T09:30:00,2.46,,United Kingdom
547250,22294,HEART FILIGREE DOVE  SMALL,1,2011-03-22T09:30:00,2.46,,United Kingdom
547250,22352,LUNCH BOX WITH CUTLERY RETROSPOT,1,2011-03-22T09:30:00,4.96,,United Kingdom
547250,22357,KINGS CHOICE BISCUIT TIN,1,2011-03-22T09:30:00,8.29,,United Kingdom
547250,22358,KINGS CHOICE TEA CADDY,1,2011-03-22T09:30:00,5.79,,United Kingdom
547250,22361,GLASS JAR DAISY FRESH COTTON WOOL,1,2011-03-22T09:30:00,5.79,,United Kingdom
547250,22377,BOTTLE BAG RETROSPOT,1,2011-03-22T09:30:00,4.13,,United Kingdom
547250,22386,JUMBO BAG PINK POLKADOT,1,2011-03-22T09:30:00,4.13,,United Kingdom
547250,22411,JUMBO SHOPPER VINTAGE RED PAISLEY,2,2011-03-22T09:30:00,4.13,,United Kingdom
547250,22419,LIPSTICK PEN RED,1,2011-03-22T09:30:00,0.83,,United Kingdom
547250,22423,REGENCY CAKESTAND 3 TIER,1,2011-03-22T09:30:00,24.96,,United Kingdom
547250,22428,ENAMEL FIRE BUCKET CREAM,1,2011-03-22T09:30:00,14.13,,United Kingdom
547250,22432,WATERING CAN PINK BUNNY,1,2011-03-22T09:30:00,4.13,,United Kingdom
547250,22457,NATURAL SLATE HEART CHALKBOARD,2,2011-03-22T09:30:00,5.79,,United Kingdom
547250,22483,RED GINGHAM TEDDY BEAR,6,2011-03-22T09:30:00,5.79,,United Kingdom
547250,22521,CHILDS GARDEN TROWEL PINK,1,2011-03-22T09:30:00,1.63,,United Kingdom
547250,22549,PICTURE DOMINOES,1,2011-03-22T09:30:00,3.29,,United Kingdom
547250,22558,CLOTHES PEGS RETROSPOT PACK 24,1,2011-03-22T09:30:00,3.29,,United Kingdom
547250,22569,FELTCRAFT CUSHION BUTTERFLY,1,2011-03-22T09:30:00,7.46,,United Kingdom
547250,22570,FELTCRAFT CUSHION RABBIT,1,2011-03-22T09:30:00,7.46,,United Kingdom
547250,22584,PACK OF 6 PANNETONE GIFT BOXES,2,2011-03-22T09:30:00,4.96,,United Kingdom
547250,22595,GINGHAM HEART DECORATION,1,2011-03-22T09:30:00,1.63,,United Kingdom
547250,22628,PICNIC BOXES SET OF 3 RETROSPOT,1,2011-03-22T09:30:00,9.96,,United Kingdom
547250,22666,RECIPE BOX PANTRY YELLOW DESIGN,1,2011-03-22T09:30:00,5.79,,United Kingdom
547250,22692,DOORMAT WELCOME TO OUR HOME,1,2011-03-22T09:30:00,15.79,,United Kingdom
547250,22697,GREEN REGENCY TEACUP AND SAUCER,5,2011-03-22T09:30:00,5.79,,United Kingdom
547250,22699,ROSES REGENCY TEACUP AND SAUCER,3,2011-03-22T09:30:00,5.79,,United Kingdom
547250,22720,SET OF 3 CAKE TINS PANTRY DESIGN,1,2011-03-22T09:30:00,10.79,,United Kingdom
547250,22723,SET OF 6 HERB TINS SKETCHBOOK,1,2011-03-22T09:30:00,8.29,,United Kingdom
547250,22727,ALARM CLOCK BAKELIKE RED,1,2011-03-22T09:30:00,7.46,,United Kingdom
547250,22729,ALARM CLOCK BAKELIKE ORANGE,2,2011-03-22T09:30:00,7.46,,United Kingdom
547250,22730,ALARM CLOCK BAKELIKE IVORY,1,2011-03-22T09:30:00,7.46,,United Kingdom
547250,22740,POLKADOT PEN,2,2011-03-22T09:30:00,1.63,,United Kingdom
547250,22759,SET OF 3 NOTEBOOKS IN PARCEL,1,2011-03-22T09:30:00,3.29,,United Kingdom
547250,22789,T-LIGHT HOLDER SWEETHEART HANGING,1,2011-03-22T09:30:00,4.13,,United Kingdom
547250,22792,FLUTED ANTIQUE CANDLE HOLDER,18,2011-03-22T09:30:00,1.63,,United Kingdom
547250,22845,VINTAGE CREAM CAT FOOD CONTAINER,2,2011-03-22T09:30:00,12.46,,United Kingdom
547250,22860,EASTER TIN CHICKS PINK DAISY,1,2011-03-22T09:30:00,3.29,,United Kingdom
547250,22861,EASTER TIN CHICKS IN GARDEN,1,2011-03-22T09:30:00,3.29,,United Kingdom
547250,22968,ROSE COTTAGE KEEPSAKE BOX,2,2011-03-22T09:30:00,19.96,,United Kingdom
547250,22979,PANTRY WASHING UP BRUSH,1,2011-03-22T09:30:00,3.29,,United Kingdom
547250,22980,PANTRY SCRUBBING BRUSH,1,2011-03-22T09:30:00,3.29,,United Kingdom
547250,22981,PANTRY APPLE CORER,1,2011-03-22T09:30:00,2.92,,United Kingdom
547250,22982,PANTRY PASTRY BRUSH,1,2011-03-22T09:30:00,2.46,,United Kingdom
547250,22984,CARD GINGHAM ROSE,1,2011-03-22T09:30:00,0.83,,United Kingdom
547250,22993,SET OF 4 PANTRY JELLY MOULDS,1,2011-03-22T09:30:00,2.46,,United Kingdom
547250,23050,RECYCLED ACAPULCO MAT GREEN,1,2011-03-22T09:30:00,16.63,,United Kingdom
547250,23180,MUM'S KITCHEN CLOCK,1,2011-03-22T09:30:00,9.96,,United Kingdom
547250,23193,BUFFALO BILL TREASURE BOOK BOX,1,2011-03-22T09:30:00,4.58,,United Kingdom
547250,23194,GYMKHANA TREASURE BOOK BOX,1,2011-03-22T09:30:00,4.58,,United Kingdom
547250,35241,ENAMEL BLUE RIM BISCUIT BIN,1,2011-03-22T09:30:00,4.13,,United Kingdom
547250,35809A,ENAMEL PINK TEA CONTAINER,2,2011-03-22T09:30:00,2.46,,United Kingdom
547250,35810A,ENAMEL PINK COFFEE CONTAINER,2,2011-03-22T09:30:00,2.46,,United Kingdom
547250,35911A,MULTICOLOUR RABBIT EGG WARMER,1,2011-03-22T09:30:00,0.83,,United Kingdom
547250,35914,PINK CHICK EGG WARMER + EGG CUP,1,2011-03-22T09:30:00,0.83,,United Kingdom
547250,37476,CONDIMENT TRAY 4 BOWLS AND 4 SPOONS,1,2011-03-22T09:30:00,8.29,,United Kingdom
547250,37500,TEA TIME TEAPOT IN GIFT BOX,1,2011-03-22T09:30:00,8.29,,United Kingdom
547250,40016,CHINESE DRAGON PAPER LANTERNS,1,2011-03-22T09:30:00,8.29,,United Kingdom
547250,46775D,SUNSET COLOUR CHUNKY KNITTED THROW,1,2011-03-22T09:30:00,10.79,,United Kingdom
547250,47566,PARTY BUNTING,2,2011-03-22T09:30:00,10.79,,United Kingdom
547250,79000,MOROCCAN TEA GLASS,150,2011-03-22T09:30:00,1.65,,United Kingdom
547250,79190B,RETRO PLASTIC POLKA TRAY,5,2011-03-22T09:30:00,0.83,,United Kingdom
547250,79190D,RETRO PLASTIC DAISY TRAY,5,2011-03-22T09:30:00,0.83,,United Kingdom
547250,79321,CHILLI LIGHTS,1,2011-03-22T09:30:00,5.75,,United Kingdom
547250,82494L,WOODEN FRAME ANTIQUE WHITE,1,2011-03-22T09:30:00,7.46,,United Kingdom
547250,82551,LAUNDRY 15C METAL SIGN,1,2011-03-22T09:30:00,2.46,,United Kingdom
547250,82552,WASHROOM METAL SIGN,1,2011-03-22T09:30:00,2.46,,United Kingdom
547250,82580,BATHROOM METAL SIGN,1,2011-03-22T09:30:00,1.25,,United Kingdom
547250,82581,TOILET METAL SIGN,1,2011-03-22T09:30:00,1.25,,United Kingdom
547250,82600,NO SINGING METAL SIGN,1,2011-03-22T09:30:00,4.13,,United Kingdom
547250,84032A,CHARLIE+LOLA PINK HOT WATER BOTTLE,1,2011-03-22T09:30:00,3.29,,United Kingdom
547250,84078A,SET/4 WHITE RETRO STORAGE CUBES,1,2011-03-22T09:30:00,74.96,,United Kingdom
547250,84375,SET OF 20 KIDS COOKIE CUTTERS,1,2011-03-22T09:30:00,4.13,,United Kingdom
547250,84378,SET OF 3 HEART COOKIE CUTTERS,1,2011-03-22T09:30:00,2.46,,United Kingdom
547250,84380,SET OF 3 BUTTERFLY COOKIE CUTTERS,1,2011-03-22T09:30:00,2.46,,United Kingdom
547250,84563A,PINK & WHITE BREAKFAST TRAY,1,2011-03-22T09:30:00,11.63,,United Kingdom
547250,84569B,PACK 3 FIRE ENGINE/CAR PATCHES,1,2011-03-22T09:30:00,2.46,,United Kingdom
547250,84596B,SMALL DOLLY MIX DESIGN ORANGE BOWL,2,2011-03-22T09:30:00,0.83,,United Kingdom
547250,84596F,SMALL MARSHMALLOWS PINK BOWL,2,2011-03-22T09:30:00,0.83,,United Kingdom
547250,84596G,SMALL CHOCOLATES PINK BOWL,3,2011-03-22T09:30:00,0.83,,United Kingdom
547250,84598,BOYS ALPHABET IRON ON PATCHES,2,2011-03-22T09:30:00,0.21,,United Kingdom
547250,84631,FRUIT TREE AND BIRDS WALL PLAQUE,1,2011-03-22T09:30:00,7.46,,United Kingdom
547250,84692,BOX OF 24 COCKTAIL PARASOLS,2,2011-03-22T09:30:00,0.83,,United Kingdom
547250,84913B,MINT GREEN ROSE TOWEL,1,2011-03-22T09:30:00,3.29,,United Kingdom
547250,84946,ANTIQUE SILVER T-LIGHT GLASS,12,2011-03-22T09:30:00,2.46,,United Kingdom
547250,84947,ANTIQUE SILVER TEA GLASS ENGRAVED,12,2011-03-22T09:30:00,2.46,,United Kingdom
547250,84969,BOX OF 6 ASSORTED COLOUR TEASPOONS,1,2011-03-22T09:30:00,3.29,,United Kingdom
547250,85059,FRENCH ENAMEL WATER BASIN,1,2011-03-22T09:30:00,7.46,,United Kingdom
547250,85066,CREAM SWEETHEART MINI CHEST,1,2011-03-22T09:30:00,24.96,,United Kingdom
547250,85114C,RED ENCHANTED FOREST PLACEMAT,10,2011-03-22T09:30:00,3.29,,United Kingdom
547250,85132C,CHARLIE AND LOLA FIGURES TINS,1,2011-03-22T09:30:00,8.29,,United Kingdom
547250,85186A,EASTER BUNNY GARLAND OF FLOWERS,1,2011-03-22T09:30:00,0.83,,United Kingdom
547250,85186C,BUNNY EGG GARLAND,1,2011-03-22T09:30:00,0.83,,United Kingdom
547250,90214L,"LETTER ""L"" BLING KEY RING",1,2011-03-22T09:30:00,0.83,,United Kingdom
547250,90214M,"LETTER ""M"" BLING KEY RING",1,2011-03-22T09:30:00,0.83,,United Kingdom
547250,DCGSSGIRL,GIRLS PARTY BAG,2,2011-03-22T09:30:00,3.29,,United Kingdom
547250,DOT,DOTCOM POSTAGE,1,2011-03-22T09:30:00,253.24,,United Kingdom
547404,85028S,,24,2011-03-22T17:05:00,0,,United Kingdom
547762,21135,VICTORIAN  METAL POSTCARD SPRING,8,2011-03-25T11:31:00,1.69,13695,United Kingdom
547762,21143,ANTIQUE GLASS HEART DECORATION,12,2011-03-25T11:31:00,1.95,13695,United Kingdom
547762,22178,VICTORIAN GLASS HANGING T-LIGHT,12,2011-03-25T11:31:00,1.25,13695,United Kingdom
547762,22457,NATURAL SLATE HEART CHALKBOARD,6,2011-03-25T11:31:00,2.95,13695,United Kingdom
547762,84879,ASSORTED COLOUR BIRD ORNAMENT,8,2011-03-25T11:31:00,1.69,13695,United Kingdom
547890,16235,RECYCLED PENCIL WITH RABBIT ERASER,20,2011-03-28T10:03:00,0.21,17227,United Kingdom
547890,20749,ASSORTED COLOUR MINI CASES,10,2011-03-28T10:03:00,7.95,17227,United Kingdom
547890,22094,RED RETROSPOT TISSUE BOX,1,2011-03-28T10:03:00,1.25,17227,United Kingdom
547890,22328,ROUND SNACK BOXES SET OF 4 FRUITS,5,2011-03-28T10:03:00,2.95,17227,United Kingdom
547890,84375,SET OF 20 KIDS COOKIE CUTTERS,52,2011-03-28T10:03:00,2.1,17227,United Kingdom
547890,84378,SET OF 3 HEART COOKIE CUTTERS,12,2011-03-28T10:03:00,1.25,17227,United Kingdom
547939,22423,REGENCY CAKESTAND 3 TIER,10,2011-03-28T14:42:00,12.75,15611,United Kingdom
547998,20854,,-2,2011-03-29T10:23:00,0,,United Kingdom
548533,20752,BLUE POLKADOT WASHING UP GLOVES,6,2011-03-31T17:17:00,2.1,13883,United Kingdom
548533,20754,RETROSPOT RED WASHING UP GLOVES,6,2011-03-31T17:17:00,2.1,13883,United Kingdom
548533,20914,SET/5 RED RETROSPOT LID GLASS BOWLS,6,2011-03-31T17:17:00,2.95,13883,United Kingdom
548533,21080,SET/20 RED RETROSPOT PAPER NAPKINS,12,2011-03-31T17:17:00,0.85,13883,United Kingdom
548533,21156,RETROSPOT CHILDRENS APRON,8,2011-03-31T17:17:00,1.95,13883,United Kingdom
548533,21166,COOK WITH WINE METAL SIGN,12,2011-03-31T17:17:00,2.08,13883,United Kingdom
548533,21175,GIN + TONIC DIET METAL SIGN,12,2011-03-31T17:17:00,2.55,13883,United Kingdom
548533,21212,PACK OF 72 RETROSPOT CAKE CASES,24,2011-03-31T17:17:00,0.55,13883,United Kingdom
548533,21213,PACK OF 72 SKULL CAKE CASES,24,2011-03-31T17:17:00,0.55,13883,United Kingdom
548533,21216,"SET 3 RETROSPOT TEA,COFFEE,SUGAR",4,2011-03-31T17:17:00,4.95,13883,United Kingdom
548533,21217,RED RETROSPOT ROUND CAKE TINS,4,2011-03-31T17:17:00,9.95,13883,United Kingdom
548533,21218,RED SPOTTY BISCUIT TIN,6,2011-03-31T17:17:00,3.75,13883,United Kingdom
548533,21231,SWEETHEART CERAMIC TRINKET BOX,24,2011-03-31T17:17:00,1.25,13883,United Kingdom
548533,21232,STRAWBERRY CERAMIC TRINKET BOX,24,2011-03-31T17:17:00,1.25,13883,United Kingdom
548533,21278,VINTAGE KITCHEN PRINT PUDDINGS,6,2011-03-31T17:17:00,2.55,13883,United Kingdom
548533,21279,VINTAGE KITCHEN PRINT FRUITS,6,2011-03-31T17:17:00,2.55,13883,United Kingdom
548533,21280,VINTAGE KITCHEN PRINT VEGETABLES,6,2011-03-31T17:17:00,2.55,13883,United Kingdom
548533,21533,RETROSPOT LARGE MILK JUG,4,2011-03-31T17:17:00,4.95,13883,United Kingdom
548533,21535,RED RETROSPOT SMALL MILK JUG,6,2011-03-31T17:17:00,2.55,13883,United Kingdom
548533,21537,RED RETROSPOT PUDDING BOWL,6,2011-03-31T17:17:00,4.25,13883,United Kingdom
548533,21539,RED RETROSPOT BUTTER DISH,6,2011-03-31T17:17:00,4.95,13883,United Kingdom
548533,21563,RED HEART SHAPE LOVE BUCKET,6,2011-03-31T17:17:00,2.95,13883,United Kingdom
548533,21564,PINK  HEART SHAPE LOVE BUCKET,12,2011-03-31T17:17:00,2.95,13883,United Kingdom
548533,21843,RED RETROSPOT CAKE STAND,3,2011-03-31T17:17:00,10.95,13883,United Kingdom
548533,21974,SET OF 36 PAISLEY FLOWER DOILIES,12,2011-03-31T17:17:00,1.45,13883,United Kingdom
548533,21975,PACK OF 60 DINOSAUR CAKE CASES,24,2011-03-31T17:17:00,0.55,13883,United Kingdom
548533,21977,PACK OF 60 PINK PAISLEY CAKE CASES,24,2011-03-31T17:17:00,0.55,13883,United Kingdom
548533,22115,METAL SIGN EMPIRE TEA,6,2011-03-31T17:17:00,2.95,13883,United Kingdom
548533,22207,FRYING PAN UNION FLAG,12,2011-03-31T17:17:00,4.25,13883,United Kingdom
548533,22348,TEA BAG PLATE RED RETROSPOT,24,2011-03-31T17:17:00,0.85,13883,United Kingdom
548533,22358,KINGS CHOICE TEA CADDY,6,2011-03-31T17:17:00,2.95,13883,United Kingdom
548533,22423,REGENCY CAKESTAND 3 TIER,3,2011-03-31T17:17:00,12.75,13883,United Kingdom
548533,22666,RECIPE BOX PANTRY YELLOW DESIGN,6,2011-03-31T17:17:00,2.95,13883,United Kingdom
548533,22667,RECIPE BOX RETROSPOT,6,2011-03-31T17:17:00,2.95,13883,United Kingdom
548533,22722,SET OF 6 SPICE TINS PANTRY DESIGN,4,2011-03-31T17:17:00,3.95,13883,United Kingdom
548533,22776,SWEETHEART CAKESTAND 3 TIER,3,2011-03-31T17:17:00,9.95,13883,United Kingdom
548533,22840,ROUND CAKE TIN VINTAGE RED,2,2011-03-31T17:17:00,7.95,13883,United Kingdom
548533,22842,BISCUIT TIN VINTAGE RED,2,2011-03-31T17:17:00,6.75,13883,United Kingdom
548533,22907,PACK OF 20 NAPKINS PANTRY DESIGN,12,2011-03-31T17:17:00,0.85,13883,United Kingdom
548533,22978,PANTRY ROLLING PIN,6,2011-03-31T17:17:00,3.75,13883,United Kingdom
548533,22982,PANTRY PASTRY BRUSH,12,2011-03-31T17:17:00,1.25,13883,United Kingdom
548533,84880,WHITE WIRE EGG HOLDER,6,2011-03-31T17:17:00,7.5,13883,United Kingdom
548533,84969,BOX OF 6 ASSORTED COLOUR TEASPOONS,6,2011-03-31T17:17:00,4.25,13883,United Kingdom
548533,84987,SET OF 36 TEATIME PAPER DOILIES,12,2011-03-31T17:17:00,1.45,13883,United Kingdom
548533,84988,SET OF 72 PINK HEART PAPER DOILIES,12,2011-03-31T17:17:00,1.45,13883,United Kingdom
548533,84991,60 TEATIME FAIRY CAKE CASES,24,2011-03-31T17:17:00,0.55,13883,United Kingdom
548629,21749,LARGE RED RETROSPOT WINDMILL,192,2011-04-01T12:21:00,1.85,16333,United Kingdom
548710,21135,VICTORIAN  METAL POSTCARD SPRING,8,2011-04-03T13:24:00,1.69,16678,United Kingdom
548710,21136,PAINTED METAL PEARS ASSORTED,8,2011-04-03T13:24:00,1.69,16678,United Kingdom
548710,21375,LARGE CAMPHOR WOOD FIELD MUSHROOM,2,2011-04-03T13:24:00,5.45,16678,United Kingdom
548710,21376,LARGE  TALL CAMPHOR WOOD TOADSTOOL,2,2011-04-03T13:24:00,5.45,16678,United Kingdom
548710,21928,JUMBO BAG SCANDINAVIAN BLUE PAISLEY,10,2011-04-03T13:24:00,1.95,16678,United Kingdom
548710,22568,FELTCRAFT CUSHION OWL,4,2011-04-03T13:24:00,3.75,16678,United Kingdom
548710,22570,FELTCRAFT CUSHION RABBIT,4,2011-04-03T13:24:00,3.75,16678,United Kingdom
548710,22652,TRAVEL SEWING KIT,10,2011-04-03T13:24:00,1.65,16678,United Kingdom
548710,22718,CARD CAT AND TREE,24,2011-04-03T13:24:00,0.42,16678,United Kingdom
548710,22855,FINE WICKER HEART,12,2011-04-03T13:24:00,1.25,16678,United Kingdom
548710,22902,TOTE BAG I LOVE LONDON,12,2011-04-03T13:24:00,2.1,16678,United Kingdom
548710,22961,JAM MAKING SET PRINTED,12,2011-04-03T13:24:00,1.45,16678,United Kingdom
548710,22996,TRAVEL CARD WALLET VINTAGE TICKET,24,2011-04-03T13:24:00,0.42,16678,United Kingdom
548710,23126,FELTCRAFT GIRL AMELIE KIT,4,2011-04-03T13:24:00,4.95,16678,United Kingdom
548710,23127,FELTCRAFT GIRL NICOLE KIT,4,2011-04-03T13:24:00,4.95,16678,United Kingdom
548710,71459,HANGING JAM JAR T-LIGHT HOLDER,24,2011-04-03T13:24:00,0.85,16678,United Kingdom
548710,84978,HANGING HEART JAR T-LIGHT HOLDER,24,2011-04-03T13:24:00,1.25,16678,United Kingdom
548736,21439,BASKET OF TOADSTOOLS,408,2011-04-04T11:01:00,1.06,13984,United Kingdom
549001,84845D,,-5,2011-04-05T14:35:00,0,,United Kingdom
549161,21518,,-31,2011-04-06T17:15:00,0,,United Kingdom
549261,21166,COOK WITH WINE METAL SIGN,2,2011-04-07T12:35:00,2.08,14903,United Kingdom
549261,21181,PLEASE ONE PERSON METAL SIGN,2,2011-04-07T12:35:00,2.1,14903,United Kingdom
549261,21313,GLASS HEART T-LIGHT HOLDER,12,2011-04-07T12:35:00,0.85,14903,United Kingdom
549261,21314,SMALL GLASS HEART TRINKET POT,2,2011-04-07T12:35:00,2.1,14903,United Kingdom
549261,21340,CLASSIC METAL BIRDCAGE PLANT HOLDER,2,2011-04-07T12:35:00,12.75,14903,United Kingdom
549261,21385,IVORY HANGING DECORATION  HEART,12,2011-04-07T12:35:00,0.85,14903,United Kingdom
549261,21386,IVORY HANGING DECORATION  EGG,7,2011-04-07T12:35:00,0.85,14903,United Kingdom
549261,21389,IVORY HANGING DECORATION  BIRD,8,2011-04-07T12:35:00,0.85,14903,United Kingdom
549261,21623,VINTAGE UNION JACK MEMOBOARD,1,2011-04-07T12:35:00,9.95,14903,United Kingdom
549261,21745,GAOLERS KEYS DECORATIVE GARDEN,12,2011-04-07T12:35:00,3.75,14903,United Kingdom
549261,21878,PACK OF 6 SANDCASTLE FLAGS ASSORTED,9,2011-04-07T12:35:00,0.85,14903,United Kingdom
549261,21903,MAN FLU METAL SIGN,2,2011-04-07T12:35:00,2.1,14903,United Kingdom
549261,21907,I'M ON HOLIDAY METAL SIGN,4,2011-04-07T12:35:00,2.1,14903,United Kingdom
549261,21908,CHOCOLATE THIS WAY METAL SIGN,2,2011-04-07T12:35:00,2.1,14903,United Kingdom
549261,22084,PAPER CHAIN KIT EMPIRE,4,2011-04-07T12:35:00,2.95,14903,United Kingdom
549261,22121,NOEL WOODEN BLOCK LETTERS,1,2011-04-07T12:35:00,5.95,14903,United Kingdom
549261,22147,FELTCRAFT BUTTERFLY HEARTS,1,2011-04-07T12:35:00,1.45,14903,United Kingdom
549261,22197,SMALL POPCORN HOLDER,7,2011-04-07T12:35:00,0.85,14903,United Kingdom
549261,22224,WHITE LOVEBIRD LANTERN,2,2011-04-07T12:35:00,2.95,14903,United Kingdom
549261,22266,EASTER DECORATION HANGING BUNNY,2,2011-04-07T12:35:00,0.65,14903,United Kingdom
549261,22267,EASTER DECORATION EGG BUNNY,2,2011-04-07T12:35:00,1.25,14903,United Kingdom
549261,22268,EASTER DECORATION SITTING BUNNY,3,2011-04-07T12:35:00,0.85,14903,United Kingdom
549261,22269,EGG CUP NATURAL CHICKEN,4,2011-04-07T12:35:00,1.25,14903,United Kingdom
549261,22272,FELTCRAFT DOLL MARIA,1,2011-04-07T12:35:00,2.95,14903,United Kingdom
549261,22284,HEN HOUSE DECORATION,6,2011-04-07T12:35:00,1.65,14903,United Kingdom
549261,22285,HANGING HEN ON NEST DECORATION,6,2011-04-07T12:35:00,1.65,14903,United Kingdom
549261,22295,HEART FILIGREE DOVE LARGE,12,2011-04-07T12:35:00,1.65,14903,United Kingdom
549261,22296,HEART IVORY TRELLIS LARGE,12,2011-04-07T12:35:00,1.65,14903,United Kingdom
549261,22297,HEART IVORY TRELLIS SMALL,24,2011-04-07T12:35:00,1.25,14903,United Kingdom
549261,22501,PICNIC BASKET WICKER LARGE,1,2011-04-07T12:35:00,9.95,14903,United Kingdom
549261,22568,FELTCRAFT CUSHION OWL,2,2011-04-07T12:35:00,3.75,14903,United Kingdom
549261,22670,FRENCH WC SIGN BLUE METAL,3,2011-04-07T12:35:00,1.25,14903,United Kingdom
549261,22674,FRENCH TOILET SIGN BLUE METAL,4,2011-04-07T12:35:00,1.25,14903,United Kingdom
549261,22697,GREEN REGENCY TEACUP AND SAUCER,7,2011-04-07T12:35:00,2.95,14903,United Kingdom
549261,22698,PINK REGENCY TEACUP AND SAUCER,5,2011-04-07T12:35:00,2.95,14903,United Kingdom
549261,22699,ROSES REGENCY TEACUP AND SAUCER,5,2011-04-07T12:35:00,2.95,14903,United Kingdom
549261,22725,ALARM CLOCK BAKELIKE CHOCOLATE,2,2011-04-07T12:35:00,3.75,14903,United Kingdom
549261,22726,ALARM CLOCK BAKELIKE GREEN,5,2011-04-07T12:35:00,3.75,14903,United Kingdom
549261,22727,ALARM CLOCK BAKELIKE RED,3,2011-04-07T12:35:00,3.75,14903,United Kingdom
549261,22729,ALARM CLOCK BAKELIKE ORANGE,4,2011-04-07T12:35:00,3.75,14903,United Kingdom
549261,22730,ALARM CLOCK BAKELIKE IVORY,4,2011-04-07T12:35:00,3.75,14903,United Kingdom
549261,22760,"TRAY, BREAKFAST IN BED",2,2011-04-07T12:35:00,12.75,14903,United Kingdom
549261,22784,LANTERN CREAM GAZEBO,2,2011-04-07T12:35:00,4.95,14903,United Kingdom
549261,22798,ANTIQUE GLASS DRESSING TABLE POT,4,2011-04-07T12:35:00,2.95,14903,United Kingdom
549261,22800,ANTIQUE TALL SWIRLGLASS TRINKET POT,2,2011-04-07T12:35:00,3.75,14903,United Kingdom
549261,22855,FINE WICKER HEART,6,2011-04-07T12:35:00,1.25,14903,United Kingdom
549261,23127,FELTCRAFT GIRL NICOLE KIT,1,2011-04-07T12:35:00,4.95,14903,United Kingdom
549261,23128,FELTCRAFT BOY JEAN-PAUL KIT,1,2011-04-07T12:35:00,4.95,14903,United Kingdom
549261,82482,WOODEN PICTURE FRAME WHITE FINISH,4,2011-04-07T12:35:00,2.55,14903,United Kingdom
549261,82494L,WOODEN FRAME ANTIQUE WHITE,1,2011-04-07T12:35:00,2.95,14903,United Kingdom
549261,82581,TOILET METAL SIGN,4,2011-04-07T12:35:00,0.55,14903,United Kingdom
549261,84836,ZINC METAL HEART DECORATION,12,2011-04-07T12:35:00,1.25,14903,United Kingdom
549261,84879,ASSORTED COLOUR BIRD ORNAMENT,8,2011-04-07T12:35:00,1.69,14903,United Kingdom
549261,84945,MULTI COLOUR SILVER T-LIGHT HOLDER,12,2011-04-07T12:35:00,0.85,14903,United Kingdom
549261,84946,ANTIQUE SILVER T-LIGHT GLASS,6,2011-04-07T12:35:00,1.25,14903,United Kingdom
549261,84947,ANTIQUE SILVER TEA GLASS ENGRAVED,6,2011-04-07T12:35:00,1.25,14903,United Kingdom
549261,85150,LADIES & GENTLEMEN METAL SIGN,4,2011-04-07T12:35:00,2.55,14903,United Kingdom
549283,20750,RED RETROSPOT MINI CASES,2,2011-04-07T13:32:00,7.95,13005,United Kingdom
549283,21770,OPEN CLOSED METAL SIGN,2,2011-04-07T13:32:00,4.95,13005,United Kingdom
549283,22138,BAKING SET 9 PIECE RETROSPOT,3,2011-04-07T13:32:00,4.95,13005,United Kingdom
549283,22139,RETROSPOT TEA SET CERAMIC 11 PC,3,2011-04-07T13:32:00,4.95,13005,United Kingdom
549283,22456,NATURAL SLATE CHALKBOARD LARGE,3,2011-04-07T13:32:00,4.95,13005,United Kingdom
549283,22488,NATURAL SLATE RECTANGLE CHALKBOARD,12,2011-04-07T13:32:00,1.65,13005,United Kingdom
549283,22501,PICNIC BASKET WICKER LARGE,2,2011-04-07T13:32:00,9.95,13005,United Kingdom
549283,22617,BAKING SET SPACEBOY DESIGN,3,2011-04-07T13:32:00,4.95,13005,United Kingdom
549283,22634,CHILDS BREAKFAST SET SPACEBOY,2,2011-04-07T13:32:00,9.95,13005,United Kingdom
549283,22635,CHILDS BREAKFAST SET DOLLY GIRL,2,2011-04-07T13:32:00,9.95,13005,United Kingdom
549283,22637,PIGGY BANK RETROSPOT,6,2011-04-07T13:32:00,2.55,13005,United Kingdom
549283,22969,HOMEMADE JAM SCENTED CANDLES,12,2011-04-07T13:32:00,1.45,13005,United Kingdom
549283,23076,ICE CREAM SUNDAE LIP GLOSS,24,2011-04-07T13:32:00,1.25,13005,United Kingdom
549283,23078,ICE CREAM PEN LIP GLOSS,24,2011-04-07T13:32:00,1.25,13005,United Kingdom
549283,23176,ABC TREASURE BOOK BOX,8,2011-04-07T13:32:00,2.25,13005,United Kingdom
549283,23177,TREASURE ISLAND BOOK BOX,8,2011-04-07T13:32:00,2.25,13005,United Kingdom
549283,84755,COLOUR GLASS T-LIGHT HOLDER HANGING,16,2011-04-07T13:32:00,0.65,13005,United Kingdom
549283,85014A,BLACK/BLUE POLKADOT UMBRELLA,3,2011-04-07T13:32:00,5.95,13005,United Kingdom
549285,21156,RETROSPOT CHILDRENS APRON,8,2011-04-07T13:45:00,1.95,14981,United Kingdom
549285,21980,PACK OF 12 RED RETROSPOT TISSUES,24,2011-04-07T13:45:00,0.29,14981,United Kingdom
549285,22380,TOY TIDY SPACEBOY,5,2011-04-07T13:45:00,2.1,14981,United Kingdom
549285,22382,LUNCH BAG SPACEBOY DESIGN,10,2011-04-07T13:45:00,1.65,14981,United Kingdom
549285,22383,LUNCH BAG SUKI DESIGN,10,2011-04-07T13:45:00,1.65,14981,United Kingdom
549285,22614,PACK OF 12 SPACEBOY TISSUES,24,2011-04-07T13:45:00,0.29,14981,United Kingdom
549285,22662,LUNCH BAG DOLLY GIRL DESIGN,10,2011-04-07T13:45:00,1.65,14981,United Kingdom
549285,22899,CHILDREN'S APRON DOLLY GIRL,6,2011-04-07T13:45:00,2.1,14981,United Kingdom
549303,20711,JUMBO BAG TOYS,10,2011-04-08T08:27:00,2.08,18040,United Kingdom
549303,20712,JUMBO BAG WOODLAND ANIMALS,10,2011-04-08T08:27:00,2.08,18040,United Kingdom
549303,21249,WOODLAND  HEIGHT CHART STICKERS,6,2011-04-08T08:27:00,2.95,18040,United Kingdom
549303,21424,WOODLAND STORAGE BOX LARGE,12,2011-04-08T08:27:00,2.95,18040,United Kingdom
549303,22090,PAPER BUNTING RETROSPOT,6,2011-04-08T08:27:00,2.95,18040,United Kingdom
549303,22243,5 HOOK HANGER RED MAGIC TOADSTOOL,12,2011-04-08T08:27:00,1.65,18040,United Kingdom
549303,22244,3 HOOK HANGER MAGIC GARDEN,12,2011-04-08T08:27:00,1.95,18040,United Kingdom
549303,22320,BIRDS MOBILE VINTAGE DESIGN,3,2011-04-08T08:27:00,5.95,18040,United Kingdom
549303,22326,ROUND SNACK BOXES SET OF4 WOODLAND,6,2011-04-08T08:27:00,2.95,18040,United Kingdom
549303,22498,WOODEN REGATTA BUNTING,3,2011-04-08T08:27:00,5.95,18040,United Kingdom
549303,22585,PACK OF 6 BIRDY GIFT TAGS,12,2011-04-08T08:27:00,1.25,18040,United Kingdom
549303,22619,SET OF 6 SOLDIER SKITTLES,4,2011-04-08T08:27:00,3.75,18040,United Kingdom
549445,48138,DOORMAT UNION FLAG,40,2011-04-08T13:01:00,6.75,17809,United Kingdom
549749,20725,LUNCH BAG RED RETROSPOT,10,2011-04-12T10:45:00,1.65,12928,United Kingdom
549749,20972,PINK CREAM FELT CRAFT TRINKET BOX,12,2011-04-12T10:45:00,1.25,12928,United Kingdom
549749,20978,36 PENCILS TUBE SKULLS,16,2011-04-12T10:45:00,1.25,12928,United Kingdom
549749,20979,36 PENCILS TUBE RED RETROSPOT,16,2011-04-12T10:45:00,1.25,12928,United Kingdom
549749,21929,JUMBO BAG PINK VINTAGE PAISLEY,10,2011-04-12T10:45:00,2.08,12928,United Kingdom
549749,21931,JUMBO STORAGE BAG SUKI,10,2011-04-12T10:45:00,2.08,12928,United Kingdom
549749,22178,VICTORIAN GLASS HANGING T-LIGHT,12,2011-04-12T10:45:00,1.25,12928,United Kingdom
549749,22382,LUNCH BAG SPACEBOY DESIGN,10,2011-04-12T10:45:00,1.65,12928,United Kingdom
549749,22383,LUNCH BAG SUKI DESIGN,10,2011-04-12T10:45:00,1.65,12928,United Kingdom
549749,22773,GREEN DRAWER KNOB ACRYLIC EDWARDIAN,24,2011-04-12T10:45:00,1.25,12928,United Kingdom
549749,23199,JUMBO BAG APPLES,10,2011-04-12T10:45:00,2.08,12928,United Kingdom
549749,23201,JUMBO BAG ALPHABET,10,2011-04-12T10:45:00,2.08,12928,United Kingdom
549749,23206,LUNCH BAG APPLE DESIGN,10,2011-04-12T10:45:00,1.65,12928,United Kingdom
549749,23207,LUNCH BAG ALPHABET DESIGN,10,2011-04-12T10:45:00,1.65,12928,United Kingdom
549749,23208,LUNCH BAG VINTAGE LEAF DESIGN,10,2011-04-12T10:45:00,1.65,12928,United Kingdom
549749,71053,WHITE METAL LANTERN,4,2011-04-12T10:45:00,3.75,12928,United Kingdom
549749,84755,COLOUR GLASS T-LIGHT HOLDER HANGING,16,2011-04-12T10:45:00,0.65,12928,United Kingdom
549749,85099B,JUMBO BAG RED RETROSPOT,10,2011-04-12T10:45:00,2.08,12928,United Kingdom
549749,85099C,JUMBO  BAG BAROQUE BLACK WHITE,10,2011-04-12T10:45:00,2.08,12928,United Kingdom
549749,85099F,JUMBO BAG STRAWBERRY,10,2011-04-12T10:45:00,2.08,12928,United Kingdom
549749,85123A,WHITE HANGING HEART T-LIGHT HOLDER,6,2011-04-12T10:45:00,2.95,12928,United Kingdom
549956,22151,PLACE SETTING WHITE HEART,192,2011-04-13T13:42:00,0.42,14898,United Kingdom
549956,22295,HEART FILIGREE DOVE LARGE,12,2011-04-13T13:42:00,1.65,14898,United Kingdom
549956,47566,PARTY BUNTING,4,2011-04-13T13:42:00,4.95,14898,United Kingdom
549956,84879,ASSORTED COLOUR BIRD ORNAMENT,16,2011-04-13T13:42:00,1.69,14898,United Kingdom
549956,85039B,S/4 IVORY MINI ROSE CANDLE IN BOWL,12,2011-04-13T13:42:00,1.65,14898,United Kingdom
549956,85040A,S/4 PINK FLOWER CANDLES IN BOWL,12,2011-04-13T13:42:00,1.65,14898,United Kingdom
549989,21318,GLASS CHALICE BLUE SMALL,18,2011-04-13T16:58:00,0.39,13221,United Kingdom
549989,21730,GLASS STAR FROSTED T-LIGHT HOLDER,4,2011-04-13T16:58:00,4.95,13221,United Kingdom
549989,21770,OPEN CLOSED METAL SIGN,1,2011-04-13T16:58:00,4.95,13221,United Kingdom
549989,21922,UNION STRIPE WITH FRINGE  HAMMOCK,1,2011-04-13T16:58:00,7.95,13221,United Kingdom
549989,22090,PAPER BUNTING RETROSPOT,2,2011-04-13T16:58:00,2.95,13221,United Kingdom
549989,22113,GREY HEART HOT WATER BOTTLE,2,2011-04-13T16:58:00,3.75,13221,United Kingdom
549989,22115,METAL SIGN EMPIRE TEA,2,2011-04-13T16:58:00,2.95,13221,United Kingdom
549989,22180,RETROSPOT LAMP,2,2011-04-13T16:58:00,9.95,13221,United Kingdom
549989,22476,EMPIRE UNION JACK TV DINNER TRAY,2,2011-04-13T16:58:00,4.95,13221,United Kingdom
549989,22645,CERAMIC HEART FAIRY CAKE MONEY BANK,4,2011-04-13T16:58:00,1.45,13221,United Kingdom
549989,22776,SWEETHEART CAKESTAND 3 TIER,2,2011-04-13T16:58:00,9.95,13221,United Kingdom
549989,22832,BROCANTE SHELF WITH HOOKS,2,2011-04-13T16:58:00,10.75,13221,United Kingdom
549989,22839,3 TIER CAKE TIN GREEN AND CREAM,1,2011-04-13T16:58:00,14.95,13221,United Kingdom
549989,22842,BISCUIT TIN VINTAGE RED,2,2011-04-13T16:58:00,6.75,13221,United Kingdom
549989,22843,BISCUIT TIN VINTAGE GREEN,2,2011-04-13T16:58:00,6.75,13221,United Kingdom
549989,23184,BULL DOG BOTTLE OPENER,6,2011-04-13T16:58:00,4.95,13221,United Kingdom
549989,35810B,ENAMEL BLUE RIM COFFEE CONTAINER,6,2011-04-13T16:58:00,0.83,13221,United Kingdom
549989,82600,NO SINGING METAL SIGN,6,2011-04-13T16:58:00,2.1,13221,United Kingdom
549989,84030E,ENGLISH ROSE HOT WATER BOTTLE,2,2011-04-13T16:58:00,4.25,13221,United Kingdom
549989,84912A,PINK ROSE WASHBAG,2,2011-04-13T16:58:00,3.75,13221,United Kingdom
549989,84912B,GREEN ROSE WASHBAG,2,2011-04-13T16:58:00,3.75,13221,United Kingdom
549989,84987,SET OF 36 TEATIME PAPER DOILIES,1,2011-04-13T16:58:00,1.45,13221,United Kingdom
549989,84988,SET OF 72 PINK HEART PAPER DOILIES,1,2011-04-13T16:58:00,1.45,13221,United Kingdom
549989,85144,JARDIN ETCHED GLASS CHEESE DISH,2,2011-04-13T16:58:00,1.95,13221,United Kingdom
549989,90016B,GOLD/M.O.P PENDANT ORBIT NECKLACE,2,2011-04-13T16:58:00,8.5,13221,United Kingdom
549989,90018B,GOLD M.O.P ORBIT DROP EARRINGS,2,2011-04-13T16:58:00,4.25,13221,United Kingdom
549989,90035A,"PEARL & SHELL 42""NECKL. GREEN",3,2011-04-13T16:58:00,10.75,13221,United Kingdom
549989,90042A,FRESHWATER PEARL BRACELET GOLD,2,2011-04-13T16:58:00,2.55,13221,United Kingdom
549989,90142D,MOP PENDANT SHELL NECKLACE,4,2011-04-13T16:58:00,4.95,13221,United Kingdom
549989,90194,SILVER LARIAT BLACK STONE EARRINGS,2,2011-04-13T16:58:00,4.25,13221,United Kingdom
549989,M,Manual,1,2011-04-13T16:58:00,2.55,13221,United Kingdom
549990,21626,VINTAGE UNION JACK PENNANT,2,2011-04-13T17:31:00,1.95,16678,United Kingdom
549990,22053,EMPIRE DESIGN ROSETTE,2,2011-04-13T17:31:00,1.25,16678,United Kingdom
549990,22082,RIBBON REEL STRIPES DESIGN,10,2011-04-13T17:31:00,1.65,16678,United Kingdom
549990,22084,PAPER CHAIN KIT EMPIRE,4,2011-04-13T17:31:00,2.95,16678,United Kingdom
549990,22098,BOUDOIR SQUARE TISSUE BOX,8,2011-04-13T17:31:00,1.25,16678,United Kingdom
549990,22443,GROW YOUR OWN HERBS SET OF 3,3,2011-04-13T17:31:00,7.95,16678,United Kingdom
549990,22607,WOODEN ROUNDERS GARDEN SET,3,2011-04-13T17:31:00,9.95,16678,United Kingdom
549990,22960,JAM MAKING SET WITH JARS,6,2011-04-13T17:31:00,4.25,16678,United Kingdom
549990,22993,SET OF 4 PANTRY JELLY MOULDS,6,2011-04-13T17:31:00,1.25,16678,United Kingdom
549990,48129,DOORMAT TOPIARY,2,2011-04-13T17:31:00,7.95,16678,United Kingdom
550144,20725,LUNCH BAG RED RETROSPOT,4,2011-04-14T14:14:00,1.65,16520,United Kingdom
550144,20727,LUNCH BAG  BLACK SKULL.,2,2011-04-14T14:14:00,1.65,16520,United Kingdom
550144,20961,STRAWBERRY BATH SPONGE,4,2011-04-14T14:14:00,1.25,16520,United Kingdom
550144,21086,SET/6 RED SPOTTY PAPER CUPS,6,2011-04-14T14:14:00,0.65,16520,United Kingdom
550144,21094,SET/6 RED SPOTTY PAPER PLATES,6,2011-04-14T14:14:00,0.85,16520,United Kingdom
550144,21166,COOK WITH WINE METAL SIGN,2,2011-04-14T14:14:00,2.08,16520,United Kingdom
550144,21169,YOU'RE CONFUSING ME METAL SIGN,1,2011-04-14T14:14:00,1.69,16520,United Kingdom
550144,21172,PARTY METAL SIGN,5,2011-04-14T14:14:00,1.45,16520,United Kingdom
550144,21175,GIN + TONIC DIET METAL SIGN,2,2011-04-14T14:14:00,2.55,16520,United Kingdom
550144,21181,PLEASE ONE PERSON METAL SIGN,2,2011-04-14T14:14:00,2.1,16520,United Kingdom
550144,21380,WOODEN HAPPY BIRTHDAY GARLAND,2,2011-04-14T14:14:00,2.95,16520,United Kingdom
550144,21559,STRAWBERRY LUNCH BOX WITH CUTLERY,2,2011-04-14T14:14:00,2.55,16520,United Kingdom
550144,21713,CITRONELLA CANDLE FLOWERPOT,4,2011-04-14T14:14:00,2.1,16520,United Kingdom
550144,21905,MORE BUTTER METAL SIGN,1,2011-04-14T14:14:00,2.1,16520,United Kingdom
550144,21907,I'M ON HOLIDAY METAL SIGN,2,2011-04-14T14:14:00,2.1,16520,United Kingdom
550144,21908,CHOCOLATE THIS WAY METAL SIGN,2,2011-04-14T14:14:00,2.1,16520,United Kingdom
550144,21912,VINTAGE SNAKES & LADDERS,1,2011-04-14T14:14:00,3.75,16520,United Kingdom
550144,21930,JUMBO STORAGE BAG SKULLS,1,2011-04-14T14:14:00,2.08,16520,United Kingdom
550144,21932,SCANDINAVIAN PAISLEY PICNIC BAG,1,2011-04-14T14:14:00,2.95,16520,United Kingdom
550144,21936,RED RETROSPOT PICNIC BAG,2,2011-04-14T14:14:00,2.95,16520,United Kingdom
550144,21937,STRAWBERRY   PICNIC BAG,1,2011-04-14T14:14:00,2.95,16520,United Kingdom
550144,22084,PAPER CHAIN KIT EMPIRE,2,2011-04-14T14:14:00,2.95,16520,United Kingdom
550144,22088,PAPER BUNTING COLOURED LACE,2,2011-04-14T14:14:00,2.95,16520,United Kingdom
550144,22090,PAPER BUNTING RETROSPOT,2,2011-04-14T14:14:00,2.95,16520,United Kingdom
550144,22352,LUNCH BOX WITH CUTLERY RETROSPOT,1,2011-04-14T14:14:00,2.55,16520,United Kingdom
550144,22384,LUNCH BAG PINK POLKADOT,3,2011-04-14T14:14:00,1.65,16520,United Kingdom
550144,22411,JUMBO SHOPPER VINTAGE RED PAISLEY,1,2011-04-14T14:14:00,2.08,16520,United Kingdom
550144,22413,METAL SIGN TAKE IT OR LEAVE IT,2,2011-04-14T14:14:00,2.95,16520,United Kingdom
550144,22501,PICNIC BASKET WICKER LARGE,1,2011-04-14T14:14:00,9.95,16520,United Kingdom
550144,22502,PICNIC BASKET WICKER SMALL,1,2011-04-14T14:14:00,5.95,16520,United Kingdom
550144,22548,HEADS AND TAILS SPORTING FUN,2,2011-04-14T14:14:00,1.25,16520,United Kingdom
550144,22550,HOLIDAY FUN LUDO,1,2011-04-14T14:14:00,3.75,16520,United Kingdom
550144,22607,WOODEN ROUNDERS GARDEN SET,1,2011-04-14T14:14:00,9.95,16520,United Kingdom
550144,22628,PICNIC BOXES SET OF 3 RETROSPOT,2,2011-04-14T14:14:00,4.95,16520,United Kingdom
550144,22659,LUNCH BOX I LOVE LONDON,2,2011-04-14T14:14:00,1.95,16520,United Kingdom
550144,22669,RED BABY BUNTING,3,2011-04-14T14:14:00,2.95,16520,United Kingdom
550144,22771,CLEAR DRAWER KNOB ACRYLIC EDWARDIAN,2,2011-04-14T14:14:00,1.25,16520,United Kingdom
550144,22773,GREEN DRAWER KNOB ACRYLIC EDWARDIAN,2,2011-04-14T14:14:00,1.25,16520,United Kingdom
550144,22832,BROCANTE SHELF WITH HOOKS,1,2011-04-14T14:14:00,10.75,16520,United Kingdom
550144,22919,HERB MARKER MINT,12,2011-04-14T14:14:00,0.65,16520,United Kingdom
550144,22953,BIRTHDAY PARTY CORDON BARRIER TAPE,3,2011-04-14T14:14:00,1.25,16520,United Kingdom
550144,23050,RECYCLED ACAPULCO MAT GREEN,1,2011-04-14T14:14:00,8.25,16520,United Kingdom
550144,23051,RECYCLED ACAPULCO MAT BLUE,1,2011-04-14T14:14:00,8.25,16520,United Kingdom
550144,23182,TOILET SIGN OCCUPIED OR VACANT,4,2011-04-14T14:14:00,0.83,16520,United Kingdom
550144,23184,BULL DOG BOTTLE OPENER,1,2011-04-14T14:14:00,4.95,16520,United Kingdom
550144,23206,LUNCH BAG APPLE DESIGN,2,2011-04-14T14:14:00,1.65,16520,United Kingdom
550144,23208,LUNCH BAG VINTAGE LEAF DESIGN,2,2011-04-14T14:14:00,1.65,16520,United Kingdom
550144,47504K,ENGLISH ROSE GARDEN SECATEURS,2,2011-04-14T14:14:00,1.95,16520,United Kingdom
550144,82582,AREA PATROLLED METAL SIGN,12,2011-04-14T14:14:00,2.1,16520,United Kingdom
550144,84755,COLOUR GLASS T-LIGHT HOLDER HANGING,8,2011-04-14T14:14:00,0.65,16520,United Kingdom
550144,84974,S/2 ZINC HEART DESIGN PLANTERS,1,2011-04-14T14:14:00,9.95,16520,United Kingdom
550144,85099B,JUMBO BAG RED RETROSPOT,3,2011-04-14T14:14:00,2.08,16520,United Kingdom
550144,85099C,JUMBO  BAG BAROQUE BLACK WHITE,1,2011-04-14T14:14:00,2.08,16520,United Kingdom
550144,85099F,JUMBO BAG STRAWBERRY,2,2011-04-14T14:14:00,2.08,16520,United Kingdom
550766,20972,PINK CREAM FELT CRAFT TRINKET BOX,12,2011-04-20T12:30:00,1.25,17463,United Kingdom
550766,21754,HOME BUILDING BLOCK WORD,6,2011-04-20T12:30:00,5.95,17463,United Kingdom
550766,21756,BATH BUILDING BLOCK WORD,3,2011-04-20T12:30:00,5.95,17463,United Kingdom
550766,22147,FELTCRAFT BUTTERFLY HEARTS,12,2011-04-20T12:30:00,1.45,17463,United Kingdom
550766,22149,FELTCRAFT 6 FLOWER FRIENDS,6,2011-04-20T12:30:00,2.1,17463,United Kingdom
550766,22432,WATERING CAN PINK BUNNY,6,2011-04-20T12:30:00,1.95,17463,United Kingdom
550766,22433,WATERING CAN GREEN DINOSAUR,6,2011-04-20T12:30:00,1.95,17463,United Kingdom
550766,22841,ROUND CAKE TIN VINTAGE GREEN,2,2011-04-20T12:30:00,7.95,17463,United Kingdom
550766,22969,HOMEMADE JAM SCENTED CANDLES,12,2011-04-20T12:30:00,1.45,17463,United Kingdom
550766,82486,WOOD S/3 CABINET ANT WHITE FINISH,2,2011-04-20T12:30:00,8.95,17463,United Kingdom
550766,84755,COLOUR GLASS T-LIGHT HOLDER HANGING,16,2011-04-20T12:30:00,0.65,17463,United Kingdom
550766,84970S,HANGING HEART ZINC T-LIGHT HOLDER,12,2011-04-20T12:30:00,0.85,17463,United Kingdom
550766,84978,HANGING HEART JAR T-LIGHT HOLDER,12,2011-04-20T12:30:00,1.25,17463,United Kingdom
550766,85066,CREAM SWEETHEART MINI CHEST,2,2011-04-20T12:30:00,12.75,17463,United Kingdom
550952,84531B,returned,2,2011-04-21T16:16:00,0,,United Kingdom
550960,21249,WOODLAND  HEIGHT CHART STICKERS,6,2011-04-21T16:39:00,2.95,12622,Germany
550960,21328,BALLOONS  WRITING SET,12,2011-04-21T16:39:00,1.65,12622,Germany
550960,22139,RETROSPOT TEA SET CERAMIC 11 PC,3,2011-04-21T16:39:00,4.95,12622,Germany
550960,22197,SMALL POPCORN HOLDER,12,2011-04-21T16:39:00,0.85,12622,Germany
550960,22423,REGENCY CAKESTAND 3 TIER,1,2011-04-21T16:39:00,12.75,12622,Germany
550960,22639,SET OF 4 NAPKIN CHARMS HEARTS,6,2011-04-21T16:39:00,2.55,12622,Germany
550960,23201,JUMBO BAG ALPHABET,10,2011-04-21T16:39:00,2.08,12622,Germany
550960,84279B,CHERRY BLOSSOM DECORATIVE FLASK,4,2011-04-21T16:39:00,3.75,12622,Germany
550960,84945,MULTI COLOUR SILVER T-LIGHT HOLDER,12,2011-04-21T16:39:00,0.85,12622,Germany
550960,85066,CREAM SWEETHEART MINI CHEST,2,2011-04-21T16:39:00,12.75,12622,Germany
550960,POST,POSTAGE,1,2011-04-21T16:39:00,18,12622,Germany
550994,20674,GREEN POLKADOT BOWL,12,2011-04-21T19:55:00,1.25,14562,United Kingdom
550994,20675,BLUE POLKADOT BOWL,12,2011-04-21T19:55:00,1.25,14562,United Kingdom
550994,20676,RED RETROSPOT BOWL,12,2011-04-21T19:55:00,1.25,14562,United Kingdom
550994,20677,PINK POLKADOT BOWL,12,2011-04-21T19:55:00,1.25,14562,United Kingdom
550994,20726,LUNCH BAG WOODLAND,3,2011-04-21T19:55:00,1.65,14562,United Kingdom
550994,21238,RED RETROSPOT CUP,12,2011-04-21T19:55:00,0.85,14562,United Kingdom
550994,21239,PINK  POLKADOT CUP,12,2011-04-21T19:55:00,0.85,14562,United Kingdom
550994,21240,BLUE POLKADOT CUP,12,2011-04-21T19:55:00,0.85,14562,United Kingdom
550994,21242,RED RETROSPOT PLATE,12,2011-04-21T19:55:00,1.69,14562,United Kingdom
550994,21243,PINK  POLKADOT PLATE,12,2011-04-21T19:55:00,1.69,14562,United Kingdom
550994,21244,BLUE POLKADOT PLATE,12,2011-04-21T19:55:00,1.69,14562,United Kingdom
550994,21245,GREEN POLKADOT PLATE,12,2011-04-21T19:55:00,1.69,14562,United Kingdom
550994,21770,OPEN CLOSED METAL SIGN,4,2011-04-21T19:55:00,4.95,14562,United Kingdom
550994,22090,PAPER BUNTING RETROSPOT,3,2011-04-21T19:55:00,2.95,14562,United Kingdom
550994,22178,VICTORIAN GLASS HANGING T-LIGHT,12,2011-04-21T19:55:00,1.25,14562,United Kingdom
550994,22231,JIGSAW TREE WITH BIRDHOUSE,1,2011-04-21T19:55:00,1.45,14562,United Kingdom
550994,22260,FELT EGG COSY BLUE RABBIT,1,2011-04-21T19:55:00,0.85,14562,United Kingdom
550994,22499,WOODEN UNION JACK BUNTING,2,2011-04-21T19:55:00,5.95,14562,United Kingdom
550994,22666,RECIPE BOX PANTRY YELLOW DESIGN,3,2011-04-21T19:55:00,2.95,14562,United Kingdom
550994,22671,FRENCH LAUNDRY SIGN BLUE METAL,6,2011-04-21T19:55:00,1.65,14562,United Kingdom
550994,22674,FRENCH TOILET SIGN BLUE METAL,3,2011-04-21T19:55:00,1.25,14562,United Kingdom
550994,22894,TABLECLOTH RED APPLES DESIGN,2,2011-04-21T19:55:00,9.95,14562,United Kingdom
550994,22897,OVEN MITT APPLES DESIGN,4,2011-04-21T19:55:00,1.45,14562,United Kingdom
550994,23144,ZINC T-LIGHT HOLDER STARS SMALL,24,2011-04-21T19:55:00,0.83,14562,United Kingdom
550994,23145,ZINC T-LIGHT HOLDER STAR LARGE,24,2011-04-21T19:55:00,0.95,14562,United Kingdom
550994,23199,JUMBO BAG APPLES,2,2011-04-21T19:55:00,2.08,14562,United Kingdom
550994,23206,LUNCH BAG APPLE DESIGN,3,2011-04-21T19:55:00,1.65,14562,United Kingdom
550994,47566,PARTY BUNTING,5,2011-04-21T19:55:00,4.95,14562,United Kingdom
550994,71459,HANGING JAM JAR T-LIGHT HOLDER,12,2011-04-21T19:55:00,0.85,14562,United Kingdom
550994,82486,WOOD S/3 CABINET ANT WHITE FINISH,1,2011-04-21T19:55:00,8.95,14562,United Kingdom
550994,82551,LAUNDRY 15C METAL SIGN,5,2011-04-21T19:55:00,1.45,14562,United Kingdom
550994,82583,HOT BATHS METAL SIGN,5,2011-04-21T19:55:00,2.1,14562,United Kingdom
550994,82583,HOT BATHS METAL SIGN,6,2011-04-21T19:55:00,2.1,14562,United Kingdom
550994,84970L,SINGLE HEART ZINC T-LIGHT HOLDER,12,2011-04-21T19:55:00,0.95,14562,United Kingdom
550994,84970S,HANGING HEART ZINC T-LIGHT HOLDER,12,2011-04-21T19:55:00,0.85,14562,United Kingdom
550994,85066,CREAM SWEETHEART MINI CHEST,2,2011-04-21T19:55:00,12.75,14562,United Kingdom
550994,85066,CREAM SWEETHEART MINI CHEST,2,2011-04-21T19:55:00,12.75,14562,United Kingdom
551663,84548,,-70,2011-05-03T12:34:00,0,,United Kingdom
552025,20711,JUMBO BAG TOYS,10,2011-05-05T18:04:00,2.08,13969,United Kingdom
552025,20717,STRAWBERRY SHOPPER BAG,10,2011-05-05T18:04:00,1.25,13969,United Kingdom
552025,20723,STRAWBERRY CHARLOTTE BAG,10,2011-05-05T18:04:00,0.85,13969,United Kingdom
552025,21033,JUMBO BAG CHARLIE AND LOLA TOYS,12,2011-05-05T18:04:00,2.08,13969,United Kingdom
552025,21043,APRON MODERN VINTAGE COTTON,5,2011-05-05T18:04:00,1.95,13969,United Kingdom
552025,21394,RED POLKADOT BEAKER,6,2011-05-05T18:04:00,0.39,13969,United Kingdom
552025,21530,DAIRY MAID TOASTRACK,5,2011-05-05T18:04:00,0.79,13969,United Kingdom
552025,21896,POTTING SHED TWINE,2,2011-05-05T18:04:00,2.1,13969,United Kingdom
552025,21928,JUMBO BAG SCANDINAVIAN BLUE PAISLEY,10,2011-05-05T18:04:00,2.08,13969,United Kingdom
552025,21929,JUMBO BAG PINK VINTAGE PAISLEY,9,2011-05-05T18:04:00,2.08,13969,United Kingdom
552025,21930,JUMBO STORAGE BAG SKULLS,7,2011-05-05T18:04:00,2.08,13969,United Kingdom
552025,22411,JUMBO SHOPPER VINTAGE RED PAISLEY,10,2011-05-05T18:04:00,2.08,13969,United Kingdom
552025,22998,TRAVEL CARD WALLET KEEP CALM,24,2011-05-05T18:04:00,0.42,13969,United Kingdom
552025,23049,RECYCLED ACAPULCO MAT RED,1,2011-05-05T18:04:00,8.25,13969,United Kingdom
552025,23052,RECYCLED ACAPULCO MAT TURQUOISE,1,2011-05-05T18:04:00,8.25,13969,United Kingdom
552025,23149,ANTIQUE IVORY WIRE BOWL SMALL,3,2011-05-05T18:04:00,2.49,13969,United Kingdom
552025,23177,TREASURE ISLAND BOOK BOX,1,2011-05-05T18:04:00,2.25,13969,United Kingdom
552025,23194,GYMKHANA TREASURE BOOK BOX,1,2011-05-05T18:04:00,2.25,13969,United Kingdom
552025,23199,JUMBO BAG APPLES,10,2011-05-05T18:04:00,2.08,13969,United Kingdom
552025,23204,CHARLOTTE BAG APPLES DESIGN,10,2011-05-05T18:04:00,0.85,13969,United Kingdom
552025,23205,CHARLOTTE BAG VINTAGE ALPHABET,10,2011-05-05T18:04:00,0.85,13969,United Kingdom
552025,23206,LUNCH BAG APPLE DESIGN,4,2011-05-05T18:04:00,1.65,13969,United Kingdom
552025,23207,LUNCH BAG ALPHABET DESIGN,10,2011-05-05T18:04:00,1.65,13969,United Kingdom
552025,23208,LUNCH BAG VINTAGE LEAF DESIGN,6,2011-05-05T18:04:00,1.65,13969,United Kingdom
552025,23298,SPOTTY BUNTING,6,2011-05-05T18:04:00,4.95,13969,United Kingdom
552025,35810B,ENAMEL BLUE RIM COFFEE CONTAINER,6,2011-05-05T18:04:00,0.83,13969,United Kingdom
552025,79030G,TUMBLER NEW ENGLAND,6,2011-05-05T18:04:00,0.39,13969,United Kingdom
552025,82582,AREA PATROLLED METAL SIGN,12,2011-05-05T18:04:00,2.1,13969,United Kingdom
552025,84212,"ASSORTED FLOWER COLOUR ""LEIS""",6,2011-05-05T18:04:00,0.65,13969,United Kingdom
552025,85099B,JUMBO BAG RED RETROSPOT,10,2011-05-05T18:04:00,2.08,13969,United Kingdom
552025,85099C,JUMBO  BAG BAROQUE BLACK WHITE,10,2011-05-05T18:04:00,2.08,13969,United Kingdom
552194,46000M,POLYESTER FILLER PAD 45x45cm,4,2011-05-06T14:24:00,1.55,,United Kingdom
552646,15044B,BLUE PAPER PARASOL,1,2011-05-10T13:26:00,2.95,14078,United Kingdom
552646,15044C,PURPLE PAPER PARASOL,1,2011-05-10T13:26:00,2.95,14078,United Kingdom
552646,20750,RED RETROSPOT MINI CASES,14,2011-05-10T13:26:00,6.35,14078,United Kingdom
552646,20974,12 PENCILS SMALL TUBE SKULL,3,2011-05-10T13:26:00,0.65,14078,United Kingdom
552646,21043,APRON MODERN VINTAGE COTTON,2,2011-05-10T13:26:00,1.95,14078,United Kingdom
552646,21644,ASSORTED TUTTI FRUTTI HEART BOX,2,2011-05-10T13:26:00,1.25,14078,United Kingdom
552646,22548,HEADS AND TAILS SPORTING FUN,2,2011-05-10T13:26:00,1.25,14078,United Kingdom
552646,79030G,TUMBLER NEW ENGLAND,6,2011-05-10T13:26:00,0.39,14078,United Kingdom
552646,85211,S/4 GROOVY CAT MAGNETS,2,2011-05-10T13:26:00,1.65,14078,United Kingdom
552693,15034,PAPER POCKET TRAVELING FAN,12,2011-05-10T15:22:00,0.14,12748,United Kingdom
552693,15036,ASSORTED COLOURS SILK FAN,24,2011-05-10T15:22:00,0.83,12748,United Kingdom
552822,20712,JUMBO BAG WOODLAND ANIMALS,10,2011-05-11T12:59:00,2.08,15521,United Kingdom
552822,20726,LUNCH BAG WOODLAND,6,2011-05-11T12:59:00,1.65,15521,United Kingdom
552822,20823,GOLD WINE GOBLET,4,2011-05-11T12:59:00,0.79,15521,United Kingdom
552822,21238,RED RETROSPOT CUP,2,2011-05-11T12:59:00,0.85,15521,United Kingdom
552822,21242,RED RETROSPOT PLATE,4,2011-05-11T12:59:00,1.69,15521,United Kingdom
552822,21497,FANCY FONTS BIRTHDAY WRAP,25,2011-05-11T12:59:00,0.42,15521,United Kingdom
552822,21731,RED TOADSTOOL LED NIGHT LIGHT,24,2011-05-11T12:59:00,1.65,15521,United Kingdom
552822,21912,VINTAGE SNAKES & LADDERS,4,2011-05-11T12:59:00,3.75,15521,United Kingdom
552822,21913,VINTAGE SEASIDE JIGSAW PUZZLES,4,2011-05-11T12:59:00,3.75,15521,United Kingdom
552822,21915,RED  HARMONICA IN BOX,12,2011-05-11T12:59:00,1.25,15521,United Kingdom
552822,21918,SET 12 KIDS COLOUR  CHALK STICKS,6,2011-05-11T12:59:00,0.42,15521,United Kingdom
552822,22090,PAPER BUNTING RETROSPOT,2,2011-05-11T12:59:00,2.95,15521,United Kingdom
552822,22197,SMALL POPCORN HOLDER,2,2011-05-11T12:59:00,0.85,15521,United Kingdom
552822,22278,OVERNIGHT BAG VINTAGE ROSE PAISLEY,1,2011-05-11T12:59:00,4.95,15521,United Kingdom
552822,22331,WOODLAND PARTY BAG + STICKER SET,5,2011-05-11T12:59:00,1.65,15521,United Kingdom
552822,22332,SKULLS PARTY BAG + STICKER SET,4,2011-05-11T12:59:00,1.65,15521,United Kingdom
552822,22333,RETROSPOT PARTY BAG + STICKER SET,5,2011-05-11T12:59:00,1.65,15521,United Kingdom
552822,22382,LUNCH BAG SPACEBOY DESIGN,6,2011-05-11T12:59:00,1.65,15521,United Kingdom
552822,22429,ENAMEL MEASURING JUG CREAM,1,2011-05-11T12:59:00,4.25,15521,United Kingdom
552822,22436,12 COLOURED PARTY BALLOONS,10,2011-05-11T12:59:00,0.65,15521,United Kingdom
552822,22437,SET OF 9 BLACK SKULL BALLOONS,10,2011-05-11T12:59:00,0.85,15521,United Kingdom
552822,22466,FAIRY TALE COTTAGE NIGHTLIGHT,12,2011-05-11T12:59:00,1.95,15521,United Kingdom
552822,22493,PAINT YOUR OWN CANVAS SET,4,2011-05-11T12:59:00,1.65,15521,United Kingdom
552822,22560,TRADITIONAL MODELLING CLAY,3,2011-05-11T12:59:00,1.25,15521,United Kingdom
552822,22622,BOX OF VINTAGE ALPHABET BLOCKS,2,2011-05-11T12:59:00,11.95,15521,United Kingdom
552822,22630,DOLLY GIRL LUNCH BOX,4,2011-05-11T12:59:00,1.95,15521,United Kingdom
552822,22711,WRAP CIRCUS PARADE,25,2011-05-11T12:59:00,0.42,15521,United Kingdom
552822,22993,SET OF 4 PANTRY JELLY MOULDS,1,2011-05-11T12:59:00,1.25,15521,United Kingdom
552822,23054,RECYCLED ACAPULCO MAT LAVENDER,1,2011-05-11T12:59:00,8.25,15521,United Kingdom
552822,23084,RABBIT NIGHT LIGHT,30,2011-05-11T12:59:00,1.79,15521,United Kingdom
552822,23201,JUMBO BAG ALPHABET,10,2011-05-11T12:59:00,2.08,15521,United Kingdom
552822,23203,JUMBO BAG DOILEY PATTERNS,10,2011-05-11T12:59:00,2.08,15521,United Kingdom
552822,23205,CHARLOTTE BAG VINTAGE ALPHABET,1,2011-05-11T12:59:00,0.85,15521,United Kingdom
552822,23207,LUNCH BAG ALPHABET DESIGN,6,2011-05-11T12:59:00,1.65,15521,United Kingdom
552822,23209,LUNCH BAG DOILEY PATTERN,6,2011-05-11T12:59:00,1.65,15521,United Kingdom
552822,23230,WRAP ALPHABET DESIGN,25,2011-05-11T12:59:00,0.42,15521,United Kingdom
552822,84912B,GREEN ROSE WASHBAG,1,2011-05-11T12:59:00,3.75,15521,United Kingdom
552822,84997B,CHILDRENS CUTLERY RETROSPOT RED,2,2011-05-11T12:59:00,4.15,15521,United Kingdom
553202,10120,DOGGY RUBBER,1,2011-05-15T16:02:00,0.21,15854,United Kingdom
553202,15034,PAPER POCKET TRAVELING FAN,12,2011-05-15T16:02:00,0.14,15854,United Kingdom
553202,21034,REX CASH+CARRY JUMBO SHOPPER,6,2011-05-15T16:02:00,0.95,15854,United Kingdom
553202,21035,SET/2 RED RETROSPOT TEA TOWELS,1,2011-05-15T16:02:00,3.25,15854,United Kingdom
553202,21041,RED RETROSPOT OVEN GLOVE DOUBLE,1,2011-05-15T16:02:00,2.95,15854,United Kingdom
553202,21084,SET/6 COLLAGE PAPER CUPS,8,2011-05-15T16:02:00,0.19,15854,United Kingdom
553202,21090,SET/6 COLLAGE PAPER PLATES,2,2011-05-15T16:02:00,0.39,15854,United Kingdom
553202,21213,PACK OF 72 SKULL CAKE CASES,1,2011-05-15T16:02:00,0.55,15854,United Kingdom
553202,21394,RED POLKADOT BEAKER,1,2011-05-15T16:02:00,0.39,15854,United Kingdom
553202,21395,BLUE POLKADOT BEAKER,1,2011-05-15T16:02:00,0.39,15854,United Kingdom
553202,21527,RED RETROSPOT TRADITIONAL TEAPOT,1,2011-05-15T16:02:00,7.95,15854,United Kingdom
553202,21535,RED RETROSPOT SMALL MILK JUG,1,2011-05-15T16:02:00,2.55,15854,United Kingdom
553202,21539,RED RETROSPOT BUTTER DISH,1,2011-05-15T16:02:00,4.95,15854,United Kingdom
553202,21703,BAG 125g SWIRLY MARBLES,25,2011-05-15T16:02:00,0.42,15854,United Kingdom
553202,21704,BAG 250g SWIRLY MARBLES,1,2011-05-15T16:02:00,0.85,15854,United Kingdom
553202,21733,RED HANGING HEART T-LIGHT HOLDER,6,2011-05-15T16:02:00,2.95,15854,United Kingdom
553202,21830,ASSORTED CREEPY CRAWLIES,24,2011-05-15T16:02:00,0.42,15854,United Kingdom
553202,21914,BLUE HARMONICA IN BOX,14,2011-05-15T16:02:00,1.25,15854,United Kingdom
553202,21915,RED  HARMONICA IN BOX,16,2011-05-15T16:02:00,1.25,15854,United Kingdom
553202,21930,JUMBO STORAGE BAG SKULLS,1,2011-05-15T16:02:00,2.08,15854,United Kingdom
553202,21988,PACK OF 6 SKULL PAPER PLATES,1,2011-05-15T16:02:00,0.85,15854,United Kingdom
553202,22072,RED RETROSPOT TEA CUP AND SAUCER,2,2011-05-15T16:02:00,3.75,15854,United Kingdom
553202,22197,SMALL POPCORN HOLDER,1,2011-05-15T16:02:00,0.85,15854,United Kingdom
553202,22199,FRYING PAN RED RETROSPOT,1,2011-05-15T16:02:00,4.25,15854,United Kingdom
553202,22203,MILK PAN RED RETROSPOT,1,2011-05-15T16:02:00,3.75,15854,United Kingdom
553202,22279,POCKET BAG BLUE PAISLEY RED SPOT,6,2011-05-15T16:02:00,1.25,15854,United Kingdom
553202,22435,SET OF 9 HEART SHAPED BALLOONS,2,2011-05-15T16:02:00,1.25,15854,United Kingdom
553202,22437,SET OF 9 BLACK SKULL BALLOONS,2,2011-05-15T16:02:00,0.85,15854,United Kingdom
553202,22551,PLASTERS IN TIN SPACEBOY,1,2011-05-15T16:02:00,1.65,15854,United Kingdom
553202,22662,LUNCH BAG DOLLY GIRL DESIGN,1,2011-05-15T16:02:00,1.65,15854,United Kingdom
553202,22676,FRENCH BLUE METAL DOOR SIGN 1,1,2011-05-15T16:02:00,1.25,15854,United Kingdom
553202,22685,FRENCH BLUE METAL DOOR SIGN 0,1,2011-05-15T16:02:00,1.25,15854,United Kingdom
553202,22686,FRENCH BLUE METAL DOOR SIGN No,1,2011-05-15T16:02:00,1.25,15854,United Kingdom
553202,22697,GREEN REGENCY TEACUP AND SAUCER,1,2011-05-15T16:02:00,2.95,15854,United Kingdom
553202,22699,ROSES REGENCY TEACUP AND SAUCER,1,2011-05-15T16:02:00,2.95,15854,United Kingdom
553202,22746,POPPY'S PLAYHOUSE LIVINGROOM,1,2011-05-15T16:02:00,2.1,15854,United Kingdom
553202,22748,POPPY'S PLAYHOUSE KITCHEN,1,2011-05-15T16:02:00,2.1,15854,United Kingdom
553202,22913,RED COAT RACK PARIS FASHION,1,2011-05-15T16:02:00,4.95,15854,United Kingdom
553202,22914,BLUE COAT RACK PARIS FASHION,1,2011-05-15T16:02:00,4.95,15854,United Kingdom
553202,22922,FRIDGE MAGNETS US DINER ASSORTED,1,2011-05-15T16:02:00,0.85,15854,United Kingdom
553202,22953,BIRTHDAY PARTY CORDON BARRIER TAPE,1,2011-05-15T16:02:00,1.25,15854,United Kingdom
553202,22977,DOLLY GIRL CHILDRENS EGG CUP,1,2011-05-15T16:02:00,1.25,15854,United Kingdom
553202,37342,POLKADOT COFFEE CUP & SAUCER PINK,4,2011-05-15T16:02:00,0.79,15854,United Kingdom
553202,37448,CERAMIC CAKE DESIGN SPOTTED MUG,1,2011-05-15T16:02:00,1.49,15854,United Kingdom
553202,47574B,ENGLISH ROSE SCENTED HANGING HEART,1,2011-05-15T16:02:00,4.25,15854,United Kingdom
553202,82482,WOODEN PICTURE FRAME WHITE FINISH,1,2011-05-15T16:02:00,2.55,15854,United Kingdom
553202,84006,MAGIC TREE -PAPER FLOWERS,1,2011-05-15T16:02:00,0.85,15854,United Kingdom
553202,84077,WORLD WAR 2 GLIDERS ASSTD DESIGNS,96,2011-05-15T16:02:00,0.29,15854,United Kingdom
553202,84692,BOX OF 24 COCKTAIL PARASOLS,1,2011-05-15T16:02:00,0.42,15854,United Kingdom
553202,84987,SET OF 36 TEATIME PAPER DOILIES,1,2011-05-15T16:02:00,1.45,15854,United Kingdom
553202,84991,60 TEATIME FAIRY CAKE CASES,1,2011-05-15T16:02:00,0.55,15854,United Kingdom
553202,85059,FRENCH ENAMEL WATER BASIN,1,2011-05-15T16:02:00,3.75,15854,United Kingdom
553214,20725,LUNCH BAG RED RETROSPOT,30,2011-05-16T09:49:00,1.65,13408,United Kingdom
553214,20727,LUNCH BAG  BLACK SKULL.,30,2011-05-16T09:49:00,1.65,13408,United Kingdom
553214,21700,BIG DOUGHNUT FRIDGE MAGNETS,12,2011-05-16T09:49:00,0.85,13408,United Kingdom
553214,21914,BLUE HARMONICA IN BOX,12,2011-05-16T09:49:00,1.25,13408,United Kingdom
553214,21915,RED  HARMONICA IN BOX,12,2011-05-16T09:49:00,1.25,13408,United Kingdom
553214,22355,CHARLOTTE BAG SUKI DESIGN,30,2011-05-16T09:49:00,0.85,13408,United Kingdom
553214,22673,FRENCH GARDEN SIGN BLUE METAL,12,2011-05-16T09:49:00,1.25,13408,United Kingdom
553214,47590B,PINK HAPPY BIRTHDAY BUNTING,12,2011-05-16T09:49:00,5.45,13408,United Kingdom
553214,84078A,SET/4 WHITE RETRO STORAGE CUBES,4,2011-05-16T09:49:00,34.95,13408,United Kingdom
553214,84755,COLOUR GLASS T-LIGHT HOLDER HANGING,144,2011-05-16T09:49:00,0.55,13408,United Kingdom
553472,21175,GIN + TONIC DIET METAL SIGN,12,2011-05-17T11:28:00,2.55,15093,United Kingdom
553472,21340,CLASSIC METAL BIRDCAGE PLANT HOLDER,8,2011-05-17T11:28:00,9.95,15093,United Kingdom
553472,21506,"FANCY FONT BIRTHDAY CARD,",24,2011-05-17T11:28:00,0.42,15093,United Kingdom
553472,21519,GIN & TONIC DIET GREETING CARD,24,2011-05-17T11:28:00,0.42,15093,United Kingdom
553472,21524,DOORMAT SPOTTY HOME SWEET HOME,10,2011-05-17T11:28:00,6.75,15093,United Kingdom
553472,21658,GLASS  BEURRE DISH,12,2011-05-17T11:28:00,3.95,15093,United Kingdom
553472,21754,HOME BUILDING BLOCK WORD,6,2011-05-17T11:28:00,5.95,15093,United Kingdom
553472,22029,SPACEBOY BIRTHDAY CARD,24,2011-05-17T11:28:00,0.42,15093,United Kingdom
553472,22030,SWALLOWS GREETING CARD,24,2011-05-17T11:28:00,0.42,15093,United Kingdom
553472,22120,WELCOME  WOODEN BLOCK LETTERS,6,2011-05-17T11:28:00,9.95,15093,United Kingdom
553472,22365,DOORMAT RESPECTABLE HOUSE,5,2011-05-17T11:28:00,7.95,15093,United Kingdom
553472,22423,REGENCY CAKESTAND 3 TIER,8,2011-05-17T11:28:00,12.75,15093,United Kingdom
553472,22676,FRENCH BLUE METAL DOOR SIGN 1,10,2011-05-17T11:28:00,1.25,15093,United Kingdom
553472,22983,CARD BILLBOARD FONT,36,2011-05-17T11:28:00,0.42,15093,United Kingdom
553472,84077,WORLD WAR 2 GLIDERS ASSTD DESIGNS,288,2011-05-17T11:28:00,0.21,15093,United Kingdom
553472,84879,ASSORTED COLOUR BIRD ORNAMENT,120,2011-05-17T11:28:00,1.69,15093,United Kingdom
553526,21713,CITRONELLA CANDLE FLOWERPOT,8,2011-05-17T14:54:00,2.1,16266,United Kingdom
553526,21755,LOVE BUILDING BLOCK WORD,1,2011-05-17T14:54:00,5.95,16266,United Kingdom
553526,21756,BATH BUILDING BLOCK WORD,1,2011-05-17T14:54:00,5.95,16266,United Kingdom
553526,21932,SCANDINAVIAN PAISLEY PICNIC BAG,2,2011-05-17T14:54:00,1.65,16266,United Kingdom
553526,22173,METAL 4 HOOK HANGER FRENCH CHATEAU,2,2011-05-17T14:54:00,2.95,16266,United Kingdom
553526,22426,ENAMEL WASH BOWL CREAM,2,2011-05-17T14:54:00,3.75,16266,United Kingdom
553526,22496,SET OF 2 ROUND TINS DUTCH CHEESE,1,2011-05-17T14:54:00,2.95,16266,United Kingdom
553526,23208,LUNCH BAG VINTAGE LEAF DESIGN,2,2011-05-17T14:54:00,1.65,16266,United Kingdom
553526,23209,LUNCH BAG DOILEY PATTERN,4,2011-05-17T14:54:00,1.65,16266,United Kingdom
553526,48184,DOORMAT ENGLISH ROSE,1,2011-05-17T14:54:00,7.95,16266,United Kingdom
553526,48185,DOORMAT FAIRY CAKE,1,2011-05-17T14:54:00,7.95,16266,United Kingdom
553526,48187,DOORMAT NEW ENGLAND,2,2011-05-17T14:54:00,7.95,16266,United Kingdom
553526,48188,DOORMAT WELCOME PUPPIES,1,2011-05-17T14:54:00,7.95,16266,United Kingdom
553526,85059,FRENCH ENAMEL WATER BASIN,2,2011-05-17T14:54:00,3.75,16266,United Kingdom
553526,85066,CREAM SWEETHEART MINI CHEST,2,2011-05-17T14:54:00,12.75,16266,United Kingdom
553547,16235,RECYCLED PENCIL WITH RABBIT ERASER,60,2011-05-17T15:48:00,0.21,12474,Germany
553547,20719,WOODLAND CHARLOTTE BAG,20,2011-05-17T15:48:00,0.85,12474,Germany
553547,20724,RED RETROSPOT CHARLOTTE BAG,10,2011-05-17T15:48:00,0.85,12474,Germany
553547,20727,LUNCH BAG  BLACK SKULL.,10,2011-05-17T15:48:00,1.65,12474,Germany
553547,21080,SET/20 RED RETROSPOT PAPER NAPKINS,12,2011-05-17T15:48:00,0.85,12474,Germany
553547,21094,SET/6 RED SPOTTY PAPER PLATES,12,2011-05-17T15:48:00,0.85,12474,Germany
553547,21096,SET/6 FRUIT SALAD  PAPER PLATES,12,2011-05-17T15:48:00,0.39,12474,Germany
553547,21121,SET/10 RED POLKADOT PARTY CANDLES,24,2011-05-17T15:48:00,1.25,12474,Germany
553547,21239,PINK  POLKADOT CUP,8,2011-05-17T15:48:00,0.85,12474,Germany
553547,21731,RED TOADSTOOL LED NIGHT LIGHT,12,2011-05-17T15:48:00,1.65,12474,Germany
553547,21914,BLUE HARMONICA IN BOX,12,2011-05-17T15:48:00,1.25,12474,Germany
553547,21988,PACK OF 6 SKULL PAPER PLATES,12,2011-05-17T15:48:00,0.85,12474,Germany
553547,22045,SPACEBOY GIFT WRAP,25,2011-05-17T15:48:00,0.42,12474,Germany
553547,22244,3 HOOK HANGER MAGIC GARDEN,36,2011-05-17T15:48:00,1.95,12474,Germany
553547,22271,FELTCRAFT DOLL ROSIE,6,2011-05-17T15:48:00,2.95,12474,Germany
553547,22326,ROUND SNACK BOXES SET OF4 WOODLAND,12,2011-05-17T15:48:00,2.95,12474,Germany
553547,22328,ROUND SNACK BOXES SET OF 4 FRUITS,12,2011-05-17T15:48:00,2.95,12474,Germany
553547,22355,CHARLOTTE BAG SUKI DESIGN,10,2011-05-17T15:48:00,0.85,12474,Germany
553547,22431,WATERING CAN BLUE ELEPHANT,12,2011-05-17T15:48:00,1.95,12474,Germany
553547,22432,WATERING CAN PINK BUNNY,6,2011-05-17T15:48:00,1.95,12474,Germany
553547,22433,WATERING CAN GREEN DINOSAUR,6,2011-05-17T15:48:00,1.95,12474,Germany
553547,22629,SPACEBOY LUNCH BOX,12,2011-05-17T15:48:00,1.95,12474,Germany
553547,22637,PIGGY BANK RETROSPOT,4,2011-05-17T15:48:00,2.55,12474,Germany
553547,22661,CHARLOTTE BAG DOLLY GIRL DESIGN,10,2011-05-17T15:48:00,0.85,12474,Germany
553547,22704,WRAP RED APPLES,25,2011-05-17T15:48:00,0.42,12474,Germany
553547,22908,PACK OF 20 NAPKINS RED APPLES,24,2011-05-17T15:48:00,0.85,12474,Germany
553547,23079,TOADSTOOL BEDSIDE LIGHT,2,2011-05-17T15:48:00,8.95,12474,Germany
553547,23084,RABBIT NIGHT LIGHT,18,2011-05-17T15:48:00,2.08,12474,Germany
553547,23126,FELTCRAFT GIRL AMELIE KIT,4,2011-05-17T15:48:00,4.95,12474,Germany
553547,23170,REGENCY TEA PLATE ROSES,12,2011-05-17T15:48:00,1.65,12474,Germany
553547,23192,BUNDLE OF 3 ALPHABET EXERCISE BOOKS,12,2011-05-17T15:48:00,1.65,12474,Germany
553547,23199,JUMBO BAG APPLES,10,2011-05-17T15:48:00,2.08,12474,Germany
553547,23204,CHARLOTTE BAG APPLES DESIGN,40,2011-05-17T15:48:00,0.85,12474,Germany
553547,23255,CHILDRENS CUTLERY CIRCUS PARADE,4,2011-05-17T15:48:00,4.15,12474,Germany
553547,23256,CHILDRENS CUTLERY SPACEBOY,4,2011-05-17T15:48:00,4.15,12474,Germany
553547,23280,FOLDING BUTTERFLY MIRROR HOT PINK,12,2011-05-17T15:48:00,0.83,12474,Germany
553547,84997B,CHILDRENS CUTLERY RETROSPOT RED,4,2011-05-17T15:48:00,4.15,12474,Germany
553547,POST,POSTAGE,4,2011-05-17T15:48:00,18,12474,Germany
554030,21390,FILIGRIS HEART WITH BUTTERFLY,24,2011-05-20T13:56:00,1.25,16497,United Kingdom
554030,21507,"ELEPHANT, BIRTHDAY CARD,",12,2011-05-20T13:56:00,0.42,16497,United Kingdom
554030,21508,VINTAGE KID DOLLY CARD,12,2011-05-20T13:56:00,0.42,16497,United Kingdom
554030,21519,GIN & TONIC DIET GREETING CARD,12,2011-05-20T13:56:00,0.42,16497,United Kingdom
554030,21891,TRADITIONAL WOODEN SKIPPING ROPE,12,2011-05-20T13:56:00,1.45,16497,United Kingdom
554030,21892,TRADITIONAL WOODEN CATCH CUP GAME,12,2011-05-20T13:56:00,1.25,16497,United Kingdom
554030,21912,VINTAGE SNAKES & LADDERS,4,2011-05-20T13:56:00,3.75,16497,United Kingdom
554030,21913,VINTAGE SEASIDE JIGSAW PUZZLES,4,2011-05-20T13:56:00,3.75,16497,United Kingdom
554030,21915,RED  HARMONICA IN BOX,12,2011-05-20T13:56:00,1.25,16497,United Kingdom
554030,21977,PACK OF 60 PINK PAISLEY CAKE CASES,24,2011-05-20T13:56:00,0.55,16497,United Kingdom
554030,22026,BANQUET BIRTHDAY  CARD,12,2011-05-20T13:56:00,0.42,16497,United Kingdom
554030,22027,TEA PARTY BIRTHDAY CARD,12,2011-05-20T13:56:00,0.42,16497,United Kingdom
554030,22028,PENNY FARTHING BIRTHDAY CARD,12,2011-05-20T13:56:00,0.42,16497,United Kingdom
554030,22029,SPACEBOY BIRTHDAY CARD,12,2011-05-20T13:56:00,0.42,16497,United Kingdom
554030,22178,VICTORIAN GLASS HANGING T-LIGHT,12,2011-05-20T13:56:00,1.25,16497,United Kingdom
554030,22185,SLATE TILE NATURAL HANGING,12,2011-05-20T13:56:00,1.65,16497,United Kingdom
554030,22295,HEART FILIGREE DOVE LARGE,12,2011-05-20T13:56:00,1.65,16497,United Kingdom
554030,22457,NATURAL SLATE HEART CHALKBOARD,6,2011-05-20T13:56:00,2.95,16497,United Kingdom
554030,22469,HEART OF WICKER SMALL,12,2011-05-20T13:56:00,1.65,16497,United Kingdom
554030,22501,PICNIC BASKET WICKER LARGE,2,2011-05-20T13:56:00,9.95,16497,United Kingdom
554030,22502,PICNIC BASKET WICKER SMALL,4,2011-05-20T13:56:00,5.95,16497,United Kingdom
554030,22620,4 TRADITIONAL SPINNING TOPS,12,2011-05-20T13:56:00,1.45,16497,United Kingdom
554030,22697,GREEN REGENCY TEACUP AND SAUCER,6,2011-05-20T13:56:00,2.95,16497,United Kingdom
554030,22698,PINK REGENCY TEACUP AND SAUCER,6,2011-05-20T13:56:00,2.95,16497,United Kingdom
554030,22712,CARD DOLLY GIRL,12,2011-05-20T13:56:00,0.42,16497,United Kingdom
554030,22713,CARD I LOVE LONDON,12,2011-05-20T13:56:00,0.42,16497,United Kingdom
554030,22714,CARD BIRTHDAY COWBOY,12,2011-05-20T13:56:00,0.42,16497,United Kingdom
554030,22766,PHOTO FRAME CORNICE,8,2011-05-20T13:56:00,2.95,16497,United Kingdom
554030,22799,SWEETHEART WIRE FRUIT BOWL,2,2011-05-20T13:56:00,8.5,16497,United Kingdom
554030,23087,ZINC  HEART T-LIGHT HOLDER,16,2011-05-20T13:56:00,1.25,16497,United Kingdom
554030,23088,ZINC HEART FLOWER T-LIGHT HOLDER,16,2011-05-20T13:56:00,1.25,16497,United Kingdom
554030,23146,TRIPLE HOOK ANTIQUE IVORY ROSE,4,2011-05-20T13:56:00,3.29,16497,United Kingdom
554030,23148,MINIATURE ANTIQUE ROSE HOOK IVORY,12,2011-05-20T13:56:00,0.83,16497,United Kingdom
554030,23163,REGENCY SUGAR TONGS,8,2011-05-20T13:56:00,2.49,16497,United Kingdom
554030,23164,REGENCY CAKE SLICE,4,2011-05-20T13:56:00,4.95,16497,United Kingdom
554030,23171,REGENCY TEA PLATE GREEN,12,2011-05-20T13:56:00,1.65,16497,United Kingdom
554030,23172,REGENCY TEA PLATE PINK,12,2011-05-20T13:56:00,1.65,16497,United Kingdom
554030,23173,REGENCY TEAPOT ROSES,2,2011-05-20T13:56:00,9.95,16497,United Kingdom
554030,23174,REGENCY SUGAR BOWL GREEN,6,2011-05-20T13:56:00,4.15,16497,United Kingdom
554030,23175,REGENCY MILK JUG PINK,4,2011-05-20T13:56:00,3.25,16497,United Kingdom
554030,23298,SPOTTY BUNTING,6,2011-05-20T13:56:00,4.95,16497,United Kingdom
554030,47566,PARTY BUNTING,8,2011-05-20T13:56:00,4.95,16497,United Kingdom
554030,84945,MULTI COLOUR SILVER T-LIGHT HOLDER,12,2011-05-20T13:56:00,0.85,16497,United Kingdom
554030,84991,60 TEATIME FAIRY CAKE CASES,24,2011-05-20T13:56:00,0.55,16497,United Kingdom
554030,85066,CREAM SWEETHEART MINI CHEST,2,2011-05-20T13:56:00,12.75,16497,United Kingdom
554097,20675,BLUE POLKADOT BOWL,8,2011-05-22T13:01:00,1.25,12567,France
554097,20676,RED RETROSPOT BOWL,8,2011-05-22T13:01:00,1.25,12567,France
554097,20677,PINK POLKADOT BOWL,8,2011-05-22T13:01:00,1.25,12567,France
554097,21238,RED RETROSPOT CUP,8,2011-05-22T13:01:00,0.85,12567,France
554097,21239,PINK  POLKADOT CUP,8,2011-05-22T13:01:00,0.85,12567,France
554097,21240,BLUE POLKADOT CUP,8,2011-05-22T13:01:00,0.85,12567,France
554097,21242,RED RETROSPOT PLATE,8,2011-05-22T13:01:00,1.69,12567,France
554097,21243,PINK  POLKADOT PLATE,8,2011-05-22T13:01:00,1.69,12567,France
554097,21244,BLUE POLKADOT PLATE,8,2011-05-22T13:01:00,1.69,12567,France
554097,21563,RED HEART SHAPE LOVE BUCKET,6,2011-05-22T13:01:00,2.95,12567,France
554097,21564,PINK  HEART SHAPE LOVE BUCKET,6,2011-05-22T13:01:00,2.95,12567,France
554097,21749,LARGE RED RETROSPOT WINDMILL,6,2011-05-22T13:01:00,2.1,12567,France
554097,21922,UNION STRIPE WITH FRINGE  HAMMOCK,4,2011-05-22T13:01:00,7.95,12567,France
554097,21936,RED RETROSPOT PICNIC BAG,5,2011-05-22T13:01:00,2.95,12567,France
554097,22231,JIGSAW TREE WITH BIRDHOUSE,12,2011-05-22T13:01:00,1.45,12567,France
554097,22382,LUNCH BAG SPACEBOY DESIGN,10,2011-05-22T13:01:00,1.65,12567,France
554097,22431,WATERING CAN BLUE ELEPHANT,6,2011-05-22T13:01:00,1.95,12567,France
554097,22432,WATERING CAN PINK BUNNY,6,2011-05-22T13:01:00,1.95,12567,France
554097,22514,CHILDS GARDEN SPADE BLUE,6,2011-05-22T13:01:00,2.1,12567,France
554097,22515,CHILDS GARDEN SPADE PINK,6,2011-05-22T13:01:00,2.1,12567,France
554097,22516,CHILDS GARDEN RAKE BLUE,6,2011-05-22T13:01:00,2.1,12567,France
554097,22517,CHILDS GARDEN RAKE PINK,6,2011-05-22T13:01:00,2.1,12567,France
554097,22555,PLASTERS IN TIN STRONGMAN,12,2011-05-22T13:01:00,1.65,12567,France
554097,22556,PLASTERS IN TIN CIRCUS PARADE,12,2011-05-22T13:01:00,1.65,12567,France
554097,22605,WOODEN CROQUET GARDEN SET,4,2011-05-22T13:01:00,12.75,12567,France
554097,22606,WOODEN SKITTLES GARDEN SET,4,2011-05-22T13:01:00,12.75,12567,France
554097,22894,TABLECLOTH RED APPLES DESIGN,6,2011-05-22T13:01:00,9.95,12567,France
554097,23050,RECYCLED ACAPULCO MAT GREEN,2,2011-05-22T13:01:00,8.25,12567,France
554097,23052,RECYCLED ACAPULCO MAT TURQUOISE,2,2011-05-22T13:01:00,8.25,12567,France
554097,23053,RECYCLED ACAPULCO MAT PINK,2,2011-05-22T13:01:00,8.25,12567,France
554097,23054,RECYCLED ACAPULCO MAT LAVENDER,2,2011-05-22T13:01:00,8.25,12567,France
554097,23204,CHARLOTTE BAG APPLES DESIGN,10,2011-05-22T13:01:00,0.85,12567,France
554097,23206,LUNCH BAG APPLE DESIGN,10,2011-05-22T13:01:00,1.65,12567,France
554097,23298,SPOTTY BUNTING,6,2011-05-22T13:01:00,4.95,12567,France
554097,POST,POSTAGE,5,2011-05-22T13:01:00,18,12567,France
554526,20717,STRAWBERRY SHOPPER BAG,1,2011-05-24T17:24:00,1.25,,United Kingdom
554526,20726,LUNCH BAG WOODLAND,1,2011-05-24T17:24:00,1.65,,United Kingdom
554526,20728,LUNCH BAG CARS BLUE,3,2011-05-24T17:24:00,1.65,,United Kingdom
554526,21380,WOODEN HAPPY BIRTHDAY GARLAND,1,2011-05-24T17:24:00,2.95,,United Kingdom
554526,21509,COWBOYS AND INDIANS BIRTHDAY CARD,8,2011-05-24T17:24:00,0.42,,United Kingdom
554526,22037,ROBOT BIRTHDAY CARD,5,2011-05-24T17:24:00,0.42,,United Kingdom
554526,22090,PAPER BUNTING RETROSPOT,1,2011-05-24T17:24:00,2.95,,United Kingdom
554526,22197,SMALL POPCORN HOLDER,5,2011-05-24T17:24:00,0.85,,United Kingdom
554526,22303,COFFEE MUG APPLES DESIGN,1,2011-05-24T17:24:00,2.55,,United Kingdom
554526,22326,ROUND SNACK BOXES SET OF4 WOODLAND,3,2011-05-24T17:24:00,2.95,,United Kingdom
554526,22328,ROUND SNACK BOXES SET OF 4 FRUITS,3,2011-05-24T17:24:00,2.95,,United Kingdom
554526,22431,WATERING CAN BLUE ELEPHANT,1,2011-05-24T17:24:00,1.95,,United Kingdom
554526,22432,WATERING CAN PINK BUNNY,4,2011-05-24T17:24:00,1.95,,United Kingdom
554526,22433,WATERING CAN GREEN DINOSAUR,3,2011-05-24T17:24:00,1.95,,United Kingdom
554526,22551,PLASTERS IN TIN SPACEBOY,1,2011-05-24T17:24:00,1.65,,United Kingdom
554526,22557,PLASTERS IN TIN VINTAGE PAISLEY,1,2011-05-24T17:24:00,1.65,,United Kingdom
554526,22631,CIRCUS PARADE LUNCH BOX,3,2011-05-24T17:24:00,1.95,,United Kingdom
554526,22659,LUNCH BOX I LOVE LONDON,3,2011-05-24T17:24:00,1.95,,United Kingdom
554526,22693,GROW A FLYTRAP OR SUNFLOWER IN TIN,3,2011-05-24T17:24:00,1.25,,United Kingdom
554526,22713,CARD I LOVE LONDON,7,2011-05-24T17:24:00,0.42,,United Kingdom
554526,22714,CARD BIRTHDAY COWBOY,5,2011-05-24T17:24:00,0.42,,United Kingdom
554526,22859,EASTER TIN BUNNY BOUQUET,1,2011-05-24T17:24:00,1.65,,United Kingdom
554526,22898,CHILDRENS APRON APPLES DESIGN,1,2011-05-24T17:24:00,1.95,,United Kingdom
554526,22989,SET 2 PANTRY DESIGN TEA TOWELS,1,2011-05-24T17:24:00,3.25,,United Kingdom
554526,22990,COTTON APRON PANTRY DESIGN,1,2011-05-24T17:24:00,4.95,,United Kingdom
554526,22993,SET OF 4 PANTRY JELLY MOULDS,3,2011-05-24T17:24:00,1.25,,United Kingdom
554526,23077,DOUGHNUT LIP GLOSS,7,2011-05-24T17:24:00,1.25,,United Kingdom
554526,23078,ICE CREAM PEN LIP GLOSS,6,2011-05-24T17:24:00,1.25,,United Kingdom
554526,23206,LUNCH BAG APPLE DESIGN,2,2011-05-24T17:24:00,1.65,,United Kingdom
554526,23207,LUNCH BAG ALPHABET DESIGN,4,2011-05-24T17:24:00,1.65,,United Kingdom
554526,23209,LUNCH BAG DOILEY PATTERN,2,2011-05-24T17:24:00,1.65,,United Kingdom
554526,23254,CHILDRENS CUTLERY DOLLY GIRL,2,2011-05-24T17:24:00,4.15,,United Kingdom
554526,23255,CHILDRENS CUTLERY CIRCUS PARADE,3,2011-05-24T17:24:00,4.15,,United Kingdom
554526,23256,CHILDRENS CUTLERY SPACEBOY,2,2011-05-24T17:24:00,4.15,,United Kingdom
554526,23298,SPOTTY BUNTING,2,2011-05-24T17:24:00,4.95,,United Kingdom
554526,47566,PARTY BUNTING,1,2011-05-24T17:24:00,4.95,,United Kingdom
554526,84828,JUNGLE POPSICLES ICE LOLLY MOULDS,2,2011-05-24T17:24:00,1.25,,United Kingdom
554837,21868,POTTING SHED TEA MUG,6,2011-05-26T16:30:00,1.25,14584,United Kingdom
554837,21896,POTTING SHED TWINE,2,2011-05-26T16:30:00,2.1,14584,United Kingdom
554837,22173,METAL 4 HOOK HANGER FRENCH CHATEAU,3,2011-05-26T16:30:00,2.95,14584,United Kingdom
554837,22178,VICTORIAN GLASS HANGING T-LIGHT,6,2011-05-26T16:30:00,1.25,14584,United Kingdom
554837,22427,ENAMEL FLOWER JUG CREAM,2,2011-05-26T16:30:00,5.95,14584,United Kingdom
554837,22429,ENAMEL MEASURING JUG CREAM,2,2011-05-26T16:30:00,4.25,14584,United Kingdom
554837,22430,ENAMEL WATERING CAN CREAM,2,2011-05-26T16:30:00,4.95,14584,United Kingdom
554837,22469,HEART OF WICKER SMALL,3,2011-05-26T16:30:00,1.65,14584,United Kingdom
554837,22470,HEART OF WICKER LARGE,3,2011-05-26T16:30:00,2.95,14584,United Kingdom
554837,22495,SET OF 2 ROUND TINS CAMEMBERT,2,2011-05-26T16:30:00,2.95,14584,United Kingdom
554837,22496,SET OF 2 ROUND TINS DUTCH CHEESE,2,2011-05-26T16:30:00,2.95,14584,United Kingdom
554837,22499,WOODEN UNION JACK BUNTING,1,2011-05-26T16:30:00,5.95,14584,United Kingdom
554837,22606,WOODEN SKITTLES GARDEN SET,4,2011-05-26T16:30:00,15.95,14584,United Kingdom
554837,22694,WICKER STAR,3,2011-05-26T16:30:00,2.1,14584,United Kingdom
554837,22696,WICKER WREATH LARGE,3,2011-05-26T16:30:00,1.95,14584,United Kingdom
554837,22784,LANTERN CREAM GAZEBO,2,2011-05-26T16:30:00,4.95,14584,United Kingdom
554837,22844,VINTAGE CREAM DOG FOOD CONTAINER,2,2011-05-26T16:30:00,8.5,14584,United Kingdom
554837,22845,VINTAGE CREAM CAT FOOD CONTAINER,2,2011-05-26T16:30:00,6.35,14584,United Kingdom
554837,23091,ZINC HERB GARDEN CONTAINER,2,2011-05-26T16:30:00,6.25,14584,United Kingdom
554837,71215,METAL BASE FOR CANDLES,10,2011-05-26T16:30:00,0.42,14584,United Kingdom
554837,84879,ASSORTED COLOUR BIRD ORNAMENT,8,2011-05-26T16:30:00,1.69,14584,United Kingdom
554837,85062,PEARL CRYSTAL PUMPKIN T-LIGHT HLDR,6,2011-05-26T16:30:00,1.65,14584,United Kingdom
554837,85123A,WHITE HANGING HEART T-LIGHT HOLDER,3,2011-05-26T16:30:00,2.95,14584,United Kingdom
555394,15036,ASSORTED COLOURS SILK FAN,12,2011-06-02T17:03:00,0.83,12971,United Kingdom
555394,21291,SMALL POLKADOT CHOCOLATE GIFT BAG,32,2011-06-02T17:03:00,0.85,12971,United Kingdom
555394,21463,MIRRORED DISCO BALL,16,2011-06-02T17:03:00,4.95,12971,United Kingdom
555394,22420,LIPSTICK PEN BABY PINK,24,2011-06-02T17:03:00,0.42,12971,United Kingdom
556441,20685,DOORMAT RED RETROSPOT,2,2011-06-10T15:07:00,7.95,14415,United Kingdom
556441,20726,LUNCH BAG WOODLAND,5,2011-06-10T15:07:00,1.65,14415,United Kingdom
556441,21137,BLACK RECORD COVER FRAME,3,2011-06-10T15:07:00,3.75,14415,United Kingdom
556441,21428,SET3 BOOK BOX GREEN GINGHAM FLOWER,3,2011-06-10T15:07:00,4.25,14415,United Kingdom
556441,21535,RED RETROSPOT SMALL MILK JUG,2,2011-06-10T15:07:00,2.55,14415,United Kingdom
556441,21539,RED RETROSPOT BUTTER DISH,2,2011-06-10T15:07:00,4.95,14415,United Kingdom
556441,21781,MA CAMPAGNE CUTLERY BOX,1,2011-06-10T15:07:00,14.95,14415,United Kingdom
556441,21843,RED RETROSPOT CAKE STAND,1,2011-06-10T15:07:00,10.95,14415,United Kingdom
556441,22178,VICTORIAN GLASS HANGING T-LIGHT,12,2011-06-10T15:07:00,1.25,14415,United Kingdom
556441,22300,COFFEE MUG DOG + BALL DESIGN,6,2011-06-10T15:07:00,2.55,14415,United Kingdom
556441,22302,COFFEE MUG PEARS  DESIGN,6,2011-06-10T15:07:00,2.55,14415,United Kingdom
556441,22371,AIRLINE BAG VINTAGE TOKYO 78,1,2011-06-10T15:07:00,4.25,14415,United Kingdom
556441,22372,AIRLINE BAG VINTAGE WORLD CHAMPION,1,2011-06-10T15:07:00,4.25,14415,United Kingdom
556441,22374,AIRLINE BAG VINTAGE JET SET RED,1,2011-06-10T15:07:00,4.25,14415,United Kingdom
556441,22377,BOTTLE BAG RETROSPOT,8,2011-06-10T15:07:00,2.1,14415,United Kingdom
556441,22383,LUNCH BAG SUKI DESIGN,5,2011-06-10T15:07:00,1.65,14415,United Kingdom
556441,22384,LUNCH BAG PINK POLKADOT,5,2011-06-10T15:07:00,1.65,14415,United Kingdom
556441,22662,LUNCH BAG DOLLY GIRL DESIGN,5,2011-06-10T15:07:00,1.65,14415,United Kingdom
556441,22670,FRENCH WC SIGN BLUE METAL,6,2011-06-10T15:07:00,1.25,14415,United Kingdom
556441,22690,DOORMAT HOME SWEET HOME BLUE,2,2011-06-10T15:07:00,7.95,14415,United Kingdom
556441,22789,T-LIGHT HOLDER SWEETHEART HANGING,8,2011-06-10T15:07:00,1.95,14415,United Kingdom
556441,22996,TRAVEL CARD WALLET VINTAGE TICKET,1,2011-06-10T15:07:00,0.42,14415,United Kingdom
556441,23106,ZINC HEARTS PLANT POT HOLDER,8,2011-06-10T15:07:00,2.89,14415,United Kingdom
556441,23168,CLASSIC CAFE SUGAR DISPENSER,4,2011-06-10T15:07:00,1.25,14415,United Kingdom
556441,23182,TOILET SIGN OCCUPIED OR VACANT,6,2011-06-10T15:07:00,0.83,14415,United Kingdom
556441,23203,JUMBO BAG DOILEY PATTERNS,6,2011-06-10T15:07:00,2.08,14415,United Kingdom
556441,23206,LUNCH BAG APPLE DESIGN,5,2011-06-10T15:07:00,1.65,14415,United Kingdom
556441,23207,LUNCH BAG ALPHABET DESIGN,5,2011-06-10T15:07:00,1.65,14415,United Kingdom
556441,23208,LUNCH BAG VINTAGE LEAF DESIGN,5,2011-06-10T15:07:00,1.65,14415,United Kingdom
556441,23209,LUNCH BAG DOILEY PATTERN,5,2011-06-10T15:07:00,1.65,14415,United Kingdom
556441,23235,STORAGE TIN VINTAGE LEAF,4,2011-06-10T15:07:00,2.89,14415,United Kingdom
556441,23236,DOILEY STORAGE TIN,4,2011-06-10T15:07:00,2.89,14415,United Kingdom
556441,23300,GARDENERS KNEELING PAD CUP OF TEA,4,2011-06-10T15:07:00,1.65,14415,United Kingdom
556441,23301,GARDENERS KNEELING PAD KEEP CALM,8,2011-06-10T15:07:00,1.65,14415,United Kingdom
556441,84970S,HANGING HEART ZINC T-LIGHT HOLDER,12,2011-06-10T15:07:00,0.85,14415,United Kingdom
556477,21080,SET/20 RED RETROSPOT PAPER NAPKINS,4,2011-06-12T12:20:00,0.85,12841,United Kingdom
556477,21206,STRAWBERRY HONEYCOMB  GARLAND,6,2011-06-12T12:20:00,1.65,12841,United Kingdom
556477,21679,SKULLS  STICKERS,12,2011-06-12T12:20:00,0.85,12841,United Kingdom
556477,21989,PACK OF 20 SKULL PAPER NAPKINS,4,2011-06-12T12:20:00,0.85,12841,United Kingdom
556477,22224,WHITE LOVEBIRD LANTERN,14,2011-06-12T12:20:00,2.95,12841,United Kingdom
556477,22960,JAM MAKING SET WITH JARS,2,2011-06-12T12:20:00,4.25,12841,United Kingdom
556477,22961,JAM MAKING SET PRINTED,2,2011-06-12T12:20:00,1.45,12841,United Kingdom
556477,23010,CIRCUS PARADE BABY GIFT SET,1,2011-06-12T12:20:00,16.95,12841,United Kingdom
556477,23298,SPOTTY BUNTING,4,2011-06-12T12:20:00,4.95,12841,United Kingdom
556477,23306,SET OF 36 DOILIES PANTRY DESIGN,4,2011-06-12T12:20:00,1.45,12841,United Kingdom
556477,47422,ASSORTED MONKEY SUCTION CUP HOOK,19,2011-06-12T12:20:00,0.42,12841,United Kingdom
556477,47566,PARTY BUNTING,5,2011-06-12T12:20:00,4.95,12841,United Kingdom
556477,47566B,TEA TIME PARTY BUNTING,3,2011-06-12T12:20:00,4.95,12841,United Kingdom
556477,79321,CHILLI LIGHTS,5,2011-06-12T12:20:00,5.75,12841,United Kingdom
556477,85183A,CHARLIE & LOLA WASTEPAPER BIN BLUE,1,2011-06-12T12:20:00,1.25,12841,United Kingdom
556515,20711,JUMBO BAG TOYS,2,2011-06-13T10:45:00,4.13,,United Kingdom
556515,20712,JUMBO BAG WOODLAND ANIMALS,1,2011-06-13T10:45:00,4.13,,United Kingdom
556515,21714,CITRONELLA CANDLE GARDEN POT,6,2011-06-13T10:45:00,2.46,,United Kingdom
556515,21929,JUMBO BAG PINK VINTAGE PAISLEY,1,2011-06-13T10:45:00,4.13,,United Kingdom
556515,21977,PACK OF 60 PINK PAISLEY CAKE CASES,1,2011-06-13T10:45:00,2.08,,United Kingdom
556515,21989,PACK OF 20 SKULL PAPER NAPKINS,1,2011-06-13T10:45:00,1.63,,United Kingdom
556515,22166,WALL MIRROR RECTANGLE DIAMANTE PINK,1,2011-06-13T10:45:00,15.79,,United Kingdom
556515,22197,SMALL POPCORN HOLDER,6,2011-06-13T10:45:00,1.63,,United Kingdom
556515,22385,JUMBO BAG SPACEBOY DESIGN,1,2011-06-13T10:45:00,4.13,,United Kingdom
556515,22386,JUMBO BAG PINK POLKADOT,2,2011-06-13T10:45:00,4.13,,United Kingdom
556515,22411,JUMBO SHOPPER VINTAGE RED PAISLEY,2,2011-06-13T10:45:00,4.13,,United Kingdom
556515,22474,SPACEBOY TV DINNER TRAY,1,2011-06-13T10:45:00,10.79,,United Kingdom
556515,22502,PICNIC BASKET WICKER SMALL,1,2011-06-13T10:45:00,10.79,,United Kingdom
556515,22876,NUMBER TILE COTTAGE GARDEN 8,1,2011-06-13T10:45:00,4.13,,United Kingdom
556515,23165,LARGE CERAMIC TOP STORAGE JAR,3,2011-06-13T10:45:00,3.29,,United Kingdom
556515,23199,JUMBO BAG APPLES,1,2011-06-13T10:45:00,4.13,,United Kingdom
556515,47566b,TEA TIME PARTY BUNTING,1,2011-06-13T10:45:00,8.29,,United Kingdom
556515,84029G,KNITTED UNION FLAG HOT WATER BOTTLE,1,2011-06-13T10:45:00,8.29,,United Kingdom
556515,84378,SET OF 3 HEART COOKIE CUTTERS,1,2011-06-13T10:45:00,3.29,,United Kingdom
556515,84992,72 SWEETHEART FAIRY CAKE CASES,1,2011-06-13T10:45:00,2.08,,United Kingdom
556515,85099B,JUMBO BAG RED RETROSPOT,1,2011-06-13T10:45:00,4.13,,United Kingdom
556515,DOT,DOTCOM POSTAGE,1,2011-06-13T10:45:00,61.71,,United Kingdom
556971,23190,BUNDLE OF 3 SCHOOL EXERCISE BOOKS,12,2011-06-16T10:19:00,1.65,13082,United Kingdom
556971,23192,BUNDLE OF 3 ALPHABET EXERCISE BOOKS,12,2011-06-16T10:19:00,1.65,13082,United Kingdom
557100,21326,AGED GLASS SILVER T-LIGHT HOLDER,144,2011-06-16T15:47:00,0.55,16027,United Kingdom
557100,22668,PINK BABY BUNTING,5,2011-06-16T15:47:00,2.95,16027,United Kingdom
557100,22669,RED BABY BUNTING,5,2011-06-16T15:47:00,2.95,16027,United Kingdom
557226,15036,ASSORTED COLOURS SILK FAN,12,2011-06-17T13:39:00,0.83,15805,United Kingdom
557226,21533,RETROSPOT LARGE MILK JUG,3,2011-06-17T13:39:00,4.95,15805,United Kingdom
557226,21539,RED RETROSPOT BUTTER DISH,3,2011-06-17T13:39:00,4.95,15805,United Kingdom
557226,21621,VINTAGE UNION JACK BUNTING,2,2011-06-17T13:39:00,8.5,15805,United Kingdom
557226,22667,RECIPE BOX RETROSPOT,6,2011-06-17T13:39:00,2.95,15805,United Kingdom
557226,23119,PACK OF 6 LARGE FRUIT STRAWS,12,2011-06-17T13:39:00,0.62,15805,United Kingdom
557226,23121,PACK OF 6 COCKTAIL PARASOL STRAWS,24,2011-06-17T13:39:00,0.42,15805,United Kingdom
557226,23202,JUMBO BAG VINTAGE LEAF,10,2011-06-17T13:39:00,2.08,15805,United Kingdom
557226,23203,JUMBO BAG DOILEY PATTERNS,10,2011-06-17T13:39:00,2.08,15805,United Kingdom
557226,23204,CHARLOTTE BAG APPLES DESIGN,10,2011-06-17T13:39:00,0.85,15805,United Kingdom
557226,23298,SPOTTY BUNTING,3,2011-06-17T13:39:00,4.95,15805,United Kingdom
557226,23307,SET OF 60 PANTRY DESIGN CAKE CASES,48,2011-06-17T13:39:00,0.55,15805,United Kingdom
557226,23308,SET OF 60 VINTAGE LEAF CAKE CASES,24,2011-06-17T13:39:00,0.55,15805,United Kingdom
557226,47566,PARTY BUNTING,4,2011-06-17T13:39:00,4.95,15805,United Kingdom
557226,84212,"ASSORTED FLOWER COLOUR ""LEIS""",24,2011-06-17T13:39:00,0.65,15805,United Kingdom
557226,85099F,JUMBO BAG STRAWBERRY,10,2011-06-17T13:39:00,2.08,15805,United Kingdom
557273,15058A,BLUE POLKADOT GARDEN PARASOL,2,2011-06-19T11:44:00,7.95,16050,United Kingdom
557273,16048,TEATIME ROUND PENCIL SHARPENER,24,2011-06-19T11:44:00,0.12,16050,United Kingdom
557273,16259,PIECE OF CAMO STATIONERY SET,108,2011-06-19T11:44:00,0.08,16050,United Kingdom
557273,22608,PENS ASSORTED FUNKY JEWELED,36,2011-06-19T11:44:00,0.19,16050,United Kingdom
557273,22961,JAM MAKING SET PRINTED,12,2011-06-19T11:44:00,1.45,16050,United Kingdom
557273,23108,SET OF 10 LED DOLLY LIGHTS,2,2011-06-19T11:44:00,6.25,16050,United Kingdom
557273,23169,CLASSIC GLASS COOKIE JAR,6,2011-06-19T11:44:00,4.15,16050,United Kingdom
557273,23245,SET OF 3 REGENCY CAKE TINS,4,2011-06-19T11:44:00,4.95,16050,United Kingdom
557273,23310,BUBBLEGUM RING ASSORTED,36,2011-06-19T11:44:00,0.42,16050,United Kingdom
557273,84077,WORLD WAR 2 GLIDERS ASSTD DESIGNS,48,2011-06-19T11:44:00,0.29,16050,United Kingdom
557284,21506,"FANCY FONT BIRTHDAY CARD,",12,2011-06-19T12:29:00,0.42,17377,United Kingdom
557284,21519,GIN & TONIC DIET GREETING CARD,12,2011-06-19T12:29:00,0.42,17377,United Kingdom
557284,21754,HOME BUILDING BLOCK WORD,2,2011-06-19T12:29:00,5.95,17377,United Kingdom
557284,21755,LOVE BUILDING BLOCK WORD,3,2011-06-19T12:29:00,5.95,17377,United Kingdom
557284,22030,SWALLOWS GREETING CARD,12,2011-06-19T12:29:00,0.42,17377,United Kingdom
557284,22659,LUNCH BOX I LOVE LONDON,2,2011-06-19T12:29:00,1.95,17377,United Kingdom
557284,22900,SET 2 TEA TOWELS I LOVE LONDON,3,2011-06-19T12:29:00,3.25,17377,United Kingdom
557284,23298,SPOTTY BUNTING,6,2011-06-19T12:29:00,4.95,17377,United Kingdom
557284,47566,PARTY BUNTING,5,2011-06-19T12:29:00,4.95,17377,United Kingdom
557284,47585A,PINK FAIRY CAKE CUSHION COVER,2,2011-06-19T12:29:00,3.75,17377,United Kingdom
557284,84279P,CHERRY BLOSSOM  DECORATIVE FLASK,1,2011-06-19T12:29:00,3.75,17377,United Kingdom
557284,85123A,WHITE HANGING HEART T-LIGHT HOLDER,3,2011-06-19T12:29:00,2.95,17377,United Kingdom
557316,15036,ASSORTED COLOURS SILK FAN,24,2011-06-19T16:04:00,0.83,17299,United Kingdom
557316,15044C,PURPLE PAPER PARASOL,6,2011-06-19T16:04:00,2.95,17299,United Kingdom
557316,16169M,WRAP DAISY CARPET,25,2011-06-19T16:04:00,0.42,17299,United Kingdom
557316,17003,BROCADE RING PURSE,36,2011-06-19T16:04:00,0.29,17299,United Kingdom
557316,21499,BLUE POLKADOT WRAP,25,2011-06-19T16:04:00,0.42,17299,United Kingdom
557316,21700,BIG DOUGHNUT FRIDGE MAGNETS,1,2011-06-19T16:04:00,0.85,17299,United Kingdom
557316,21914,BLUE HARMONICA IN BOX,12,2011-06-19T16:04:00,1.25,17299,United Kingdom
557316,22037,ROBOT BIRTHDAY CARD,12,2011-06-19T16:04:00,0.42,17299,United Kingdom
557316,22551,PLASTERS IN TIN SPACEBOY,1,2011-06-19T16:04:00,1.65,17299,United Kingdom
557316,22653,BUTTON BOX,1,2011-06-19T16:04:00,1.95,17299,United Kingdom
557316,22712,CARD DOLLY GIRL,12,2011-06-19T16:04:00,0.42,17299,United Kingdom
557316,22714,CARD BIRTHDAY COWBOY,12,2011-06-19T16:04:00,0.42,17299,United Kingdom
557316,22814,CARD PARTY GAMES,12,2011-06-19T16:04:00,0.42,17299,United Kingdom
557316,22906,12 MESSAGE CARDS WITH ENVELOPES,2,2011-06-19T16:04:00,1.65,17299,United Kingdom
557316,23077,DOUGHNUT LIP GLOSS,20,2011-06-19T16:04:00,1.25,17299,United Kingdom
557316,23203,JUMBO BAG DOILEY PATTERNS,1,2011-06-19T16:04:00,2.08,17299,United Kingdom
557316,23290,SPACEBOY CHILDRENS BOWL,2,2011-06-19T16:04:00,1.25,17299,United Kingdom
557316,40016,CHINESE DRAGON PAPER LANTERNS,24,2011-06-19T16:04:00,0.42,17299,United Kingdom
557410,20676,RED RETROSPOT BOWL,12,2011-06-20T11:36:00,1.25,14701,United Kingdom
557410,21042,RED RETROSPOT APRON,1,2011-06-20T11:36:00,5.95,14701,United Kingdom
557410,21080,SET/20 RED RETROSPOT PAPER NAPKINS,10,2011-06-20T11:36:00,0.85,14701,United Kingdom
557410,21121,SET/10 RED POLKADOT PARTY CANDLES,4,2011-06-20T11:36:00,1.25,14701,United Kingdom
557410,21172,PARTY METAL SIGN,1,2011-06-20T11:36:00,1.45,14701,United Kingdom
557410,21326,AGED GLASS SILVER T-LIGHT HOLDER,12,2011-06-20T11:36:00,0.65,14701,United Kingdom
557410,21367,MIRRORED WALL ART GENTS,1,2011-06-20T11:36:00,0.75,14701,United Kingdom
557410,21368,MIRRORED WALL ART LADIES,1,2011-06-20T11:36:00,0.75,14701,United Kingdom
557410,22090,PAPER BUNTING RETROSPOT,12,2011-06-20T11:36:00,2.95,14701,United Kingdom
557410,22349,DOG BOWL CHASING BALL DESIGN,1,2011-06-20T11:36:00,3.75,14701,United Kingdom
557410,23284,DOORMAT KEEP CALM AND COME IN,1,2011-06-20T11:36:00,7.95,14701,United Kingdom
557410,23300,GARDENERS KNEELING PAD CUP OF TEA,1,2011-06-20T11:36:00,1.65,14701,United Kingdom
557410,23301,GARDENERS KNEELING PAD KEEP CALM,1,2011-06-20T11:36:00,1.65,14701,United Kingdom
557410,85014B,RED RETROSPOT UMBRELLA,2,2011-06-20T11:36:00,5.95,14701,United Kingdom
557410,85099B,JUMBO BAG RED RETROSPOT,1,2011-06-20T11:36:00,2.08,14701,United Kingdom
557848,21373,MIRRORED WALL ART SNOWFLAKES,12,2011-06-23T10:52:00,0.75,15220,United Kingdom
557848,23036,T-LIGHT HOLDER SILVER PETIT FOUR,12,2011-06-23T10:52:00,1.25,15220,United Kingdom
557848,23188,VINTAGE  2 METER FOLDING RULER,12,2011-06-23T10:52:00,1.65,15220,United Kingdom
557848,23298,SPOTTY BUNTING,6,2011-06-23T10:52:00,4.95,15220,United Kingdom
557848,23310,BUBBLEGUM RING ASSORTED,36,2011-06-23T10:52:00,0.42,15220,United Kingdom
558117,20668,DISCO BALL CHRISTMAS DECORATION,4,2011-06-27T09:11:00,0.42,,United Kingdom
558117,20718,RED RETROSPOT SHOPPER BAG,1,2011-06-27T09:11:00,3.29,,United Kingdom
558117,21175,GIN + TONIC DIET METAL SIGN,3,2011-06-27T09:11:00,4.96,,United Kingdom
558117,21218,RED SPOTTY BISCUIT TIN,1,2011-06-27T09:11:00,8.29,,United Kingdom
558117,21929,JUMBO BAG PINK VINTAGE PAISLEY,2,2011-06-27T09:11:00,4.13,,United Kingdom
558117,21931,JUMBO STORAGE BAG SUKI,1,2011-06-27T09:11:00,4.13,,United Kingdom
558117,21935,SUKI  SHOULDER BAG,2,2011-06-27T09:11:00,4.13,,United Kingdom
558117,22041,"RECORD FRAME 7"" SINGLE SIZE",1,2011-06-27T09:11:00,4.96,,United Kingdom
558117,22086,PAPER CHAIN KIT 50'S CHRISTMAS,4,2011-06-27T09:11:00,6.63,,United Kingdom
558117,22195,LARGE HEART MEASURING SPOONS,1,2011-06-27T09:11:00,3.29,,United Kingdom
558117,22197,POPCORN HOLDER,6,2011-06-27T09:11:00,1.63,,United Kingdom
558117,22386,JUMBO BAG PINK POLKADOT,2,2011-06-27T09:11:00,4.13,,United Kingdom
558117,22411,JUMBO SHOPPER VINTAGE RED PAISLEY,5,2011-06-27T09:11:00,4.13,,United Kingdom
558117,22468,BABUSHKA LIGHTS STRING OF 10,1,2011-06-27T09:11:00,13.29,,United Kingdom
558117,22659,LUNCH BOX I LOVE LONDON,2,2011-06-27T09:11:00,2.46,,United Kingdom
558117,22677,FRENCH BLUE METAL DOOR SIGN 2,1,2011-06-27T09:11:00,2.46,,United Kingdom
558117,22681,FRENCH BLUE METAL DOOR SIGN 6,1,2011-06-27T09:11:00,2.46,,United Kingdom
558117,23256,CHILDRENS CUTLERY SPACEBOY,1,2011-06-27T09:11:00,8.29,,United Kingdom
558117,82484,WOOD BLACK BOARD ANT WHITE FINISH,1,2011-06-27T09:11:00,16.63,,United Kingdom
558117,84997a,CHILDRENS CUTLERY POLKADOT GREEN,1,2011-06-27T09:11:00,8.29,,United Kingdom
558117,85099B,JUMBO BAG RED RETROSPOT,2,2011-06-27T09:11:00,4.13,,United Kingdom
558117,DOT,DOTCOM POSTAGE,1,2011-06-27T09:11:00,62.46,,United Kingdom
558181,21326,AGED GLASS SILVER T-LIGHT HOLDER,60,2011-06-27T12:01:00,0.65,17980,United Kingdom
558181,22791,T-LIGHT GLASS FLUTED ANTIQUE,120,2011-06-27T12:01:00,1.06,17980,United Kingdom
558181,23252,VINTAGE RED ENAMEL TRIM JUG,10,2011-06-27T12:01:00,3.75,17980,United Kingdom
558181,84947,ANTIQUE SILVER TEA GLASS ENGRAVED,36,2011-06-27T12:01:00,1.25,17980,United Kingdom
558416,20914,SET/5 RED RETROSPOT LID GLASS BOWLS,3,2011-06-29T10:50:00,2.95,16059,United Kingdom
558416,21380,WOODEN HAPPY BIRTHDAY GARLAND,2,2011-06-29T10:50:00,2.95,16059,United Kingdom
558416,21468,BUTTERFLY CROCHET FOOD COVER,1,2011-06-29T10:50:00,3.75,16059,United Kingdom
558416,21533,RETROSPOT LARGE MILK JUG,2,2011-06-29T10:50:00,4.95,16059,United Kingdom
558416,21539,RED RETROSPOT BUTTER DISH,1,2011-06-29T10:50:00,4.95,16059,United Kingdom
558416,21754,HOME BUILDING BLOCK WORD,2,2011-06-29T10:50:00,5.95,16059,United Kingdom
558416,22077,6 RIBBONS RUSTIC CHARM,3,2011-06-29T10:50:00,1.65,16059,United Kingdom
558416,22170,PICTURE FRAME WOOD TRIPLE PORTRAIT,1,2011-06-29T10:50:00,6.75,16059,United Kingdom
558416,22171,3 HOOK PHOTO SHELF ANTIQUE WHITE,1,2011-06-29T10:50:00,8.5,16059,United Kingdom
558416,22464,HANGING METAL HEART LANTERN,6,2011-06-29T10:50:00,1.65,16059,United Kingdom
558416,22469,HEART OF WICKER SMALL,8,2011-06-29T10:50:00,1.65,16059,United Kingdom
558416,22470,HEART OF WICKER LARGE,8,2011-06-29T10:50:00,2.95,16059,United Kingdom
558416,22487,WHITE WOOD GARDEN PLANT LADDER,1,2011-06-29T10:50:00,9.95,16059,United Kingdom
558416,22672,FRENCH BATHROOM SIGN BLUE METAL,2,2011-06-29T10:50:00,1.65,16059,United Kingdom
558416,22673,FRENCH GARDEN SIGN BLUE METAL,2,2011-06-29T10:50:00,1.25,16059,United Kingdom
558416,22674,FRENCH TOILET SIGN BLUE METAL,2,2011-06-29T10:50:00,1.25,16059,United Kingdom
558416,22692,DOORMAT WELCOME TO OUR HOME,1,2011-06-29T10:50:00,7.95,16059,United Kingdom
558416,22784,LANTERN CREAM GAZEBO,2,2011-06-29T10:50:00,4.95,16059,United Kingdom
558416,22804,CANDLEHOLDER PINK HANGING HEART,4,2011-06-29T10:50:00,2.95,16059,United Kingdom
558416,22854,CREAM SWEETHEART EGG HOLDER,2,2011-06-29T10:50:00,4.95,16059,United Kingdom
558416,22980,PANTRY SCRUBBING BRUSH,2,2011-06-29T10:50:00,1.65,16059,United Kingdom
558416,22993,SET OF 4 PANTRY JELLY MOULDS,3,2011-06-29T10:50:00,1.25,16059,United Kingdom
558416,23091,ZINC HERB GARDEN CONTAINER,2,2011-06-29T10:50:00,6.25,16059,United Kingdom
558416,23244,ROUND STORAGE TIN VINTAGE LEAF,6,2011-06-29T10:50:00,1.95,16059,United Kingdom
558416,23263,SET OF 3 WOODEN HEART DECORATIONS,8,2011-06-29T10:50:00,1.25,16059,United Kingdom
558416,23321,SMALL WHITE HEART OF WICKER,8,2011-06-29T10:50:00,1.65,16059,United Kingdom
558416,23322,LARGE WHITE HEART OF WICKER,8,2011-06-29T10:50:00,2.95,16059,United Kingdom
558416,48129,DOORMAT TOPIARY,1,2011-06-29T10:50:00,7.95,16059,United Kingdom
558416,82552,WASHROOM METAL SIGN,2,2011-06-29T10:50:00,1.45,16059,United Kingdom
558416,84375,SET OF 20 KIDS COOKIE CUTTERS,2,2011-06-29T10:50:00,2.1,16059,United Kingdom
558416,84380,SET OF 3 BUTTERFLY COOKIE CUTTERS,2,2011-06-29T10:50:00,1.25,16059,United Kingdom
558416,84978,HANGING HEART JAR T-LIGHT HOLDER,12,2011-06-29T10:50:00,1.25,16059,United Kingdom
558416,85049C,ROMANTIC PINKS RIBBONS,2,2011-06-29T10:50:00,1.25,16059,United Kingdom
558416,85049D,BRIGHT BLUES RIBBONS,2,2011-06-29T10:50:00,1.25,16059,United Kingdom
558416,85049G,CHOCOLATE BOX RIBBONS,3,2011-06-29T10:50:00,1.25,16059,United Kingdom
558416,85049H,URBAN BLACK RIBBONS,2,2011-06-29T10:50:00,1.25,16059,United Kingdom
558416,85123A,WHITE HANGING HEART T-LIGHT HOLDER,4,2011-06-29T10:50:00,2.95,16059,United Kingdom
558699,23079,TOADSTOOL BEDSIDE LIGHT,2,2011-07-01T12:17:00,8.95,12494,France
558699,23108,SET OF 10 LED DOLLY LIGHTS,6,2011-07-01T12:17:00,6.25,12494,France
558699,23119,PACK OF 6 LARGE FRUIT STRAWS,12,2011-07-01T12:17:00,0.62,12494,France
558699,23121,PACK OF 6 COCKTAIL PARASOL STRAWS,24,2011-07-01T12:17:00,0.42,12494,France
558699,23236,DOILEY STORAGE TIN,6,2011-07-01T12:17:00,2.89,12494,France
558699,23241,TREASURE TIN GYMKHANA DESIGN,6,2011-07-01T12:17:00,2.08,12494,France
558699,23242,TREASURE TIN BUFFALO BILL,6,2011-07-01T12:17:00,2.08,12494,France
558699,23289,DOLLY GIRL CHILDRENS BOWL,8,2011-07-01T12:17:00,1.25,12494,France
558699,23291,DOLLY GIRL CHILDRENS CUP,8,2011-07-01T12:17:00,1.25,12494,France
558699,POST,POSTAGE,1,2011-07-01T12:17:00,18,12494,France
558909,21390,FILIGRIS HEART WITH BUTTERFLY,48,2011-07-05T09:10:00,1.25,13408,United Kingdom
558909,22467,GUMBALL COAT RACK,36,2011-07-05T09:10:00,2.1,13408,United Kingdom
558909,22745,POPPY'S PLAYHOUSE BEDROOM,12,2011-07-05T09:10:00,2.1,13408,United Kingdom
558909,22748,POPPY'S PLAYHOUSE KITCHEN,12,2011-07-05T09:10:00,2.1,13408,United Kingdom
558909,23201,JUMBO BAG ALPHABET,100,2011-07-05T09:10:00,1.79,13408,United Kingdom
558909,23298,SPOTTY BUNTING,50,2011-07-05T09:10:00,4.15,13408,United Kingdom
558909,84978,HANGING HEART JAR T-LIGHT HOLDER,36,2011-07-05T09:10:00,1.06,13408,United Kingdom
558909,85099C,JUMBO  BAG BAROQUE BLACK WHITE,100,2011-07-05T09:10:00,1.79,13408,United Kingdom
559691,21165,BEWARE OF THE CAT METAL SIGN,12,2011-07-11T15:52:00,1.69,13089,United Kingdom
559691,21175,GIN + TONIC DIET METAL SIGN,12,2011-07-11T15:52:00,2.55,13089,United Kingdom
559691,21187,WHITE BELL HONEYCOMB PAPER GARLAND,12,2011-07-11T15:52:00,1.65,13089,United Kingdom
559691,21188,3D HEARTS  HONEYCOMB PAPER GARLAND,12,2011-07-11T15:52:00,2.95,13089,United Kingdom
559691,21519,GIN & TONIC DIET GREETING CARD,12,2011-07-11T15:52:00,0.42,13089,United Kingdom
559691,21907,I'M ON HOLIDAY METAL SIGN,12,2011-07-11T15:52:00,2.1,13089,United Kingdom
559691,21916,SET 12 RETRO WHITE CHALK STICKS,24,2011-07-11T15:52:00,0.42,13089,United Kingdom
559691,21918,SET 12 KIDS COLOUR  CHALK STICKS,24,2011-07-11T15:52:00,0.42,13089,United Kingdom
559691,22024,RAINY LADIES BIRTHDAY CARD,12,2011-07-11T15:52:00,0.42,13089,United Kingdom
559691,22027,TEA PARTY BIRTHDAY CARD,12,2011-07-11T15:52:00,0.42,13089,United Kingdom
559691,22029,SPACEBOY BIRTHDAY CARD,12,2011-07-11T15:52:00,0.42,13089,United Kingdom
559691,22089,PAPER BUNTING VINTAGE PAISLEY,12,2011-07-11T15:52:00,2.95,13089,United Kingdom
559691,22335,HEART DECORATION PAINTED ZINC,24,2011-07-11T15:52:00,0.65,13089,United Kingdom
559691,22488,NATURAL SLATE RECTANGLE CHALKBOARD,12,2011-07-11T15:52:00,1.65,13089,United Kingdom
559691,22585,PACK OF 6 BIRDY GIFT TAGS,12,2011-07-11T15:52:00,1.25,13089,United Kingdom
559691,22639,SET OF 4 NAPKIN CHARMS HEARTS,6,2011-07-11T15:52:00,2.55,13089,United Kingdom
559691,22661,CHARLOTTE BAG DOLLY GIRL DESIGN,10,2011-07-11T15:52:00,0.85,13089,United Kingdom
559691,22666,RECIPE BOX PANTRY YELLOW DESIGN,6,2011-07-11T15:52:00,2.95,13089,United Kingdom
559691,22715,CARD WEDDING DAY,12,2011-07-11T15:52:00,0.42,13089,United Kingdom
559691,22983,CARD BILLBOARD FONT,12,2011-07-11T15:52:00,0.42,13089,United Kingdom
559691,22984,CARD GINGHAM ROSE,12,2011-07-11T15:52:00,0.42,13089,United Kingdom
559691,23203,JUMBO BAG DOILEY PATTERNS,10,2011-07-11T15:52:00,2.08,13089,United Kingdom
559691,23204,CHARLOTTE BAG APPLES DESIGN,10,2011-07-11T15:52:00,0.85,13089,United Kingdom
559691,23205,CHARLOTTE BAG VINTAGE ALPHABET,10,2011-07-11T15:52:00,0.85,13089,United Kingdom
559691,23206,LUNCH BAG APPLE DESIGN,10,2011-07-11T15:52:00,1.65,13089,United Kingdom
559691,23207,LUNCH BAG ALPHABET DESIGN,10,2011-07-11T15:52:00,1.65,13089,United Kingdom
559691,23209,LUNCH BAG DOILEY PATTERN,10,2011-07-11T15:52:00,1.65,13089,United Kingdom
559691,47566,PARTY BUNTING,12,2011-07-11T15:52:00,4.95,13089,United Kingdom
559691,82482,WOODEN PICTURE FRAME WHITE FINISH,12,2011-07-11T15:52:00,2.55,13089,United Kingdom
559691,84247G,"DECOUPAGE,GREETING CARD,",12,2011-07-11T15:52:00,0.42,13089,United Kingdom
559691,84406B,CREAM CUPID HEARTS COAT HANGER,32,2011-07-11T15:52:00,3.75,13089,United Kingdom
559691,84836,ZINC METAL HEART DECORATION,24,2011-07-11T15:52:00,1.25,13089,United Kingdom
559691,84879,ASSORTED COLOUR BIRD ORNAMENT,40,2011-07-11T15:52:00,1.69,13089,United Kingdom
559691,85123A,WHITE HANGING HEART T-LIGHT HOLDER,32,2011-07-11T15:52:00,2.55,13089,United Kingdom
559990,23169,CLASSIC GLASS SWEET JAR,6,2011-07-14T12:22:00,4.15,13319,United Kingdom
559990,23196,LEAVES MAGNETIC  SHOPPING LIST,12,2011-07-14T12:22:00,1.45,13319,United Kingdom
559990,23250,ENAMEL BOWL PANTRY,12,2011-07-14T12:22:00,1.25,13319,United Kingdom
559990,23251,ENAMEL MUG PANTRY,12,2011-07-14T12:22:00,1.25,13319,United Kingdom
559990,23252,ENAMEL JUG PANTRY,4,2011-07-14T12:22:00,3.75,13319,United Kingdom
560255,10135,COLOURING PENCILS BROWN TUBE,10,2011-07-17T13:08:00,1.25,16054,United Kingdom
560255,20983,12 PENCILS TALL TUBE RED RETROSPOT,24,2011-07-17T13:08:00,0.85,16054,United Kingdom
560255,20984,12 PENCILS TALL TUBE POSY,24,2011-07-17T13:08:00,0.29,16054,United Kingdom
560255,21523,DOORMAT FANCY FONT HOME SWEET HOME,1,2011-07-17T13:08:00,7.95,16054,United Kingdom
560255,21524,DOORMAT SPOTTY HOME SWEET HOME,1,2011-07-17T13:08:00,7.95,16054,United Kingdom
560255,21868,POTTING SHED TEA MUG,6,2011-07-17T13:08:00,1.25,16054,United Kingdom
560255,21876,POTTERING MUG,6,2011-07-17T13:08:00,1.25,16054,United Kingdom
560255,21877,HOME SWEET HOME MUG,6,2011-07-17T13:08:00,1.25,16054,United Kingdom
560255,22077,6 RIBBONS RUSTIC CHARM,6,2011-07-17T13:08:00,1.65,16054,United Kingdom
560255,22079,RIBBON REEL HEARTS DESIGN,5,2011-07-17T13:08:00,1.65,16054,United Kingdom
560255,22082,RIBBON REEL STRIPES DESIGN,5,2011-07-17T13:08:00,1.65,16054,United Kingdom
560255,22083,PAPER CHAIN KIT RETROSPOT,10,2011-07-17T13:08:00,2.95,16054,United Kingdom
560255,22093,MOTORING TISSUE BOX,6,2011-07-17T13:08:00,0.39,16054,United Kingdom
560255,22099,CARAVAN SQUARE TISSUE BOX,6,2011-07-17T13:08:00,0.39,16054,United Kingdom
560255,22112,CHOCOLATE HOT WATER BOTTLE,3,2011-07-17T13:08:00,4.95,16054,United Kingdom
560255,22191,IVORY DINER WALL CLOCK,1,2011-07-17T13:08:00,8.5,16054,United Kingdom
560255,22192,BLUE DINER WALL CLOCK,1,2011-07-17T13:08:00,8.5,16054,United Kingdom
560255,22193,RED DINER WALL CLOCK,1,2011-07-17T13:08:00,8.5,16054,United Kingdom
560255,22366,DOORMAT AIRMAIL,1,2011-07-17T13:08:00,7.95,16054,United Kingdom
560255,22371,AIRLINE BAG VINTAGE TOKYO 78,2,2011-07-17T13:08:00,4.25,16054,United Kingdom
560255,22372,AIRLINE BAG VINTAGE WORLD CHAMPION,2,2011-07-17T13:08:00,4.25,16054,United Kingdom
560255,22374,AIRLINE BAG VINTAGE JET SET RED,2,2011-07-17T13:08:00,4.25,16054,United Kingdom
560255,22375,AIRLINE BAG VINTAGE JET SET BROWN,2,2011-07-17T13:08:00,4.25,16054,United Kingdom
560255,22634,CHILDS BREAKFAST SET SPACEBOY,2,2011-07-17T13:08:00,9.95,16054,United Kingdom
560255,22635,CHILDS BREAKFAST SET DOLLY GIRL,2,2011-07-17T13:08:00,9.95,16054,United Kingdom
560255,22692,DOORMAT WELCOME TO OUR HOME,1,2011-07-17T13:08:00,7.95,16054,United Kingdom
560255,22720,SET OF 3 CAKE TINS PANTRY DESIGN,1,2011-07-17T13:08:00,4.95,16054,United Kingdom
560255,22726,ALARM CLOCK BAKELIKE GREEN,2,2011-07-17T13:08:00,3.75,16054,United Kingdom
560255,22727,ALARM CLOCK BAKELIKE RED,2,2011-07-17T13:08:00,3.75,16054,United Kingdom
560255,22728,ALARM CLOCK BAKELIKE PINK,2,2011-07-17T13:08:00,3.75,16054,United Kingdom
560255,22729,ALARM CLOCK BAKELIKE ORANGE,2,2011-07-17T13:08:00,3.75,16054,United Kingdom
560255,22730,ALARM CLOCK BAKELIKE IVORY,2,2011-07-17T13:08:00,3.75,16054,United Kingdom
560255,22835,HOT WATER BOTTLE I AM SO POORLY,3,2011-07-17T13:08:00,4.65,16054,United Kingdom
560255,22873,NUMBER TILE COTTAGE GARDEN 5,1,2011-07-17T13:08:00,1.95,16054,United Kingdom
560255,22878,NUMBER TILE COTTAGE GARDEN No,1,2011-07-17T13:08:00,2.1,16054,United Kingdom
560255,22960,JAM MAKING SET WITH JARS,2,2011-07-17T13:08:00,4.25,16054,United Kingdom
560255,22972,CHILDREN'S SPACEBOY MUG,6,2011-07-17T13:08:00,1.65,16054,United Kingdom
560255,22974,CHILDRENS DOLLY GIRL MUG,6,2011-07-17T13:08:00,1.65,16054,United Kingdom
560255,22989,SET 2 PANTRY DESIGN TEA TOWELS,1,2011-07-17T13:08:00,3.25,16054,United Kingdom
560255,23012,GLASS APOTHECARY BOTTLE PERFUME,2,2011-07-17T13:08:00,3.95,16054,United Kingdom
560255,23013,GLASS APOTHECARY BOTTLE TONIC,2,2011-07-17T13:08:00,3.95,16054,United Kingdom
560255,23014,GLASS APOTHECARY BOTTLE ELIXIR,2,2011-07-17T13:08:00,3.95,16054,United Kingdom
560255,23021,GLASS BONNE JAM JAR,3,2011-07-17T13:08:00,4.15,16054,United Kingdom
560255,23076,ICE CREAM SUNDAE LIP GLOSS,24,2011-07-17T13:08:00,1.25,16054,United Kingdom
560255,23077,DOUGHNUT LIP GLOSS,20,2011-07-17T13:08:00,1.25,16054,United Kingdom
560255,23078,ICE CREAM PEN LIP GLOSS,24,2011-07-17T13:08:00,1.25,16054,United Kingdom
560255,23176,ABC TREASURE BOOK BOX,2,2011-07-17T13:08:00,2.25,16054,United Kingdom
560255,23177,TREASURE ISLAND BOOK BOX,2,2011-07-17T13:08:00,2.25,16054,United Kingdom
560255,23186,FRENCH STYLE STORAGE JAR CAFE,6,2011-07-17T13:08:00,0.29,16054,United Kingdom
560255,23194,GYMKHANA TREASURE BOOK BOX,2,2011-07-17T13:08:00,2.25,16054,United Kingdom
560255,23198,PANTRY MAGNETIC  SHOPPING LIST,12,2011-07-17T13:08:00,1.45,16054,United Kingdom
560255,23239,SET OF 4 KNICK KNACK TINS POPPIES,6,2011-07-17T13:08:00,4.15,16054,United Kingdom
560255,23240,SET OF 4 KNICK KNACK TINS DOILEY,6,2011-07-17T13:08:00,4.15,16054,United Kingdom
560255,23243,SET OF TEA COFFEE SUGAR TINS PANTRY,2,2011-07-17T13:08:00,4.95,16054,United Kingdom
560255,23245,SET OF 3 REGENCY CAKE TINS,4,2011-07-17T13:08:00,4.95,16054,United Kingdom
560255,23253,16 PIECE CUTLERY SET PANTRY DESIGN,2,2011-07-17T13:08:00,15.95,16054,United Kingdom
560255,23254,CHILDRENS CUTLERY DOLLY GIRL,3,2011-07-17T13:08:00,4.15,16054,United Kingdom
560255,23256,CHILDRENS CUTLERY SPACEBOY,3,2011-07-17T13:08:00,4.15,16054,United Kingdom
560255,23298,SPOTTY BUNTING,2,2011-07-17T13:08:00,4.95,16054,United Kingdom
560255,23341,PINK DINER WALL CLOCK,1,2011-07-17T13:08:00,8.5,16054,United Kingdom
560255,23342,MINT DINER WALL CLOCK,1,2011-07-17T13:08:00,8.5,16054,United Kingdom
560255,48129,DOORMAT TOPIARY,1,2011-07-17T13:08:00,7.95,16054,United Kingdom
560255,48187,DOORMAT NEW ENGLAND,1,2011-07-17T13:08:00,7.95,16054,United Kingdom
560255,84030E,ENGLISH ROSE HOT WATER BOTTLE,3,2011-07-17T13:08:00,4.25,16054,United Kingdom
560255,84536A,ENGLISH ROSE NOTEBOOK A7 SIZE,32,2011-07-17T13:08:00,0.42,16054,United Kingdom
560255,84818,DANISH ROSE PHOTO FRAME,12,2011-07-17T13:08:00,0.79,16054,United Kingdom
560255,84969,BOX OF 6 ASSORTED COLOUR TEASPOONS,3,2011-07-17T13:08:00,4.25,16054,United Kingdom
560255,85132C,CHARLIE AND LOLA FIGURES TINS,6,2011-07-17T13:08:00,1.95,16054,United Kingdom
560255,85183A,CHARLIE & LOLA WASTEPAPER BIN BLUE,12,2011-07-17T13:08:00,1.25,16054,United Kingdom
560255,85183B,CHARLIE & LOLA WASTEPAPER BIN FLORA,12,2011-07-17T13:08:00,1.25,16054,United Kingdom
560583,17096,,-7,2011-07-19T15:31:00,0,,United Kingdom
560927,21464,DISCO BALL ROTATOR BATTERY OPERATED,2,2011-07-22T09:55:00,4.25,13078,United Kingdom
560927,21519,GIN & TONIC DIET GREETING CARD,12,2011-07-22T09:55:00,0.42,13078,United Kingdom
560927,21754,HOME BUILDING BLOCK WORD,3,2011-07-22T09:55:00,5.95,13078,United Kingdom
560927,22024,RAINY LADIES BIRTHDAY CARD,12,2011-07-22T09:55:00,0.42,13078,United Kingdom
560927,22041,"RECORD FRAME 7"" SINGLE SIZE",12,2011-07-22T09:55:00,2.55,13078,United Kingdom
560927,22192,BLUE DINER WALL CLOCK,4,2011-07-22T09:55:00,8.5,13078,United Kingdom
560927,22423,REGENCY CAKESTAND 3 TIER,2,2011-07-22T09:55:00,12.75,13078,United Kingdom
560927,22568,FELTCRAFT CUSHION OWL,4,2011-07-22T09:55:00,3.75,13078,United Kingdom
560927,22680,FRENCH BLUE METAL DOOR SIGN 5,10,2011-07-22T09:55:00,1.25,13078,United Kingdom
560927,22717,CARD DOG AND BALL,12,2011-07-22T09:55:00,0.42,13078,United Kingdom
560927,22726,ALARM CLOCK BAKELIKE GREEN,8,2011-07-22T09:55:00,3.75,13078,United Kingdom
560927,22727,ALARM CLOCK BAKELIKE RED,8,2011-07-22T09:55:00,3.75,13078,United Kingdom
560927,22729,ALARM CLOCK BAKELIKE ORANGE,8,2011-07-22T09:55:00,3.75,13078,United Kingdom
560927,22730,ALARM CLOCK BAKELIKE IVORY,4,2011-07-22T09:55:00,3.75,13078,United Kingdom
560927,23012,GLASS APOTHECARY BOTTLE PERFUME,4,2011-07-22T09:55:00,3.95,13078,United Kingdom
560927,23014,GLASS APOTHECARY BOTTLE ELIXIR,4,2011-07-22T09:55:00,3.95,13078,United Kingdom
560927,48173C,DOORMAT BLACK FLOCK,10,2011-07-22T09:55:00,6.75,13078,United Kingdom
560927,48184,DOORMAT ENGLISH ROSE,10,2011-07-22T09:55:00,6.75,13078,United Kingdom
560927,82001S,VINYL RECORD FRAME SILVER,24,2011-07-22T09:55:00,3.39,13078,United Kingdom
560927,82582,AREA PATROLLED METAL SIGN,24,2011-07-22T09:55:00,2.1,13078,United Kingdom
560927,84692,BOX OF 24 COCKTAIL PARASOLS,25,2011-07-22T09:55:00,0.42,13078,United Kingdom
561465,21259,VICTORIAN SEWING BOX SMALL,3,2011-07-27T12:45:00,5.95,16447,United Kingdom
561465,21468,BUTTERFLY CROCHET FOOD COVER,1,2011-07-27T12:45:00,3.75,16447,United Kingdom
561465,21784,SHOE SHINE BOX,1,2011-07-27T12:45:00,9.95,16447,United Kingdom
561465,21877,HOME SWEET HOME MUG,2,2011-07-27T12:45:00,1.25,16447,United Kingdom
561465,21899,GARAGE KEY FOB,48,2011-07-27T12:45:00,0.65,16447,United Kingdom
561465,21900,"KEY FOB , SHED",48,2011-07-27T12:45:00,0.65,16447,United Kingdom
561465,21901,"KEY FOB , BACK DOOR",48,2011-07-27T12:45:00,0.65,16447,United Kingdom
561465,22040,BOTANICAL ROSE GIFT WRAP,25,2011-07-27T12:45:00,0.42,16447,United Kingdom
561465,22077,6 RIBBONS RUSTIC CHARM,1,2011-07-27T12:45:00,1.65,16447,United Kingdom
561465,22077,6 RIBBONS RUSTIC CHARM,1,2011-07-27T12:45:00,1.65,16447,United Kingdom
561465,22079,RIBBON REEL HEARTS DESIGN,5,2011-07-27T12:45:00,1.65,16447,United Kingdom
561465,22113,GREY HEART HOT WATER BOTTLE,1,2011-07-27T12:45:00,3.75,16447,United Kingdom
561465,22361,GLASS JAR DAISY FRESH COTTON WOOL,1,2011-07-27T12:45:00,2.95,16447,United Kingdom
561465,22362,GLASS JAR PEACOCK BATH SALTS,1,2011-07-27T12:45:00,2.95,16447,United Kingdom
561465,22487,WHITE WOOD GARDEN PLANT LADDER,2,2011-07-27T12:45:00,9.95,16447,United Kingdom
561465,22868,NUMBER TILE COTTAGE GARDEN 0,1,2011-07-27T12:45:00,1.95,16447,United Kingdom
561465,22869,NUMBER TILE COTTAGE GARDEN 1,1,2011-07-27T12:45:00,1.95,16447,United Kingdom
561465,22870,NUMBER TILE COTTAGE GARDEN 2,1,2011-07-27T12:45:00,1.95,16447,United Kingdom
561465,22871,NUMBER TILE COTTAGE GARDEN 3,1,2011-07-27T12:45:00,1.95,16447,United Kingdom
561465,22872,NUMBER TILE COTTAGE GARDEN 4,1,2011-07-27T12:45:00,1.95,16447,United Kingdom
561465,22873,NUMBER TILE COTTAGE GARDEN 5,1,2011-07-27T12:45:00,1.95,16447,United Kingdom
561465,22874,NUMBER TILE COTTAGE GARDEN 6,1,2011-07-27T12:45:00,1.95,16447,United Kingdom
561465,22875,NUMBER TILE COTTAGE GARDEN 7,3,2011-07-27T12:45:00,1.95,16447,United Kingdom
561465,22876,NUMBER TILE COTTAGE GARDEN 8,1,2011-07-27T12:45:00,1.95,16447,United Kingdom
561465,22877,NUMBER TILE COTTAGE GARDEN 9,1,2011-07-27T12:45:00,1.95,16447,United Kingdom
561465,22978,PANTRY ROLLING PIN,2,2011-07-27T12:45:00,3.75,16447,United Kingdom
561465,22979,PANTRY WASHING UP BRUSH,2,2011-07-27T12:45:00,1.45,16447,United Kingdom
561465,22981,PANTRY APPLE CORER,1,2011-07-27T12:45:00,1.45,16447,United Kingdom
561465,22981,PANTRY APPLE CORER,1,2011-07-27T12:45:00,1.45,16447,United Kingdom
561465,23118,PARISIENNE JEWELLERY DRAWER,1,2011-07-27T12:45:00,7.5,16447,United Kingdom
561465,23176,ABC TREASURE BOOK BOX,2,2011-07-27T12:45:00,2.25,16447,United Kingdom
561465,47574A,ENGLISH ROSE SCENTED HANGING FLOWER,6,2011-07-27T12:45:00,0.75,16447,United Kingdom
561465,48184,DOORMAT ENGLISH ROSE,1,2011-07-27T12:45:00,7.95,16447,United Kingdom
561465,48194,DOORMAT HEARTS,1,2011-07-27T12:45:00,7.95,16447,United Kingdom
561465,84818,DANISH ROSE PHOTO FRAME,4,2011-07-27T12:45:00,0.79,16447,United Kingdom
561465,84912A,PINK ROSE WASHBAG,2,2011-07-27T12:45:00,3.75,16447,United Kingdom
561816,21754,HOME BUILDING BLOCK WORD,3,2011-07-29T15:46:00,5.95,16184,United Kingdom
561816,22178,VICTORIAN GLASS HANGING T-LIGHT,36,2011-07-29T15:46:00,1.25,16184,United Kingdom
561816,84879,ASSORTED COLOUR BIRD ORNAMENT,32,2011-07-29T15:46:00,1.69,16184,United Kingdom
561911,15058A,BLUE POLKADOT GARDEN PARASOL,2,2011-08-01T10:26:00,7.95,12534,Germany
561911,15058B,PINK POLKADOT GARDEN PARASOL,2,2011-08-01T10:26:00,7.95,12534,Germany
561911,20718,RED RETROSPOT SHOPPER BAG,10,2011-08-01T10:26:00,1.25,12534,Germany
561911,20977,36 PENCILS TUBE WOODLAND,16,2011-08-01T10:26:00,1.25,12534,Germany
561911,20997,ROSE DU SUD CUSHION COVER,6,2011-08-01T10:26:00,4.95,12534,Germany
561911,21122,SET/10 PINK POLKADOT PARTY CANDLES,24,2011-08-01T10:26:00,1.25,12534,Germany
561911,21124,SET/10 BLUE POLKADOT PARTY CANDLES,24,2011-08-01T10:26:00,1.25,12534,Germany
561911,21154,RED RETROSPOT OVEN GLOVE,10,2011-08-01T10:26:00,1.25,12534,Germany
561911,21197,MULTICOLOUR  CONFETTI IN TUBE,12,2011-08-01T10:26:00,1.65,12534,Germany
561911,21498,RED RETROSPOT WRAP,25,2011-08-01T10:26:00,0.42,12534,Germany
561911,21499,BLUE POLKADOT WRAP,25,2011-08-01T10:26:00,0.42,12534,Germany
561911,21500,PINK POLKADOT WRAP,25,2011-08-01T10:26:00,0.42,12534,Germany
561911,21577,SAVE THE PLANET COTTON TOTE BAG,6,2011-08-01T10:26:00,2.25,12534,Germany
561911,21578,WOODLAND DESIGN  COTTON TOTE BAG,6,2011-08-01T10:26:00,2.25,12534,Germany
561911,21666,RIDGED GLASS T-LIGHT HOLDER,12,2011-08-01T10:26:00,0.65,12534,Germany
561911,21668,RED STRIPE CERAMIC DRAWER KNOB,12,2011-08-01T10:26:00,1.25,12534,Germany
561911,21669,BLUE STRIPE CERAMIC DRAWER KNOB,12,2011-08-01T10:26:00,1.25,12534,Germany
561911,21670,BLUE SPOT CERAMIC DRAWER KNOB,12,2011-08-01T10:26:00,1.25,12534,Germany
561911,21672,WHITE SPOT RED CERAMIC DRAWER KNOB,12,2011-08-01T10:26:00,1.25,12534,Germany
561911,21700,BIG DOUGHNUT FRIDGE MAGNETS,12,2011-08-01T10:26:00,0.85,12534,Germany
561911,21735,TWO DOOR CURIO CABINET,2,2011-08-01T10:26:00,12.75,12534,Germany
561911,21894,POTTING SHED SEED ENVELOPES,12,2011-08-01T10:26:00,1.25,12534,Germany
561911,21976,PACK OF 60 MUSHROOM CAKE CASES,24,2011-08-01T10:26:00,0.55,12534,Germany
561911,21977,PACK OF 60 PINK PAISLEY CAKE CASES,24,2011-08-01T10:26:00,0.55,12534,Germany
561911,22077,6 RIBBONS RUSTIC CHARM,12,2011-08-01T10:26:00,1.65,12534,Germany
561911,22082,RIBBON REEL STRIPES DESIGN,10,2011-08-01T10:26:00,1.65,12534,Germany
561911,22129,PARTY CONES CANDY TREE DECORATION,12,2011-08-01T10:26:00,0.85,12534,Germany
561911,22150,3 STRIPEY MICE FELTCRAFT,6,2011-08-01T10:26:00,1.95,12534,Germany
561911,22180,RETROSPOT LAMP,4,2011-08-01T10:26:00,9.95,12534,Germany
561911,22196,SMALL HEART MEASURING SPOONS,12,2011-08-01T10:26:00,0.85,12534,Germany
561911,22469,HEART OF WICKER SMALL,12,2011-08-01T10:26:00,1.65,12534,Germany
561911,22487,WHITE WOOD GARDEN PLANT LADDER,2,2011-08-01T10:26:00,9.95,12534,Germany
561911,22505,MEMO BOARD COTTAGE DESIGN,4,2011-08-01T10:26:00,4.95,12534,Germany
561911,22554,PLASTERS IN TIN WOODLAND ANIMALS,12,2011-08-01T10:26:00,1.65,12534,Germany
561911,22558,CLOTHES PEGS RETROSPOT PACK 24,12,2011-08-01T10:26:00,1.65,12534,Germany
561911,22652,TRAVEL SEWING KIT,10,2011-08-01T10:26:00,1.65,12534,Germany
561911,22668,PINK BABY BUNTING,5,2011-08-01T10:26:00,2.95,12534,Germany
561911,22791,T-LIGHT GLASS FLUTED ANTIQUE,12,2011-08-01T10:26:00,1.25,12534,Germany
561911,22937,BAKING MOULD CHOCOLATE CUPCAKES,6,2011-08-01T10:26:00,2.55,12534,Germany
561911,22962,JAM JAR WITH PINK LID,12,2011-08-01T10:26:00,0.85,12534,Germany
561911,22989,SET 2 PANTRY DESIGN TEA TOWELS,6,2011-08-01T10:26:00,3.25,12534,Germany
561911,23028,DRAWER KNOB CRACKLE GLAZE BLUE,6,2011-08-01T10:26:00,1.65,12534,Germany
561911,23029,DRAWER KNOB CRACKLE GLAZE GREEN,6,2011-08-01T10:26:00,1.65,12534,Germany
561911,23031,DRAWER KNOB CRACKLE GLAZE PINK,6,2011-08-01T10:26:00,1.65,12534,Germany
561911,23108,SET OF 10 LED DOLLY LIGHTS,2,2011-08-01T10:26:00,6.25,12534,Germany
561911,23134,LARGE ZINC HEART WALL ORGANISER,2,2011-08-01T10:26:00,8.25,12534,Germany
561911,23245,SET OF 3 REGENCY CAKE TINS,4,2011-08-01T10:26:00,4.95,12534,Germany
561911,23285,PINK VINTAGE SPOT BEAKER,8,2011-08-01T10:26:00,0.85,12534,Germany
561911,23286,BLUE VINTAGE SPOT BEAKER,8,2011-08-01T10:26:00,0.85,12534,Germany
561911,23297,SET 40 HEART SHAPE PETIT FOUR CASES,16,2011-08-01T10:26:00,1.65,12534,Germany
561911,23321,SMALL WHITE HEART OF WICKER,12,2011-08-01T10:26:00,1.65,12534,Germany
561911,35810A,ENAMEL PINK COFFEE CONTAINER,12,2011-08-01T10:26:00,0.83,12534,Germany
561911,84819,DANISH ROSE ROUND SEWING BOX,3,2011-08-01T10:26:00,4.25,12534,Germany
561911,84879,ASSORTED COLOUR BIRD ORNAMENT,8,2011-08-01T10:26:00,1.69,12534,Germany
561911,84946,ANTIQUE SILVER T-LIGHT GLASS,12,2011-08-01T10:26:00,1.25,12534,Germany
561911,84970L,SINGLE HEART ZINC T-LIGHT HOLDER,12,2011-08-01T10:26:00,0.95,12534,Germany
561911,84970S,HANGING HEART ZINC T-LIGHT HOLDER,12,2011-08-01T10:26:00,0.85,12534,Germany
561911,84978,HANGING HEART JAR T-LIGHT HOLDER,12,2011-08-01T10:26:00,1.25,12534,Germany
561911,85014A,BLACK/BLUE POLKADOT UMBRELLA,3,2011-08-01T10:26:00,5.95,12534,Germany
561911,85049E,SCANDINAVIAN REDS RIBBONS,12,2011-08-01T10:26:00,1.25,12534,Germany
561911,85049H,URBAN BLACK RIBBONS,12,2011-08-01T10:26:00,1.25,12534,Germany
561911,85161,ACRYLIC GEOMETRIC LAMP,1,2011-08-01T10:26:00,18.95,12534,Germany
561911,POST,POSTAGE,6,2011-08-01T10:26:00,18,12534,Germany
562536,20802,SMALL GLASS SUNDAE DISH CLEAR,4,2011-08-05T14:57:00,1.65,,United Kingdom
562569,20719,WOODLAND CHARLOTTE BAG,10,2011-08-07T12:05:00,0.85,17323,United Kingdom
562569,20724,RED RETROSPOT CHARLOTTE BAG,6,2011-08-07T12:05:00,0.85,17323,United Kingdom
562569,20725,LUNCH BAG RED RETROSPOT,3,2011-08-07T12:05:00,1.65,17323,United Kingdom
562569,20726,LUNCH BAG WOODLAND,3,2011-08-07T12:05:00,1.65,17323,United Kingdom
562569,21123,SET/10 IVORY POLKADOT PARTY CANDLES,3,2011-08-07T12:05:00,1.25,17323,United Kingdom
562569,21430,SET/3 RED GINGHAM ROSE STORAGE BOX,2,2011-08-07T12:05:00,3.75,17323,United Kingdom
562569,22355,CHARLOTTE BAG SUKI DESIGN,10,2011-08-07T12:05:00,0.85,17323,United Kingdom
562569,22384,LUNCH BAG PINK POLKADOT,3,2011-08-07T12:05:00,1.65,17323,United Kingdom
562569,22436,12 COLOURED PARTY BALLOONS,10,2011-08-07T12:05:00,0.65,17323,United Kingdom
562569,23154,SET OF 4 JAM JAR MAGNETS,3,2011-08-07T12:05:00,2.08,17323,United Kingdom
562569,23203,JUMBO BAG VINTAGE DOILY,3,2011-08-07T12:05:00,2.08,17323,United Kingdom
562569,23209,LUNCH BAG VINTAGE DOILY,3,2011-08-07T12:05:00,1.65,17323,United Kingdom
562569,23293,SET OF 12 FAIRY CAKE BAKING CASES,3,2011-08-07T12:05:00,0.83,17323,United Kingdom
562569,23295,SET OF 12 MINI LOAF BAKING CASES,3,2011-08-07T12:05:00,0.83,17323,United Kingdom
562569,23297,SET 40 HEART SHAPE PETIT FOUR CASES,6,2011-08-07T12:05:00,1.65,17323,United Kingdom
562569,85049C,ROMANTIC PINKS RIBBONS,3,2011-08-07T12:05:00,1.25,17323,United Kingdom
562569,85049D,BRIGHT BLUES RIBBONS,2,2011-08-07T12:05:00,1.25,17323,United Kingdom
562569,85049E,SCANDINAVIAN REDS RIBBONS,3,2011-08-07T12:05:00,1.25,17323,United Kingdom
562569,85049F,BABY BOOM RIBBONS,3,2011-08-07T12:05:00,1.25,17323,United Kingdom
562569,85049G,CHOCOLATE BOX RIBBONS,3,2011-08-07T12:05:00,1.25,17323,United Kingdom
562777,21733,RED HANGING HEART T-LIGHT HOLDER,32,2011-08-09T12:52:00,2.55,15247,United Kingdom
562777,22804,CANDLEHOLDER PINK HANGING HEART,32,2011-08-09T12:52:00,2.55,15247,United Kingdom
562777,46000S,POLYESTER FILLER PAD 40x40cm,24,2011-08-09T12:52:00,1.45,15247,United Kingdom
562777,71477,COLOUR GLASS. STAR T-LIGHT HOLDER,24,2011-08-09T12:52:00,2.75,15247,United Kingdom
562777,84755,COLOUR GLASS T-LIGHT HOLDER HANGING,16,2011-08-09T12:52:00,0.65,15247,United Kingdom
562777,85123A,WHITE HANGING HEART T-LIGHT HOLDER,32,2011-08-09T12:52:00,2.55,15247,United Kingdom
562913,20682,RED RETROSPOT CHILDRENS UMBRELLA,6,2011-08-10T13:19:00,3.25,17042,United Kingdom
562913,20686,DOLLY MIXTURE CHILDREN'S UMBRELLA,6,2011-08-10T13:19:00,3.25,17042,United Kingdom
562913,21452,TOADSTOOL MONEY BOX,6,2011-08-10T13:19:00,2.95,17042,United Kingdom
562913,21544,SKULLS  WATER TRANSFER TATTOOS,12,2011-08-10T13:19:00,0.85,17042,United Kingdom
562913,21650,ASSORTED TUTTI FRUTTI BRACELET,24,2011-08-10T13:19:00,0.19,17042,United Kingdom
562913,21703,BAG 125g SWIRLY MARBLES,12,2011-08-10T13:19:00,0.42,17042,United Kingdom
562913,21746,SMALL RED RETROSPOT WINDMILL,12,2011-08-10T13:19:00,1.25,17042,United Kingdom
562913,21747,SMALL SKULL WINDMILL,12,2011-08-10T13:19:00,1.25,17042,United Kingdom
562913,21830,ASSORTED CREEPY CRAWLIES,24,2011-08-10T13:19:00,0.42,17042,United Kingdom
562913,21889,WOODEN BOX OF DOMINOES,12,2011-08-10T13:19:00,1.25,17042,United Kingdom
562913,22431,WATERING CAN BLUE ELEPHANT,6,2011-08-10T13:19:00,1.95,17042,United Kingdom
562913,22432,WATERING CAN PINK BUNNY,6,2011-08-10T13:19:00,1.95,17042,United Kingdom
562913,22433,WATERING CAN GREEN DINOSAUR,6,2011-08-10T13:19:00,1.95,17042,United Kingdom
562913,22637,PIGGY BANK RETROSPOT,4,2011-08-10T13:19:00,2.55,17042,United Kingdom
562913,47566,PARTY BUNTING,8,2011-08-10T13:19:00,4.95,17042,United Kingdom
562913,51014A,"FEATHER PEN,HOT PINK",24,2011-08-10T13:19:00,0.39,17042,United Kingdom
562913,51014C,"FEATHER PEN,COAL BLACK",24,2011-08-10T13:19:00,0.39,17042,United Kingdom
562913,84596B,SMALL DOLLY MIX DESIGN ORANGE BOWL,16,2011-08-10T13:19:00,0.42,17042,United Kingdom
563216,17129F,BLUE GLASS GEMS IN BAG,7,2011-08-14T13:14:00,0.85,17841,United Kingdom
563216,20718,RED RETROSPOT SHOPPER BAG,3,2011-08-14T13:14:00,1.25,17841,United Kingdom
563216,20828,GLITTER BUTTERFLY CLIPS,1,2011-08-14T13:14:00,2.55,17841,United Kingdom
563216,20829,GLITTER HANGING BUTTERFLY STRING,2,2011-08-14T13:14:00,2.1,17841,United Kingdom
563216,21121,SET/10 RED POLKADOT PARTY CANDLES,1,2011-08-14T13:14:00,1.25,17841,United Kingdom
563216,21124,SET/10 BLUE POLKADOT PARTY CANDLES,1,2011-08-14T13:14:00,1.25,17841,United Kingdom
563216,21389,IVORY HANGING DECORATION  BIRD,1,2011-08-14T13:14:00,0.85,17841,United Kingdom
563216,21389,IVORY HANGING DECORATION  BIRD,4,2011-08-14T13:14:00,0.85,17841,United Kingdom
563216,21439,BASKET OF TOADSTOOLS,1,2011-08-14T13:14:00,1.25,17841,United Kingdom
563216,21629,SQUARE FLOOR CUSHION VINTAGE RED,1,2011-08-14T13:14:00,7.95,17841,United Kingdom
563216,21668,RED STRIPE CERAMIC DRAWER KNOB,2,2011-08-14T13:14:00,1.25,17841,United Kingdom
563216,21672,WHITE SPOT RED CERAMIC DRAWER KNOB,2,2011-08-14T13:14:00,1.25,17841,United Kingdom
563216,21682,LARGE MEDINA STAMPED METAL BOWL,2,2011-08-14T13:14:00,4.95,17841,United Kingdom
563216,21683,MEDIUM MEDINA STAMPED METAL BOWL,2,2011-08-14T13:14:00,2.95,17841,United Kingdom
563216,21684,SMALL MEDINA STAMPED METAL BOWL,2,2011-08-14T13:14:00,0.85,17841,United Kingdom
563216,21718,RED METAL BEACH SPADE,1,2011-08-14T13:14:00,1.25,17841,United Kingdom
563216,21718,RED METAL BEACH SPADE,2,2011-08-14T13:14:00,1.25,17841,United Kingdom
563216,21770,OPEN CLOSED METAL SIGN,1,2011-08-14T13:14:00,4.95,17841,United Kingdom
563216,21927,BLUE/CREAM STRIPE CUSHION COVER,4,2011-08-14T13:14:00,1.25,17841,United Kingdom
563216,21931,JUMBO STORAGE BAG SUKI,1,2011-08-14T13:14:00,2.08,17841,United Kingdom
563216,21975,PACK OF 60 DINOSAUR CAKE CASES,2,2011-08-14T13:14:00,0.55,17841,United Kingdom
563216,22041,"RECORD FRAME 7"" SINGLE SIZE",3,2011-08-14T13:14:00,2.55,17841,United Kingdom
563216,22174,PHOTO CUBE,1,2011-08-14T13:14:00,1.65,17841,United Kingdom
563216,22252,BIRDCAGE DECORATION TEALIGHT HOLDER,4,2011-08-14T13:14:00,1.25,17841,United Kingdom
563216,22282,12 EGG HOUSE PAINTED WOOD,1,2011-08-14T13:14:00,12.75,17841,United Kingdom
563216,22318,FIVE HEART HANGING DECORATION,1,2011-08-14T13:14:00,2.95,17841,United Kingdom
563216,22383,LUNCH BAG SUKI DESIGN,1,2011-08-14T13:14:00,1.65,17841,United Kingdom
563216,22385,JUMBO BAG SPACEBOY DESIGN,1,2011-08-14T13:14:00,2.08,17841,United Kingdom
563216,22427,ENAMEL FLOWER JUG CREAM,2,2011-08-14T13:14:00,5.95,17841,United Kingdom
563216,22429,ENAMEL MEASURING JUG CREAM,1,2011-08-14T13:14:00,4.25,17841,United Kingdom
563216,22431,WATERING CAN BLUE ELEPHANT,1,2011-08-14T13:14:00,1.95,17841,United Kingdom
563216,22467,GUMBALL COAT RACK,2,2011-08-14T13:14:00,2.55,17841,United Kingdom
563216,22494,EMERGENCY FIRST AID TIN,1,2011-08-14T13:14:00,1.25,17841,United Kingdom
563216,22553,PLASTERS IN TIN SKULLS,1,2011-08-14T13:14:00,1.65,17841,United Kingdom
563216,22557,PLASTERS IN TIN VINTAGE PAISLEY,1,2011-08-14T13:14:00,1.65,17841,United Kingdom
563216,22616,PACK OF 12 LONDON TISSUES,1,2011-08-14T13:14:00,0.29,17841,United Kingdom
563216,22639,SET OF 4 NAPKIN CHARMS HEARTS,1,2011-08-14T13:14:00,2.55,17841,United Kingdom
563216,22662,LUNCH BAG DOLLY GIRL DESIGN,1,2011-08-14T13:14:00,1.65,17841,United Kingdom
563216,22705,WRAP GREEN PEARS,25,2011-08-14T13:14:00,0.42,17841,United Kingdom
563216,22756,LARGE YELLOW BABUSHKA NOTEBOOK,1,2011-08-14T13:14:00,1.25,17841,United Kingdom
563216,22760,"TRAY, BREAKFAST IN BED",2,2011-08-14T13:14:00,12.75,17841,United Kingdom
563216,22772,PINK DRAWER KNOB ACRYLIC EDWARDIAN,1,2011-08-14T13:14:00,1.25,17841,United Kingdom
563216,22775,PURPLE DRAWERKNOB ACRYLIC EDWARDIAN,2,2011-08-14T13:14:00,1.25,17841,United Kingdom
563216,22882,NUMBER TILE VINTAGE FONT 3,3,2011-08-14T13:14:00,1.95,17841,United Kingdom
563216,22896,PEG BAG APPLES DESIGN,1,2011-08-14T13:14:00,2.55,17841,United Kingdom
563216,22961,JAM MAKING SET PRINTED,1,2011-08-14T13:14:00,1.45,17841,United Kingdom
563216,22979,PANTRY WASHING UP BRUSH,2,2011-08-14T13:14:00,1.45,17841,United Kingdom
563216,22998,TRAVEL CARD WALLET KEEP CALM,1,2011-08-14T13:14:00,0.42,17841,United Kingdom
563216,23000,TRAVEL CARD WALLET TRANSPORT,1,2011-08-14T13:14:00,0.42,17841,United Kingdom
563216,23004,TRAVEL CARD WALLET PANTRY,1,2011-08-14T13:14:00,0.42,17841,United Kingdom
563216,23144,ZINC T-LIGHT HOLDER STARS SMALL,2,2011-08-14T13:14:00,0.83,17841,United Kingdom
563216,23145,ZINC T-LIGHT HOLDER STAR LARGE,1,2011-08-14T13:14:00,0.95,17841,United Kingdom
563216,23146,TRIPLE HOOK ANTIQUE IVORY ROSE,1,2011-08-14T13:14:00,3.29,17841,United Kingdom
563216,23158,SET OF 5 LUCKY CAT MAGNETS,1,2011-08-14T13:14:00,2.08,17841,United Kingdom
563216,23253,16 PIECE CUTLERY SET PANTRY DESIGN,2,2011-08-14T13:14:00,15.95,17841,United Kingdom
563216,23309,SET OF 60 I LOVE LONDON CAKE CASES,1,2011-08-14T13:14:00,0.55,17841,United Kingdom
563216,47421,ASSORTED COLOUR LIZARD SUCTION HOOK,1,2011-08-14T13:14:00,0.42,17841,United Kingdom
563216,72349B,SET/6 PURPLE BUTTERFLY T-LIGHTS,8,2011-08-14T13:14:00,2.1,17841,United Kingdom
563216,79321,CHILLI LIGHTS,3,2011-08-14T13:14:00,5.75,17841,United Kingdom
563216,85019A,ROMANTIC IMAGES NOTEBOOK SET,1,2011-08-14T13:14:00,1.25,17841,United Kingdom
563216,85054,FRENCH ENAMEL POT W LID,1,2011-08-14T13:14:00,2.95,17841,United Kingdom
563216,85114B,IVORY ENCHANTED FOREST PLACEMAT,4,2011-08-14T13:14:00,1.65,17841,United Kingdom
563230,20772,GARDEN PATH JOURNAL,4,2011-08-14T15:39:00,2.55,15376,United Kingdom
563230,20866,BLUE ROSE FABRIC MIRROR,5,2011-08-14T15:39:00,1.25,15376,United Kingdom
563230,21135,VICTORIAN  METAL POSTCARD SPRING,6,2011-08-14T15:39:00,1.69,15376,United Kingdom
563230,21156,RETROSPOT CHILDRENS APRON,2,2011-08-14T15:39:00,1.95,15376,United Kingdom
563230,21175,GIN + TONIC DIET METAL SIGN,2,2011-08-14T15:39:00,2.55,15376,United Kingdom
563230,21429,RED GINGHAM ROSE JEWELLERY BOX,4,2011-08-14T15:39:00,1.95,15376,United Kingdom
563230,21430,SET/3 RED GINGHAM ROSE STORAGE BOX,3,2011-08-14T15:39:00,3.75,15376,United Kingdom
563230,22131,FOOD CONTAINER SET 3 LOVE HEART,4,2011-08-14T15:39:00,1.95,15376,United Kingdom
563230,22195,LARGE HEART MEASURING SPOONS,4,2011-08-14T15:39:00,1.65,15376,United Kingdom
563230,22367,CHILDRENS APRON SPACEBOY DESIGN,2,2011-08-14T15:39:00,1.95,15376,United Kingdom
563230,22467,GUMBALL COAT RACK,4,2011-08-14T15:39:00,2.55,15376,United Kingdom
563230,22629,SPACEBOY LUNCH BOX,2,2011-08-14T15:39:00,1.95,15376,United Kingdom
563230,22630,DOLLY GIRL LUNCH BOX,4,2011-08-14T15:39:00,1.95,15376,United Kingdom
563230,22726,ALARM CLOCK BAKELIKE GREEN,2,2011-08-14T15:39:00,3.75,15376,United Kingdom
563230,22727,ALARM CLOCK BAKELIKE RED,2,2011-08-14T15:39:00,3.75,15376,United Kingdom
563230,22753,SMALL YELLOW BABUSHKA NOTEBOOK,4,2011-08-14T15:39:00,0.85,15376,United Kingdom
563230,22754,SMALL RED BABUSHKA NOTEBOOK,4,2011-08-14T15:39:00,0.85,15376,United Kingdom
563230,22756,LARGE YELLOW BABUSHKA NOTEBOOK,4,2011-08-14T15:39:00,1.25,15376,United Kingdom
563230,22757,LARGE RED BABUSHKA NOTEBOOK,4,2011-08-14T15:39:00,1.25,15376,United Kingdom
563230,22899,CHILDREN'S APRON DOLLY GIRL,4,2011-08-14T15:39:00,2.1,15376,United Kingdom
563230,22975,SPACEBOY CHILDRENS EGG CUP,4,2011-08-14T15:39:00,1.25,15376,United Kingdom
563230,22977,DOLLY GIRL CHILDRENS EGG CUP,4,2011-08-14T15:39:00,1.25,15376,United Kingdom
563230,23122,PARTY CHARMS 50 PIECES,3,2011-08-14T15:39:00,0.83,15376,United Kingdom
563230,23163,REGENCY SUGAR TONGS,4,2011-08-14T15:39:00,2.49,15376,United Kingdom
563230,23164,REGENCY CAKE SLICE,3,2011-08-14T15:39:00,4.95,15376,United Kingdom
563230,23173,REGENCY TEAPOT ROSES,2,2011-08-14T15:39:00,9.95,15376,United Kingdom
563230,23174,REGENCY SUGAR BOWL GREEN,2,2011-08-14T15:39:00,4.15,15376,United Kingdom
563230,23175,REGENCY MILK JUG PINK,2,2011-08-14T15:39:00,3.25,15376,United Kingdom
563230,23196,VINTAGE LEAF MAGNETIC NOTEPAD,6,2011-08-14T15:39:00,1.45,15376,United Kingdom
563230,23208,LUNCH BAG VINTAGE LEAF DESIGN,5,2011-08-14T15:39:00,1.65,15376,United Kingdom
563230,23237,SET OF 4 KNICK KNACK TINS LEAF,2,2011-08-14T15:39:00,4.15,15376,United Kingdom
563230,23254,CHILDRENS CUTLERY DOLLY GIRL,4,2011-08-14T15:39:00,4.15,15376,United Kingdom
563230,23256,CHILDRENS CUTLERY SPACEBOY,4,2011-08-14T15:39:00,4.15,15376,United Kingdom
563230,23289,DOLLY GIRL CHILDRENS BOWL,6,2011-08-14T15:39:00,1.25,15376,United Kingdom
563230,23290,SPACEBOY CHILDRENS BOWL,6,2011-08-14T15:39:00,1.25,15376,United Kingdom
563230,23307,SET OF 60 PANTRY DESIGN CAKE CASES,5,2011-08-14T15:39:00,0.55,15376,United Kingdom
563230,23345,DOLLY GIRL BEAKER,6,2011-08-14T15:39:00,1.25,15376,United Kingdom
563230,23346,SPACEBOY BEAKER,6,2011-08-14T15:39:00,1.25,15376,United Kingdom
563230,82494L,WOODEN FRAME ANTIQUE WHITE,3,2011-08-14T15:39:00,2.95,15376,United Kingdom
563230,82567,"AIRLINE LOUNGE,METAL SIGN",3,2011-08-14T15:39:00,2.1,15376,United Kingdom
563230,82600,NO SINGING METAL SIGN,2,2011-08-14T15:39:00,2.1,15376,United Kingdom
563230,84356,POMPOM CURTAIN,2,2011-08-14T15:39:00,6.95,15376,United Kingdom
563230,84692,BOX OF 24 COCKTAIL PARASOLS,8,2011-08-14T15:39:00,0.42,15376,United Kingdom
563566,21088,SET/6 FRUIT SALAD PAPER CUPS,24,2011-08-17T14:25:00,0.19,13655,United Kingdom
563566,21089,SET/6 GREEN SPRING PAPER CUPS,19,2011-08-17T14:25:00,0.19,13655,United Kingdom
563566,21096,SET/6 FRUIT SALAD  PAPER PLATES,24,2011-08-17T14:25:00,0.39,13655,United Kingdom
563566,21213,PACK OF 72 SKULL CAKE CASES,24,2011-08-17T14:25:00,0.55,13655,United Kingdom
563566,21471,STRAWBERRY RAFFIA FOOD COVER,6,2011-08-17T14:25:00,3.75,13655,United Kingdom
563566,21932,SCANDINAVIAN PAISLEY PICNIC BAG,10,2011-08-17T14:25:00,1.65,13655,United Kingdom
563566,21935,SUKI  SHOULDER BAG,10,2011-08-17T14:25:00,1.65,13655,United Kingdom
563566,21975,PACK OF 60 DINOSAUR CAKE CASES,24,2011-08-17T14:25:00,0.55,13655,United Kingdom
563566,22139,RETROSPOT TEA SET CERAMIC 11 PC,3,2011-08-17T14:25:00,4.95,13655,United Kingdom
563566,22149,FELTCRAFT 6 FLOWER FRIENDS,6,2011-08-17T14:25:00,2.1,13655,United Kingdom
563566,22188,BLACK HEART CARD HOLDER,4,2011-08-17T14:25:00,3.95,13655,United Kingdom
563566,22189,CREAM HEART CARD HOLDER,4,2011-08-17T14:25:00,3.95,13655,United Kingdom
563566,22433,WATERING CAN GREEN DINOSAUR,12,2011-08-17T14:25:00,1.95,13655,United Kingdom
563566,22608,PENS ASSORTED FUNKY JEWELED,36,2011-08-17T14:25:00,0.19,13655,United Kingdom
563566,22610,PENS ASSORTED FUNNY FACE,36,2011-08-17T14:25:00,0.19,13655,United Kingdom
563566,22624,IVORY KITCHEN SCALES,2,2011-08-17T14:25:00,8.5,13655,United Kingdom
563566,22665,RECIPE BOX BLUE SKETCHBOOK DESIGN,6,2011-08-17T14:25:00,2.95,13655,United Kingdom
563566,22726,ALARM CLOCK BAKELIKE GREEN,4,2011-08-17T14:25:00,3.75,13655,United Kingdom
563566,22727,ALARM CLOCK BAKELIKE RED,4,2011-08-17T14:25:00,3.75,13655,United Kingdom
563566,22744,MAKE YOUR OWN MONSOON CARD KIT,6,2011-08-17T14:25:00,2.95,13655,United Kingdom
563566,22750,FELTCRAFT PRINCESS LOLA DOLL,4,2011-08-17T14:25:00,3.75,13655,United Kingdom
563566,22898,CHILDRENS APRON APPLES DESIGN,8,2011-08-17T14:25:00,1.95,13655,United Kingdom
563566,22903,CALENDAR FAMILY FAVOURITES,6,2011-08-17T14:25:00,2.95,13655,United Kingdom
563566,22904,CALENDAR PAPER CUT DESIGN,6,2011-08-17T14:25:00,2.95,13655,United Kingdom
563566,23078,ICE CREAM PEN LIP GLOSS,24,2011-08-17T14:25:00,1.25,13655,United Kingdom
563566,23096,PETIT TRAY CHIC,12,2011-08-17T14:25:00,1.65,13655,United Kingdom
563566,23206,LUNCH BAG APPLE DESIGN,20,2011-08-17T14:25:00,1.65,13655,United Kingdom
563566,23209,LUNCH BAG VINTAGE DOILY,10,2011-08-17T14:25:00,1.65,13655,United Kingdom
563566,23239,SET OF 4 KNICK KNACK TINS POPPIES,6,2011-08-17T14:25:00,4.15,13655,United Kingdom
563566,23295,SET OF 12 MINI LOAF BAKING CASES,8,2011-08-17T14:25:00,0.83,13655,United Kingdom
563566,23302,KNEELING MAT HOUSEWORK  DESIGN,12,2011-08-17T14:25:00,1.65,13655,United Kingdom
563566,23333,IVORY WICKER HEART MEDIUM,12,2011-08-17T14:25:00,1.25,13655,United Kingdom
563566,23547,WRAP FLOWER SHOP,25,2011-08-17T14:25:00,0.42,13655,United Kingdom
563566,23548,WRAP MAGIC FOREST,25,2011-08-17T14:25:00,0.42,13655,United Kingdom
563566,37327,ASSTD MULTICOLOUR CIRCLES MUG,48,2011-08-17T14:25:00,0.39,13655,United Kingdom
563892,21975,PACK OF 60 DINOSAUR CAKE CASES,1,2011-08-19T17:08:00,0.55,16330,United Kingdom
563892,22367,CHILDRENS APRON SPACEBOY DESIGN,1,2011-08-19T17:08:00,1.95,16330,United Kingdom
563892,22417,PACK OF 60 SPACEBOY CAKE CASES,1,2011-08-19T17:08:00,0.55,16330,United Kingdom
563892,22895,SET OF 2 TEA TOWELS APPLE AND PEARS,1,2011-08-19T17:08:00,3.25,16330,United Kingdom
563892,22896,PEG BAG APPLES DESIGN,1,2011-08-19T17:08:00,2.55,16330,United Kingdom
563892,22897,OVEN MITT APPLES DESIGN,2,2011-08-19T17:08:00,1.45,16330,United Kingdom
563892,22900,SET 2 TEA TOWELS I LOVE LONDON,1,2011-08-19T17:08:00,3.25,16330,United Kingdom
563892,90158,ST TROPEZ NECKLACE,1,2011-08-19T17:08:00,4.95,16330,United Kingdom
563892,90205A,LARGE MINT DIAMANTE HAIRSLIDE,1,2011-08-19T17:08:00,1.65,16330,United Kingdom
563943,20685,DOORMAT RED RETROSPOT,2,2011-08-22T10:04:00,7.95,13139,United Kingdom
563943,20713,JUMBO BAG OWLS,30,2011-08-22T10:04:00,2.08,13139,United Kingdom
563943,21179,NO JUNK MAIL METAL SIGN,24,2011-08-22T10:04:00,0.39,13139,United Kingdom
563943,22386,JUMBO BAG PINK POLKADOT,20,2011-08-22T10:04:00,2.08,13139,United Kingdom
563943,23182,TOILET SIGN OCCUPIED OR VACANT,24,2011-08-22T10:04:00,0.83,13139,United Kingdom
563943,23199,JUMBO BAG APPLES,30,2011-08-22T10:04:00,2.08,13139,United Kingdom
563943,23200,JUMBO BAG PEARS,20,2011-08-22T10:04:00,2.08,13139,United Kingdom
563943,23201,JUMBO BAG ALPHABET,30,2011-08-22T10:04:00,2.08,13139,United Kingdom
563943,23293,SET OF 12 FAIRY CAKE BAKING CASES,8,2011-08-22T10:04:00,0.83,13139,United Kingdom
563943,23296,SET OF 6 TEA TIME BAKING CASES,8,2011-08-22T10:04:00,1.25,13139,United Kingdom
563943,48184,DOORMAT ENGLISH ROSE,4,2011-08-22T10:04:00,7.95,13139,United Kingdom
563943,48188,DOORMAT WELCOME PUPPIES,2,2011-08-22T10:04:00,7.95,13139,United Kingdom
563943,48194,DOORMAT HEARTS,4,2011-08-22T10:04:00,7.95,13139,United Kingdom
563943,82582,AREA PATROLLED METAL SIGN,12,2011-08-22T10:04:00,2.1,13139,United Kingdom
563943,85099B,JUMBO BAG RED RETROSPOT,30,2011-08-22T10:04:00,2.08,13139,United Kingdom
563943,85099F,JUMBO BAG STRAWBERRY,20,2011-08-22T10:04:00,2.08,13139,United Kingdom
564077,22097,SWALLOW SQUARE TISSUE BOX,3,2011-08-22T15:42:00,0.39,14711,United Kingdom
564077,22467,GUMBALL COAT RACK,2,2011-08-22T15:42:00,2.55,14711,United Kingdom
564077,22558,CLOTHES PEGS RETROSPOT PACK 24,2,2011-08-22T15:42:00,1.65,14711,United Kingdom
564077,22822,CREAM WALL PLANTER HEART SHAPED,1,2011-08-22T15:42:00,5.95,14711,United Kingdom
564077,22826,LOVE SEAT ANTIQUE WHITE METAL,1,2011-08-22T15:42:00,85,14711,United Kingdom
564077,22928,YELLOW GIANT GARDEN THERMOMETER,1,2011-08-22T15:42:00,5.95,14711,United Kingdom
564077,23168,CLASSIC CAFE SUGAR DISPENSER,2,2011-08-22T15:42:00,1.25,14711,United Kingdom
564077,23184,BULL DOG BOTTLE OPENER,2,2011-08-22T15:42:00,4.95,14711,United Kingdom
564077,23300,GARDENERS KNEELING PAD CUP OF TEA,2,2011-08-22T15:42:00,1.65,14711,United Kingdom
564077,23301,GARDENERS KNEELING PAD KEEP CALM,2,2011-08-22T15:42:00,1.65,14711,United Kingdom
564077,82484,WOOD BLACK BOARD ANT WHITE FINISH,1,2011-08-22T15:42:00,7.95,14711,United Kingdom
564077,82494L,WOODEN FRAME ANTIQUE WHITE,1,2011-08-22T15:42:00,2.95,14711,United Kingdom
564077,82551,LAUNDRY 15C METAL SIGN,2,2011-08-22T15:42:00,1.45,14711,United Kingdom
564077,84792,ENCHANTED BIRD COATHANGER 5 HOOK,2,2011-08-22T15:42:00,4.65,14711,United Kingdom
564329,21232,STRAWBERRY CERAMIC TRINKET BOX,24,2011-08-24T13:55:00,1.25,12569,Germany
564329,21843,RED RETROSPOT CAKE STAND,1,2011-08-24T13:55:00,10.95,12569,Germany
564329,23180,MUM'S KITCHEN CLOCK,4,2011-08-24T13:55:00,4.95,12569,Germany
564329,POST,POSTAGE,2,2011-08-24T13:55:00,18,12569,Germany
564496,21519,GIN & TONIC DIET GREETING CARD,12,2011-08-25T14:21:00,0.42,13050,United Kingdom
564496,21874,GIN AND TONIC MUG,12,2011-08-25T14:21:00,1.25,13050,United Kingdom
564496,22083,PAPER CHAIN KIT RETROSPOT,6,2011-08-25T14:21:00,2.95,13050,United Kingdom
564496,22151,PLACE SETTING WHITE HEART,24,2011-08-25T14:21:00,0.42,13050,United Kingdom
564496,22170,PICTURE FRAME WOOD TRIPLE PORTRAIT,4,2011-08-25T14:21:00,6.75,13050,United Kingdom
564496,22175,PINK OWL SOFT TOY,6,2011-08-25T14:21:00,2.95,13050,United Kingdom
564496,22178,VICTORIAN GLASS HANGING T-LIGHT,12,2011-08-25T14:21:00,1.25,13050,United Kingdom
564496,22423,REGENCY CAKESTAND 3 TIER,1,2011-08-25T14:21:00,12.75,13050,United Kingdom
564496,22720,SET OF 3 CAKE TINS PANTRY DESIGN,3,2011-08-25T14:21:00,4.95,13050,United Kingdom
564496,22730,ALARM CLOCK BAKELIKE IVORY,4,2011-08-25T14:21:00,3.75,13050,United Kingdom
564496,22984,CARD GINGHAM ROSE,12,2011-08-25T14:21:00,0.42,13050,United Kingdom
564496,22993,SET OF 4 PANTRY JELLY MOULDS,12,2011-08-25T14:21:00,1.25,13050,United Kingdom
564496,23076,ICE CREAM SUNDAE LIP GLOSS,24,2011-08-25T14:21:00,1.25,13050,United Kingdom
564496,23152,IVORY SWEETHEART WIRE LETTER RACK,4,2011-08-25T14:21:00,3.75,13050,United Kingdom
564496,23203,JUMBO BAG VINTAGE DOILY,10,2011-08-25T14:21:00,2.08,13050,United Kingdom
564496,23233,WRAP POPPIES  DESIGN,25,2011-08-25T14:21:00,0.42,13050,United Kingdom
564496,23245,SET OF 3 REGENCY CAKE TINS,4,2011-08-25T14:21:00,4.95,13050,United Kingdom
564496,47566,PARTY BUNTING,4,2011-08-25T14:21:00,4.95,13050,United Kingdom
564496,82494L,WOODEN FRAME ANTIQUE WHITE,6,2011-08-25T14:21:00,2.95,13050,United Kingdom
564496,84508A,CAMOUFLAGE DESIGN TEDDY,6,2011-08-25T14:21:00,2.55,13050,United Kingdom
565769,21293,MIRRORED DOVE WALL DECORATION,6,2011-09-06T14:32:00,2.1,16175,United Kingdom
565769,22283,6 EGG HOUSE PAINTED WOOD,2,2011-09-06T14:32:00,7.95,16175,United Kingdom
565769,22295,HEART FILIGREE DOVE LARGE,12,2011-09-06T14:32:00,1.65,16175,United Kingdom
565769,22296,HEART IVORY TRELLIS LARGE,12,2011-09-06T14:32:00,1.65,16175,United Kingdom
565769,22488,NATURAL SLATE RECTANGLE CHALKBOARD,12,2011-09-06T14:32:00,1.65,16175,United Kingdom
565769,22763,KEY CABINET MA CAMPAGNE,2,2011-09-06T14:32:00,9.95,16175,United Kingdom
565769,22804,CANDLEHOLDER PINK HANGING HEART,6,2011-09-06T14:32:00,2.95,16175,United Kingdom
565769,23217,LAUREL HEART ANTIQUE SILVER,12,2011-09-06T14:32:00,1.25,16175,United Kingdom
565769,23321,SMALL WHITE HEART OF WICKER,12,2011-09-06T14:32:00,1.65,16175,United Kingdom
565769,23322,LARGE WHITE HEART OF WICKER,6,2011-09-06T14:32:00,2.95,16175,United Kingdom
565769,23328,SET 6 SCHOOL MILK BOTTLES IN CRATE,4,2011-09-06T14:32:00,3.75,16175,United Kingdom
565769,23330,DECORATIVE WICKER HEART MEDIUM,24,2011-09-06T14:32:00,1.25,16175,United Kingdom
565769,23333,IVORY WICKER HEART MEDIUM,12,2011-09-06T14:32:00,1.25,16175,United Kingdom
565769,75049L,LARGE CIRCULAR MIRROR MOBILE,24,2011-09-06T14:32:00,1.25,16175,United Kingdom
565769,85123A,WHITE HANGING HEART T-LIGHT HOLDER,6,2011-09-06T14:32:00,2.95,16175,United Kingdom
565769,85131C,BEADED CRYSTAL HEART BLUE ON STICK,12,2011-09-06T14:32:00,1.25,16175,United Kingdom
565803,20713,JUMBO BAG OWLS,10,2011-09-07T10:38:00,2.08,17735,United Kingdom
565803,20725,LUNCH BAG RED RETROSPOT,10,2011-09-07T10:38:00,1.65,17735,United Kingdom
565803,20726,LUNCH BAG WOODLAND,10,2011-09-07T10:38:00,1.65,17735,United Kingdom
565803,20727,LUNCH BAG  BLACK SKULL.,20,2011-09-07T10:38:00,1.65,17735,United Kingdom
565803,21080,SET/20 RED RETROSPOT PAPER NAPKINS,12,2011-09-07T10:38:00,0.85,17735,United Kingdom
565803,21121,SET/10 RED POLKADOT PARTY CANDLES,24,2011-09-07T10:38:00,1.25,17735,United Kingdom
565803,21558,SKULL LUNCH BOX WITH CUTLERY,6,2011-09-07T10:38:00,2.55,17735,United Kingdom
565803,21559,STRAWBERRY LUNCH BOX WITH CUTLERY,6,2011-09-07T10:38:00,2.55,17735,United Kingdom
565803,21561,DINOSAUR LUNCH BOX WITH CUTLERY,6,2011-09-07T10:38:00,2.55,17735,United Kingdom
565803,21928,JUMBO BAG SCANDINAVIAN BLUE PAISLEY,10,2011-09-07T10:38:00,2.08,17735,United Kingdom
565803,21929,JUMBO BAG PINK VINTAGE PAISLEY,10,2011-09-07T10:38:00,2.08,17735,United Kingdom
565803,21930,JUMBO STORAGE BAG SKULLS,10,2011-09-07T10:38:00,2.08,17735,United Kingdom
565803,21931,JUMBO STORAGE BAG SUKI,10,2011-09-07T10:38:00,2.08,17735,United Kingdom
565803,21936,RED RETROSPOT PICNIC BAG,5,2011-09-07T10:38:00,2.95,17735,United Kingdom
565803,22326,ROUND SNACK BOXES SET OF4 WOODLAND,6,2011-09-07T10:38:00,2.95,17735,United Kingdom
565803,22327,ROUND SNACK BOXES SET OF 4 SKULLS,6,2011-09-07T10:38:00,2.95,17735,United Kingdom
565803,22328,ROUND SNACK BOXES SET OF 4 FRUITS,6,2011-09-07T10:38:00,2.95,17735,United Kingdom
565803,22329,ROUND CONTAINER SET OF 5 RETROSPOT,12,2011-09-07T10:38:00,1.65,17735,United Kingdom
565803,22352,LUNCH BOX WITH CUTLERY RETROSPOT,6,2011-09-07T10:38:00,2.55,17735,United Kingdom
565803,22379,RECYCLING BAG RETROSPOT,5,2011-09-07T10:38:00,2.1,17735,United Kingdom
565803,22380,TOY TIDY SPACEBOY,5,2011-09-07T10:38:00,2.1,17735,United Kingdom
565803,22381,TOY TIDY PINK POLKADOT,5,2011-09-07T10:38:00,2.1,17735,United Kingdom
565803,22383,LUNCH BAG SUKI DESIGN,20,2011-09-07T10:38:00,1.65,17735,United Kingdom
565803,22384,LUNCH BAG PINK POLKADOT,10,2011-09-07T10:38:00,1.65,17735,United Kingdom
565803,22385,JUMBO BAG SPACEBOY DESIGN,10,2011-09-07T10:38:00,2.08,17735,United Kingdom
565803,22386,JUMBO BAG PINK POLKADOT,10,2011-09-07T10:38:00,2.08,17735,United Kingdom
565803,22629,SPACEBOY LUNCH BOX,12,2011-09-07T10:38:00,1.95,17735,United Kingdom
565803,22630,DOLLY GIRL LUNCH BOX,12,2011-09-07T10:38:00,1.95,17735,United Kingdom
565803,22659,LUNCH BOX I LOVE LONDON,12,2011-09-07T10:38:00,1.95,17735,United Kingdom
565803,22662,LUNCH BAG DOLLY GIRL DESIGN,10,2011-09-07T10:38:00,1.65,17735,United Kingdom
565803,22663,JUMBO BAG DOLLY GIRL DESIGN,10,2011-09-07T10:38:00,2.08,17735,United Kingdom
565803,22667,RECIPE BOX RETROSPOT,6,2011-09-07T10:38:00,2.95,17735,United Kingdom
565803,22895,SET OF 2 TEA TOWELS APPLE AND PEARS,6,2011-09-07T10:38:00,3.25,17735,United Kingdom
565803,22908,PACK OF 20 NAPKINS RED APPLES,12,2011-09-07T10:38:00,0.85,17735,United Kingdom
565803,23191,BUNDLE OF 3 RETRO NOTE BOOKS,12,2011-09-07T10:38:00,1.65,17735,United Kingdom
565803,23192,BUNDLE OF 3 ALPHABET EXERCISE BOOKS,12,2011-09-07T10:38:00,1.65,17735,United Kingdom
565803,23199,JUMBO BAG APPLES,10,2011-09-07T10:38:00,2.08,17735,United Kingdom
565803,23200,JUMBO BAG PEARS,10,2011-09-07T10:38:00,2.08,17735,United Kingdom
565803,23201,JUMBO BAG ALPHABET,10,2011-09-07T10:38:00,2.08,17735,United Kingdom
565803,23202,JUMBO BAG VINTAGE LEAF,10,2011-09-07T10:38:00,2.08,17735,United Kingdom
565803,23203,JUMBO BAG VINTAGE DOILY,20,2011-09-07T10:38:00,2.08,17735,United Kingdom
565803,23209,LUNCH BAG VINTAGE DOILY,30,2011-09-07T10:38:00,1.65,17735,United Kingdom
565803,85099F,JUMBO BAG STRAWBERRY,10,2011-09-07T10:38:00,2.08,17735,United Kingdom
566234,20668,DISCO BALL CHRISTMAS DECORATION,96,2011-09-11T11:08:00,0.12,15035,United Kingdom
566234,20828,GLITTER BUTTERFLY CLIPS,10,2011-09-11T11:08:00,2.55,15035,United Kingdom
566234,21034,REX CASH+CARRY JUMBO SHOPPER,4,2011-09-11T11:08:00,0.95,15035,United Kingdom
566234,21166,COOK WITH WINE METAL SIGN,2,2011-09-11T11:08:00,2.08,15035,United Kingdom
566234,21175,GIN + TONIC DIET METAL SIGN,2,2011-09-11T11:08:00,2.55,15035,United Kingdom
566234,21181,PLEASE ONE PERSON METAL SIGN,2,2011-09-11T11:08:00,2.1,15035,United Kingdom
566234,21390,FILIGRIS HEART WITH BUTTERFLY,2,2011-09-11T11:08:00,1.25,15035,United Kingdom
566234,21430,SET/3 RED GINGHAM ROSE STORAGE BOX,1,2011-09-11T11:08:00,3.75,15035,United Kingdom
566234,21733,RED HANGING HEART T-LIGHT HOLDER,12,2011-09-11T11:08:00,2.95,15035,United Kingdom
566234,22224,WHITE LOVEBIRD LANTERN,4,2011-09-11T11:08:00,2.95,15035,United Kingdom
566234,22412,METAL SIGN NEIGHBOURHOOD WITCH,4,2011-09-11T11:08:00,2.1,15035,United Kingdom
566234,22413,METAL SIGN TAKE IT OR LEAVE IT,2,2011-09-11T11:08:00,2.95,15035,United Kingdom
566234,22557,PLASTERS IN TIN VINTAGE PAISLEY,1,2011-09-11T11:08:00,1.65,15035,United Kingdom
566234,22732,3D VINTAGE CHRISTMAS STICKERS,2,2011-09-11T11:08:00,1.25,15035,United Kingdom
566234,22738,RIBBON REEL SNOWY VILLAGE,1,2011-09-11T11:08:00,1.65,15035,United Kingdom
566234,22784,LANTERN CREAM GAZEBO,4,2011-09-11T11:08:00,4.95,15035,United Kingdom
566234,23349,ROLL WRAP VINTAGE CHRISTMAS,1,2011-09-11T11:08:00,1.25,15035,United Kingdom
566234,23353,6 GIFT TAGS VINTAGE CHRISTMAS,1,2011-09-11T11:08:00,0.83,15035,United Kingdom
566234,71053,WHITE METAL LANTERN,1,2011-09-11T11:08:00,3.75,15035,United Kingdom
566234,71053,WHITE METAL LANTERN,3,2011-09-11T11:08:00,3.75,15035,United Kingdom
566234,72817,SET OF 2 CHRISTMAS DECOUPAGE CANDLE,12,2011-09-11T11:08:00,1.25,15035,United Kingdom
566234,72818,CHRISTMAS DECOUPAGE CANDLE,12,2011-09-11T11:08:00,0.85,15035,United Kingdom
566234,82600,NO SINGING METAL SIGN,2,2011-09-11T11:08:00,2.1,15035,United Kingdom
566234,85123A,WHITE HANGING HEART T-LIGHT HOLDER,12,2011-09-11T11:08:00,2.95,15035,United Kingdom
566234,85150,LADIES & GENTLEMEN METAL SIGN,2,2011-09-11T11:08:00,2.55,15035,United Kingdom
566234,85152,HAND OVER THE CHOCOLATE   SIGN,2,2011-09-11T11:08:00,2.1,15035,United Kingdom
566234,85230B,CINNAMON SCENTED VOTIVE CANDLE,48,2011-09-11T11:08:00,0.29,15035,United Kingdom
566235,21181,PLEASE ONE PERSON METAL SIGN,12,2011-09-11T11:17:00,2.1,15636,United Kingdom
566235,22791,T-LIGHT GLASS FLUTED ANTIQUE,12,2011-09-11T11:17:00,1.25,15636,United Kingdom
566235,22792,FLUTED ANTIQUE CANDLE HOLDER,24,2011-09-11T11:17:00,0.85,15636,United Kingdom
566235,22831,WHITE BROCANTE SOAP DISH,6,2011-09-11T11:17:00,2.95,15636,United Kingdom
566235,23110,PARISIENNE KEY CABINET,2,2011-09-11T11:17:00,5.75,15636,United Kingdom
566235,23138,SINGLE WIRE HOOK IVORY HEART,12,2011-09-11T11:17:00,1.45,15636,United Kingdom
566235,23147,SINGLE ANTIQUE ROSE HOOK IVORY,12,2011-09-11T11:17:00,1.45,15636,United Kingdom
566235,23394,POSTE FRANCE CUSHION COVER,4,2011-09-11T11:17:00,3.75,15636,United Kingdom
566235,23418,LAVENDER TOILETTE BOTTLE,12,2011-09-11T11:17:00,2.08,15636,United Kingdom
566235,82482,WOODEN PICTURE FRAME WHITE FINISH,12,2011-09-11T11:17:00,2.95,15636,United Kingdom
566235,82484,WOOD BLACK BOARD ANT WHITE FINISH,4,2011-09-11T11:17:00,7.95,15636,United Kingdom
566235,82494L,WOODEN FRAME ANTIQUE WHITE,12,2011-09-11T11:17:00,2.95,15636,United Kingdom
566235,82552,WASHROOM METAL SIGN,12,2011-09-11T11:17:00,1.45,15636,United Kingdom
566235,82583,HOT BATHS METAL SIGN,24,2011-09-11T11:17:00,2.1,15636,United Kingdom
566235,84946,ANTIQUE SILVER T-LIGHT GLASS,12,2011-09-11T11:17:00,1.25,15636,United Kingdom
566235,84947,ANTIQUE SILVER TEA GLASS ENGRAVED,12,2011-09-11T11:17:00,1.25,15636,United Kingdom
566235,85123A,WHITE HANGING HEART T-LIGHT HOLDER,18,2011-09-11T11:17:00,2.95,15636,United Kingdom
566247,22720,SET OF 3 CAKE TINS PANTRY DESIGN,32,2011-09-11T12:03:00,4.25,16107,United Kingdom
566247,47566,PARTY BUNTING,20,2011-09-11T12:03:00,4.95,16107,United Kingdom
566247,85123A,WHITE HANGING HEART T-LIGHT HOLDER,32,2011-09-11T12:03:00,2.55,16107,United Kingdom
566396,21918,SET 12 KIDS COLOUR  CHALK STICKS,24,2011-09-12T12:51:00,0.42,14292,United Kingdom
566396,22197,POPCORN HOLDER,12,2011-09-12T12:51:00,0.85,14292,United Kingdom
566396,22423,REGENCY CAKESTAND 3 TIER,6,2011-09-12T12:51:00,12.75,14292,United Kingdom
566396,22697,GREEN REGENCY TEACUP AND SAUCER,24,2011-09-12T12:51:00,2.55,14292,United Kingdom
566396,22698,PINK REGENCY TEACUP AND SAUCER,12,2011-09-12T12:51:00,2.95,14292,United Kingdom
566396,22699,ROSES REGENCY TEACUP AND SAUCER,24,2011-09-12T12:51:00,2.55,14292,United Kingdom
566396,22994,TRAVEL CARD WALLET RETROSPOT,24,2011-09-12T12:51:00,0.42,14292,United Kingdom
566396,22998,TRAVEL CARD WALLET KEEP CALM,24,2011-09-12T12:51:00,0.42,14292,United Kingdom
566396,22999,TRAVEL CARD WALLET VINTAGE LEAF,24,2011-09-12T12:51:00,0.42,14292,United Kingdom
566396,23000,TRAVEL CARD WALLET TRANSPORT,24,2011-09-12T12:51:00,0.42,14292,United Kingdom
566396,23161,REGENCY CAKE FORK,12,2011-09-12T12:51:00,1.25,14292,United Kingdom
566396,23173,REGENCY TEAPOT ROSES,12,2011-09-12T12:51:00,8.15,14292,United Kingdom
566396,23174,REGENCY SUGAR BOWL GREEN,12,2011-09-12T12:51:00,4.15,14292,United Kingdom
566396,23175,REGENCY MILK JUG PINK,12,2011-09-12T12:51:00,3.25,14292,United Kingdom
566396,23245,SET OF 3 REGENCY CAKE TINS,4,2011-09-12T12:51:00,4.95,14292,United Kingdom
566396,23336,EGG FRYING PAN PINK,6,2011-09-12T12:51:00,2.08,14292,United Kingdom
566396,23338,EGG FRYING PAN RED,6,2011-09-12T12:51:00,2.08,14292,United Kingdom
566396,23339,EGG FRYING PAN BLUE,6,2011-09-12T12:51:00,2.08,14292,United Kingdom
566453,21179,NO JUNK MAIL METAL SIGN,25,2011-09-12T16:23:00,0.39,17811,United Kingdom
566453,21988,PACK OF 6 SKULL PAPER PLATES,11,2011-09-12T16:23:00,0.85,17811,United Kingdom
566453,22427,ENAMEL FLOWER JUG CREAM,12,2011-09-12T16:23:00,5.45,17811,United Kingdom
566564,17012A,ORIGAMI VANILLA INCENSE/CANDLE SET,5,2011-09-13T12:26:00,0.85,15522,United Kingdom
566564,17012B,ORIGAMI JASMINE INCENSE/CANDLE SET,4,2011-09-13T12:26:00,0.85,15522,United Kingdom
566564,17012C,ORIGAMI LAVENDER INCENSE/CANDL SET,8,2011-09-13T12:26:00,0.85,15522,United Kingdom
566564,17012D,ORIGAMI ROSE INCENSE/CANDLE SET,1,2011-09-13T12:26:00,0.85,15522,United Kingdom
566564,17012F,ORIGAMI SANDLEWOOD INCENSE/CAND SET,6,2011-09-13T12:26:00,0.85,15522,United Kingdom
566564,20723,STRAWBERRY CHARLOTTE BAG,2,2011-09-13T12:26:00,0.85,15522,United Kingdom
566564,20724,RED RETROSPOT CHARLOTTE BAG,1,2011-09-13T12:26:00,0.85,15522,United Kingdom
566564,20724,RED RETROSPOT CHARLOTTE BAG,1,2011-09-13T12:26:00,0.85,15522,United Kingdom
566564,20726,LUNCH BAG WOODLAND,2,2011-09-13T12:26:00,1.65,15522,United Kingdom
566564,21774,DECORATIVE CATS BATHROOM BOTTLE,12,2011-09-13T12:26:00,1.25,15522,United Kingdom
566564,22382,LUNCH BAG SPACEBOY DESIGN,2,2011-09-13T12:26:00,1.65,15522,United Kingdom
566564,22383,LUNCH BAG SUKI DESIGN,2,2011-09-13T12:26:00,1.65,15522,United Kingdom
566564,22616,PACK OF 12 LONDON TISSUES,24,2011-09-13T12:26:00,0.39,15522,United Kingdom
566564,22629,SPACEBOY LUNCH BOX,1,2011-09-13T12:26:00,1.95,15522,United Kingdom
566564,22630,DOLLY GIRL LUNCH BOX,1,2011-09-13T12:26:00,1.95,15522,United Kingdom
566564,22631,CIRCUS PARADE LUNCH BOX,1,2011-09-13T12:26:00,1.95,15522,United Kingdom
566564,22659,LUNCH BOX I LOVE LONDON,4,2011-09-13T12:26:00,1.95,15522,United Kingdom
566564,22661,CHARLOTTE BAG DOLLY GIRL DESIGN,2,2011-09-13T12:26:00,0.85,15522,United Kingdom
566564,22670,FRENCH WC SIGN BLUE METAL,24,2011-09-13T12:26:00,1.25,15522,United Kingdom
566564,22970,LONDON BUS COFFEE MUG,6,2011-09-13T12:26:00,2.55,15522,United Kingdom
566564,22971,QUEENS GUARD COFFEE MUG,6,2011-09-13T12:26:00,2.55,15522,United Kingdom
566564,22994,TRAVEL CARD WALLET RETROSPOT,6,2011-09-13T12:26:00,0.42,15522,United Kingdom
566564,22995,TRAVEL CARD WALLET SUKI,6,2011-09-13T12:26:00,0.42,15522,United Kingdom
566564,22996,TRAVEL CARD WALLET VINTAGE TICKET,6,2011-09-13T12:26:00,0.42,15522,United Kingdom
566564,22997,TRAVEL CARD WALLET UNION JACK,7,2011-09-13T12:26:00,0.42,15522,United Kingdom
566564,22998,TRAVEL CARD WALLET KEEP CALM,6,2011-09-13T12:26:00,0.42,15522,United Kingdom
566564,22999,TRAVEL CARD WALLET VINTAGE LEAF,6,2011-09-13T12:26:00,0.42,15522,United Kingdom
566564,23000,TRAVEL CARD WALLET TRANSPORT,24,2011-09-13T12:26:00,0.42,15522,United Kingdom
566564,23002,TRAVEL CARD WALLET SKULLS,6,2011-09-13T12:26:00,0.42,15522,United Kingdom
566564,23004,TRAVEL CARD WALLET PANTRY,6,2011-09-13T12:26:00,0.42,15522,United Kingdom
566564,23005,TRAVEL CARD WALLET I LOVE LONDON,24,2011-09-13T12:26:00,0.42,15522,United Kingdom
566564,23006,TRAVEL CARD WALLET FLOWER MEADOW,6,2011-09-13T12:26:00,0.42,15522,United Kingdom
566564,23147,SINGLE ANTIQUE ROSE HOOK IVORY,6,2011-09-13T12:26:00,1.45,15522,United Kingdom
566564,23182,TOILET SIGN OCCUPIED OR VACANT,24,2011-09-13T12:26:00,0.83,15522,United Kingdom
566564,23205,CHARLOTTE BAG VINTAGE ALPHABET,3,2011-09-13T12:26:00,0.85,15522,United Kingdom
566564,23206,LUNCH BAG APPLE DESIGN,3,2011-09-13T12:26:00,1.65,15522,United Kingdom
566564,23208,LUNCH BAG VINTAGE LEAF DESIGN,6,2011-09-13T12:26:00,1.65,15522,United Kingdom
566564,23209,LUNCH BAG VINTAGE DOILY,3,2011-09-13T12:26:00,1.65,15522,United Kingdom
566564,23232,WRAP VINTAGE LEAF DESIGN,25,2011-09-13T12:26:00,0.42,15522,United Kingdom
566564,23380,PACK OF 12 VINTAGE DOILY TISSUES,12,2011-09-13T12:26:00,0.39,15522,United Kingdom
566564,23551,PACK OF 12 PAISLEY PARK TISSUES,12,2011-09-13T12:26:00,0.39,15522,United Kingdom
566564,85123A,WHITE HANGING HEART T-LIGHT HOLDER,4,2011-09-13T12:26:00,2.95,15522,United Kingdom
566728,20838,FRENCH LATTICE CUSHION COVER,12,2011-09-14T13:15:00,0.85,15841,United Kingdom
566728,20839,FRENCH PAISLEY CUSHION COVER,12,2011-09-14T13:15:00,0.85,15841,United Kingdom
566728,20840,FRENCH FLORAL CUSHION COVER,12,2011-09-14T13:15:00,0.85,15841,United Kingdom
566728,21166,COOK WITH WINE METAL SIGN,24,2011-09-14T13:15:00,2.08,15841,United Kingdom
566728,21530,DAIRY MAID TOASTRACK,36,2011-09-14T13:15:00,0.79,15841,United Kingdom
566728,21915,RED  HARMONICA IN BOX,12,2011-09-14T13:15:00,1.25,15841,United Kingdom
566728,21925,UNION STRIPE CUSHION COVER,12,2011-09-14T13:15:00,1.25,15841,United Kingdom
566728,21927,BLUE/CREAM STRIPE CUSHION COVER,12,2011-09-14T13:15:00,1.25,15841,United Kingdom
566728,22676,FRENCH BLUE METAL DOOR SIGN 1,20,2011-09-14T13:15:00,1.25,15841,United Kingdom
566728,22677,FRENCH BLUE METAL DOOR SIGN 2,20,2011-09-14T13:15:00,1.25,15841,United Kingdom
566728,22678,FRENCH BLUE METAL DOOR SIGN 3,20,2011-09-14T13:15:00,1.25,15841,United Kingdom
566728,23187,FRENCH STYLE STORAGE JAR BONBONS,48,2011-09-14T13:15:00,0.29,15841,United Kingdom
566728,71101E,STANDING FAIRY POLE SUPPORT,48,2011-09-14T13:15:00,0.72,15841,United Kingdom
566728,85015,SET OF 12  VINTAGE POSTCARD SET,24,2011-09-14T13:15:00,0.65,15841,United Kingdom
566728,85111,SILVER GLITTER FLOWER VOTIVE HOLDER,36,2011-09-14T13:15:00,0.29,15841,United Kingdom
566848,85123A,WHITE HANGING HEART T-LIGHT HOLDER,128,2011-09-15T12:02:00,2.55,18172,United Kingdom
566891,21485,RETROSPOT HEART HOT WATER BOTTLE,9,2011-09-15T13:51:00,4.95,14894,United Kingdom
566891,21787,RAIN PONCHO RETROSPOT,48,2011-09-15T13:51:00,0.85,14894,United Kingdom
566891,22077,6 RIBBONS RUSTIC CHARM,12,2011-09-15T13:51:00,1.95,14894,United Kingdom
566891,22086,PAPER CHAIN KIT 50'S CHRISTMAS,6,2011-09-15T13:51:00,2.95,14894,United Kingdom
566891,22113,GREY HEART HOT WATER BOTTLE,16,2011-09-15T13:51:00,4.25,14894,United Kingdom
566891,22632,HAND WARMER RED RETROSPOT,12,2011-09-15T13:51:00,2.1,14894,United Kingdom
566891,22734,SET OF 6 RIBBONS VINTAGE CHRISTMAS,12,2011-09-15T13:51:00,2.89,14894,United Kingdom
566891,22910,PAPER CHAIN KIT VINTAGE CHRISTMAS,6,2011-09-15T13:51:00,2.95,14894,United Kingdom
566891,23012,GLASS APOTHECARY BOTTLE PERFUME,4,2011-09-15T13:51:00,3.95,14894,United Kingdom
566891,23013,GLASS APOTHECARY BOTTLE TONIC,4,2011-09-15T13:51:00,3.95,14894,United Kingdom
566891,23014,GLASS APOTHECARY BOTTLE ELIXIR,4,2011-09-15T13:51:00,3.95,14894,United Kingdom
566891,23212,HEART WREATH DECORATION WITH BELL,12,2011-09-15T13:51:00,1.25,14894,United Kingdom
566891,23213,STAR WREATH DECORATION WITH BELL,12,2011-09-15T13:51:00,1.25,14894,United Kingdom
566891,23293,SET OF 12 FAIRY CAKE BAKING CASES,8,2011-09-15T13:51:00,0.83,14894,United Kingdom
566891,23328,SET 6 SCHOOL MILK BOTTLES IN CRATE,4,2011-09-15T13:51:00,3.75,14894,United Kingdom
566891,23353,6 GIFT TAGS VINTAGE CHRISTMAS,12,2011-09-15T13:51:00,0.83,14894,United Kingdom
566891,23355,HOT WATER BOTTLE KEEP CALM,16,2011-09-15T13:51:00,4.95,14894,United Kingdom
566891,23356,LOVE HOT WATER BOTTLE,12,2011-09-15T13:51:00,5.95,14894,United Kingdom
566891,23418,LAVENDER TOILETTE BOTTLE,12,2011-09-15T13:51:00,2.08,14894,United Kingdom
566891,23419,HOME SWEET HOME BOTTLE,12,2011-09-15T13:51:00,2.08,14894,United Kingdom
566891,23439,HAND WARMER RED LOVE HEART,12,2011-09-15T13:51:00,2.1,14894,United Kingdom
566891,84029E,RED WOOLLY HOTTIE WHITE HEART.,8,2011-09-15T13:51:00,4.25,14894,United Kingdom
566891,85049A,TRADITIONAL CHRISTMAS RIBBONS,12,2011-09-15T13:51:00,1.25,14894,United Kingdom
567610,16161P,WRAP ENGLISH ROSE,25,2011-09-21T11:30:00,0.42,17511,United Kingdom
567610,20727,LUNCH BAG  BLACK SKULL.,100,2011-09-21T11:30:00,1.45,17511,United Kingdom
567610,20750,RED RETROSPOT MINI CASES,12,2011-09-21T11:30:00,6.35,17511,United Kingdom
567610,21080,SET/20 RED RETROSPOT PAPER NAPKINS,96,2011-09-21T11:30:00,0.72,17511,United Kingdom
567610,21166,COOK WITH WINE METAL SIGN,48,2011-09-21T11:30:00,1.85,17511,United Kingdom
567610,21212,PACK OF 72 RETROSPOT CAKE CASES,120,2011-09-21T11:30:00,0.42,17511,United Kingdom
567610,21484,CHICK GREY HOT WATER BOTTLE,36,2011-09-21T11:30:00,3.75,17511,United Kingdom
567610,21498,RED RETROSPOT WRAP,25,2011-09-21T11:30:00,0.42,17511,United Kingdom
567610,21500,PINK POLKADOT WRAP,25,2011-09-21T11:30:00,0.42,17511,United Kingdom
567610,21930,JUMBO STORAGE BAG SKULLS,100,2011-09-21T11:30:00,1.79,17511,United Kingdom
567610,21975,PACK OF 60 DINOSAUR CAKE CASES,120,2011-09-21T11:30:00,0.42,17511,United Kingdom
567610,21977,PACK OF 60 PINK PAISLEY CAKE CASES,120,2011-09-21T11:30:00,0.42,17511,United Kingdom
567610,22170,PICTURE FRAME WOOD TRIPLE PORTRAIT,24,2011-09-21T11:30:00,5.95,17511,United Kingdom
567610,22197,POPCORN HOLDER,100,2011-09-21T11:30:00,0.72,17511,United Kingdom
567610,22411,JUMBO SHOPPER VINTAGE RED PAISLEY,100,2011-09-21T11:30:00,1.79,17511,United Kingdom
567610,22582,PACK OF 6 SWEETIE GIFT BOXES,144,2011-09-21T11:30:00,2.1,17511,United Kingdom
567610,22584,PACK OF 6 PANNETONE GIFT BOXES,144,2011-09-21T11:30:00,2.1,17511,United Kingdom
567610,22813,PACK 3 BOXES BIRD PANNETONE,96,2011-09-21T11:30:00,1.65,17511,United Kingdom
567610,22907,PACK OF 20 NAPKINS PANTRY DESIGN,96,2011-09-21T11:30:00,0.72,17511,United Kingdom
567610,22966,GINGERBREAD MAN COOKIE CUTTER,144,2011-09-21T11:30:00,1.06,17511,United Kingdom
567610,23080,RED METAL BOX TOP SECRET,16,2011-09-21T11:30:00,7.5,17511,United Kingdom
567610,23176,ABC TREASURE BOOK BOX,8,2011-09-21T11:30:00,2.25,17511,United Kingdom
567610,23177,TREASURE ISLAND BOOK BOX,8,2011-09-21T11:30:00,2.25,17511,United Kingdom
567610,23196,VINTAGE LEAF MAGNETIC NOTEPAD,48,2011-09-21T11:30:00,1.25,17511,United Kingdom
567610,23202,JUMBO BAG VINTAGE LEAF,100,2011-09-21T11:30:00,1.79,17511,United Kingdom
567610,23203,JUMBO BAG VINTAGE DOILY,100,2011-09-21T11:30:00,1.79,17511,United Kingdom
567610,23236,STORAGE TIN VINTAGE DOILY,48,2011-09-21T11:30:00,2.49,17511,United Kingdom
567610,23241,TREASURE TIN GYMKHANA DESIGN,48,2011-09-21T11:30:00,1.85,17511,United Kingdom
567610,23242,TREASURE TIN BUFFALO BILL,48,2011-09-21T11:30:00,1.85,17511,United Kingdom
567610,23243,SET OF TEA COFFEE SUGAR TINS PANTRY,24,2011-09-21T11:30:00,4.15,17511,United Kingdom
567610,23253,16 PIECE CUTLERY SET PANTRY DESIGN,24,2011-09-21T11:30:00,12.5,17511,United Kingdom
567610,23301,GARDENERS KNEELING PAD KEEP CALM,48,2011-09-21T11:30:00,1.45,17511,United Kingdom
567610,23328,SET 6 SCHOOL MILK BOTTLES IN CRATE,24,2011-09-21T11:30:00,3.39,17511,United Kingdom
567610,23389,SPACEBOY MINI BACKPACK,12,2011-09-21T11:30:00,4.15,17511,United Kingdom
567610,23391,I LOVE LONDON MINI BACKPACK,12,2011-09-21T11:30:00,4.15,17511,United Kingdom
567610,23411,TRELLIS COAT RACK,48,2011-09-21T11:30:00,4.15,17511,United Kingdom
567610,23412,HEART MIRROR ANTIQUE WHITE,16,2011-09-21T11:30:00,6.65,17511,United Kingdom
567610,23414,ZINC BOX SIGN HOME,12,2011-09-21T11:30:00,8.49,17511,United Kingdom
567610,23433,HANGING QUILTED PATCHWORK APPLES,48,2011-09-21T11:30:00,0.83,17511,United Kingdom
567610,23547,WRAP FLOWER SHOP,25,2011-09-21T11:30:00,0.42,17511,United Kingdom
567610,84991,60 TEATIME FAIRY CAKE CASES,120,2011-09-21T11:30:00,0.42,17511,United Kingdom
567610,85099B,JUMBO BAG RED RETROSPOT,100,2011-09-21T11:30:00,1.79,17511,United Kingdom
567623,21210,SET OF 72 RETROSPOT PAPER  DOILIES,12,2011-09-21T12:50:00,1.45,17415,United Kingdom
567623,21974,SET OF 36 PAISLEY FLOWER DOILIES,12,2011-09-21T12:50:00,1.45,17415,United Kingdom
567623,22826,LOVE SEAT ANTIQUE WHITE METAL,2,2011-09-21T12:50:00,85,17415,United Kingdom
567623,22846,BREAD BIN DINER STYLE RED,4,2011-09-21T12:50:00,14.95,17415,United Kingdom
567623,22847,BREAD BIN DINER STYLE IVORY,4,2011-09-21T12:50:00,14.95,17415,United Kingdom
567623,22950,36 DOILIES VINTAGE CHRISTMAS,12,2011-09-21T12:50:00,1.45,17415,United Kingdom
567623,22961,JAM MAKING SET PRINTED,24,2011-09-21T12:50:00,1.45,17415,United Kingdom
567623,23064,CINDERELLA CHANDELIER,1,2011-09-21T12:50:00,49.95,17415,United Kingdom
567623,23293,SET OF 12 FAIRY CAKE BAKING CASES,8,2011-09-21T12:50:00,0.83,17415,United Kingdom
567623,23296,SET OF 6 TEA TIME BAKING CASES,8,2011-09-21T12:50:00,1.25,17415,United Kingdom
567623,23306,SET OF 36 DOILIES PANTRY DESIGN,12,2011-09-21T12:50:00,1.45,17415,United Kingdom
567623,23407,SET OF 2 TRAYS HOME SWEET HOME,2,2011-09-21T12:50:00,9.95,17415,United Kingdom
567623,23414,ZINC BOX SIGN HOME,1,2011-09-21T12:50:00,9.95,17415,United Kingdom
567623,84987,SET OF 36 TEATIME PAPER DOILIES,12,2011-09-21T12:50:00,1.45,17415,United Kingdom
567802,22029,SPACEBOY BIRTHDAY CARD,12,2011-09-22T12:06:00,0.42,14299,United Kingdom
567802,22153,ANGEL DECORATION STARS ON DRESS,48,2011-09-22T12:06:00,0.42,14299,United Kingdom
567802,22155,STAR DECORATION RUSTIC,48,2011-09-22T12:06:00,0.42,14299,United Kingdom
567802,22186,RED STAR CARD HOLDER,6,2011-09-22T12:06:00,2.95,14299,United Kingdom
567802,22195,LARGE HEART MEASURING SPOONS,12,2011-09-22T12:06:00,1.65,14299,United Kingdom
567802,22197,POPCORN HOLDER,12,2011-09-22T12:06:00,0.85,14299,United Kingdom
567802,22591,CARDHOLDER GINGHAM CHRISTMAS TREE,6,2011-09-22T12:06:00,3.25,14299,United Kingdom
567802,22606,WOODEN SKITTLES GARDEN SET,2,2011-09-22T12:06:00,15.95,14299,United Kingdom
567802,22904,CALENDAR PAPER CUT DESIGN,6,2011-09-22T12:06:00,2.95,14299,United Kingdom
567802,22924,FRIDGE MAGNETS LA VIE EN ROSE,12,2011-09-22T12:06:00,0.85,14299,United Kingdom
567802,22960,JAM MAKING SET WITH JARS,6,2011-09-22T12:06:00,4.25,14299,United Kingdom
567802,22969,HOMEMADE JAM SCENTED CANDLES,12,2011-09-22T12:06:00,1.45,14299,United Kingdom
567802,23083,SET 6 PAPER TABLE LANTERN STARS,6,2011-09-22T12:06:00,3.75,14299,United Kingdom
567802,23110,PARISIENNE KEY CABINET,2,2011-09-22T12:06:00,5.75,14299,United Kingdom
567802,23111,PARISIENNE SEWING BOX,1,2011-09-22T12:06:00,12.5,14299,United Kingdom
567802,23113,PANTRY CHOPPING BOARD,3,2011-09-22T12:06:00,4.95,14299,United Kingdom
567802,23181,BULL DOG BOTTLE TOP WALL CLOCK,2,2011-09-22T12:06:00,8.25,14299,United Kingdom
567802,23215,JINGLE BELL HEART ANTIQUE SILVER,12,2011-09-22T12:06:00,2.08,14299,United Kingdom
567802,23243,SET OF TEA COFFEE SUGAR TINS PANTRY,4,2011-09-22T12:06:00,4.95,14299,United Kingdom
567802,23293,SET OF 12 FAIRY CAKE BAKING CASES,8,2011-09-22T12:06:00,0.83,14299,United Kingdom
567802,84378,SET OF 3 HEART COOKIE CUTTERS,12,2011-09-22T12:06:00,1.45,14299,United Kingdom
567802,84380,SET OF 3 BUTTERFLY COOKIE CUTTERS,12,2011-09-22T12:06:00,1.45,14299,United Kingdom
567802,84879,ASSORTED COLOUR BIRD ORNAMENT,16,2011-09-22T12:06:00,1.69,14299,United Kingdom
567926,84877D,found,1,2011-09-22T17:27:00,0,,United Kingdom
568050,16235,RECYCLED PENCIL WITH RABBIT ERASER,4,2011-09-23T12:38:00,0.21,15901,United Kingdom
568050,20677,PINK POLKADOT BOWL,4,2011-09-23T12:38:00,1.25,15901,United Kingdom
568050,20974,12 PENCILS SMALL TUBE SKULL,7,2011-09-23T12:38:00,0.65,15901,United Kingdom
568050,20984,12 PENCILS TALL TUBE POSY,5,2011-09-23T12:38:00,0.29,15901,United Kingdom
568050,20996,JAZZ HEARTS ADDRESS BOOK,9,2011-09-23T12:38:00,0.19,15901,United Kingdom
568050,21239,PINK  POLKADOT CUP,4,2011-09-23T12:38:00,0.85,15901,United Kingdom
568050,21243,PINK  POLKADOT PLATE,4,2011-09-23T12:38:00,1.69,15901,United Kingdom
568050,21365,MIRRORED WALL ART STARS,3,2011-09-23T12:38:00,0.75,15901,United Kingdom
568050,21524,DOORMAT SPOTTY HOME SWEET HOME,1,2011-09-23T12:38:00,8.25,15901,United Kingdom
568050,21559,STRAWBERRY LUNCH BOX WITH CUTLERY,1,2011-09-23T12:38:00,2.55,15901,United Kingdom
568050,21592,RETROSPOT CIGAR BOX MATCHES,1,2011-09-23T12:38:00,1.25,15901,United Kingdom
568050,21650,ASSORTED TUTTI FRUTTI BRACELET,10,2011-09-23T12:38:00,0.19,15901,United Kingdom
568050,21730,GLASS STAR FROSTED T-LIGHT HOLDER,1,2011-09-23T12:38:00,4.95,15901,United Kingdom
568050,21739,COSY SLIPPER SHOES SMALL GREEN,1,2011-09-23T12:38:00,2.95,15901,United Kingdom
568050,21914,BLUE HARMONICA IN BOX,6,2011-09-23T12:38:00,1.25,15901,United Kingdom
568050,21915,RED  HARMONICA IN BOX,6,2011-09-23T12:38:00,1.25,15901,United Kingdom
568050,22096,PINK PAISLEY SQUARE TISSUE BOX,2,2011-09-23T12:38:00,0.39,15901,United Kingdom
568050,22097,SWALLOW SQUARE TISSUE BOX,1,2011-09-23T12:38:00,0.39,15901,United Kingdom
568050,22098,BOUDOIR SQUARE TISSUE BOX,3,2011-09-23T12:38:00,0.39,15901,United Kingdom
568050,22197,POPCORN HOLDER,2,2011-09-23T12:38:00,0.85,15901,United Kingdom
568050,22208,WOOD STAMP SET THANK YOU,3,2011-09-23T12:38:00,0.83,15901,United Kingdom
568050,22210,WOOD STAMP SET BEST WISHES,3,2011-09-23T12:38:00,0.83,15901,United Kingdom
568050,22331,WOODLAND PARTY BAG + STICKER SET,1,2011-09-23T12:38:00,1.65,15901,United Kingdom
568050,22332,SKULLS PARTY BAG + STICKER SET,1,2011-09-23T12:38:00,1.65,15901,United Kingdom
568050,22352,LUNCH BOX WITH CUTLERY RETROSPOT,1,2011-09-23T12:38:00,2.55,15901,United Kingdom
568050,22361,GLASS JAR DAISY FRESH COTTON WOOL,1,2011-09-23T12:38:00,2.95,15901,United Kingdom
568050,22530,MAGIC DRAWING SLATE DOLLY GIRL,4,2011-09-23T12:38:00,0.42,15901,United Kingdom
568050,22531,MAGIC DRAWING SLATE CIRCUS PARADE,6,2011-09-23T12:38:00,0.42,15901,United Kingdom
568050,22630,DOLLY GIRL LUNCH BOX,1,2011-09-23T12:38:00,1.95,15901,United Kingdom
568050,22638,SET OF 4 NAPKIN CHARMS CROWNS,3,2011-09-23T12:38:00,2.55,15901,United Kingdom
568050,22652,TRAVEL SEWING KIT,1,2011-09-23T12:38:00,1.65,15901,United Kingdom
568050,22961,JAM MAKING SET PRINTED,1,2011-09-23T12:38:00,1.45,15901,United Kingdom
568050,22979,PANTRY WASHING UP BRUSH,2,2011-09-23T12:38:00,1.45,15901,United Kingdom
568050,23192,BUNDLE OF 3 ALPHABET EXERCISE BOOKS,1,2011-09-23T12:38:00,1.65,15901,United Kingdom
568050,23196,VINTAGE LEAF MAGNETIC NOTEPAD,1,2011-09-23T12:38:00,1.45,15901,United Kingdom
568050,23198,PANTRY MAGNETIC  SHOPPING LIST,3,2011-09-23T12:38:00,1.45,15901,United Kingdom
568050,23256,CHILDRENS CUTLERY SPACEBOY,1,2011-09-23T12:38:00,4.15,15901,United Kingdom
568050,23307,SET OF 60 PANTRY DESIGN CAKE CASES,1,2011-09-23T12:38:00,0.55,15901,United Kingdom
568050,84997D,CHILDRENS CUTLERY POLKADOT PINK,1,2011-09-23T12:38:00,4.15,15901,United Kingdom
568050,84997D,CHILDRENS CUTLERY POLKADOT PINK,1,2011-09-23T12:38:00,4.15,15901,United Kingdom
568050,M,Manual,1,2011-09-23T12:38:00,1.5,15901,United Kingdom
568050,M,Manual,6,2011-09-23T12:38:00,0.08,15901,United Kingdom
568652,21770,OPEN CLOSED METAL SIGN,12,2011-09-28T12:15:00,4.95,15841,United Kingdom
568652,21810,CHRISTMAS HANGING STAR WITH BELL,48,2011-09-28T12:15:00,0.39,15841,United Kingdom
568652,21811,HANGING HEART WITH BELL,48,2011-09-28T12:15:00,0.39,15841,United Kingdom
568652,21925,UNION STRIPE CUSHION COVER,12,2011-09-28T12:15:00,1.25,15841,United Kingdom
568652,21926,RED/CREAM STRIPE CUSHION COVER,12,2011-09-28T12:15:00,1.25,15841,United Kingdom
568652,22792,FLUTED ANTIQUE CANDLE HOLDER,24,2011-09-28T12:15:00,0.85,15841,United Kingdom
568652,71477,COLOUR GLASS. STAR T-LIGHT HOLDER,24,2011-09-28T12:15:00,3.29,15841,United Kingdom
568652,85053,FRENCH ENAMEL CANDLEHOLDER,48,2011-09-28T12:15:00,1.69,15841,United Kingdom
568951,21465,PINK FLOWER CROCHET FOOD COVER,6,2011-09-29T15:26:00,3.75,17724,United Kingdom
568951,21469,POLKA DOT RAFFIA FOOD COVER,6,2011-09-29T15:26:00,3.75,17724,United Kingdom
568951,21481,FAWN BLUE HOT WATER BOTTLE,4,2011-09-29T15:26:00,3.75,17724,United Kingdom
568951,21485,RETROSPOT HEART HOT WATER BOTTLE,6,2011-09-29T15:26:00,4.95,17724,United Kingdom
568951,21775,DECORATIVE FLORE BATHROOM BOTTLE,12,2011-09-29T15:26:00,1.25,17724,United Kingdom
568951,22361,GLASS JAR DAISY FRESH COTTON WOOL,6,2011-09-29T15:26:00,2.95,17724,United Kingdom
568951,22423,REGENCY CAKESTAND 3 TIER,2,2011-09-29T15:26:00,12.75,17724,United Kingdom
568951,22427,ENAMEL FLOWER JUG CREAM,6,2011-09-29T15:26:00,5.95,17724,United Kingdom
568951,22432,WATERING CAN PINK BUNNY,6,2011-09-29T15:26:00,1.95,17724,United Kingdom
568951,22794,SWEETHEART WIRE MAGAZINE RACK,2,2011-09-29T15:26:00,7.95,17724,United Kingdom
568951,23180,MUM'S KITCHEN CLOCK,4,2011-09-29T15:26:00,4.95,17724,United Kingdom
568951,23341,PINK DINER WALL CLOCK,4,2011-09-29T15:26:00,8.5,17724,United Kingdom
568951,23342,MINT DINER WALL CLOCK,4,2011-09-29T15:26:00,8.5,17724,United Kingdom
568951,71279,PINK GLASS CANDLEHOLDER,6,2011-09-29T15:26:00,2.95,17724,United Kingdom
568951,72801C,4 ROSE PINK DINNER CANDLES,12,2011-09-29T15:26:00,1.25,17724,United Kingdom
568951,84509A,SET OF 4 ENGLISH ROSE PLACEMATS,4,2011-09-29T15:26:00,3.75,17724,United Kingdom
568951,84510A,SET OF 4 ENGLISH ROSE COASTERS,10,2011-09-29T15:26:00,1.25,17724,United Kingdom
568951,84820,DANISH ROSE TRINKET TRAYS,4,2011-09-29T15:26:00,5.95,17724,United Kingdom
568951,85014B,RED RETROSPOT UMBRELLA,6,2011-09-29T15:26:00,5.95,17724,United Kingdom
569017,15056BL,EDWARDIAN PARASOL BLACK,3,2011-09-30T09:22:00,5.95,13813,Germany
569017,21498,RED RETROSPOT WRAP,25,2011-09-30T09:22:00,0.42,13813,Germany
569017,22186,RED STAR CARD HOLDER,12,2011-09-30T09:22:00,1.95,13813,Germany
569017,22393,PAPERWEIGHT VINTAGE COLLAGE,6,2011-09-30T09:22:00,2.55,13813,Germany
569017,23231,WRAP  VINTAGE DOILY,25,2011-09-30T09:22:00,0.42,13813,Germany
569017,23395,BELLE JARDINIERE CUSHION COVER,4,2011-09-30T09:22:00,3.75,13813,Germany
569017,23493,VINTAGE DOILY TRAVEL SEWING KIT,10,2011-09-30T09:22:00,1.95,13813,Germany
569017,23502,PLAYING CARDS VINTAGE DOILY,12,2011-09-30T09:22:00,1.25,13813,Germany
569017,23508,MINI PLAYING CARDS DOLLY GIRL,20,2011-09-30T09:22:00,0.42,13813,Germany
569017,23513,EMBROIDERED RIBBON REEL SUSIE,6,2011-09-30T09:22:00,2.08,13813,Germany
569017,23515,EMBROIDERED RIBBON REEL DAISY,6,2011-09-30T09:22:00,2.08,13813,Germany
569017,23517,EMBROIDERED RIBBON REEL REBECCA,6,2011-09-30T09:22:00,2.89,13813,Germany
569017,23518,EMBROIDERED RIBBON REEL RACHEL,6,2011-09-30T09:22:00,2.89,13813,Germany
569017,23520,EMBROIDERED RIBBON REEL RUBY,6,2011-09-30T09:22:00,3.75,13813,Germany
569017,23546,WRAP PAISLEY PARK,25,2011-09-30T09:22:00,0.42,13813,Germany
569017,85014A,BLACK/BLUE POLKADOT UMBRELLA,3,2011-09-30T09:22:00,5.95,13813,Germany
569017,POST,POSTAGE,2,2011-09-30T09:22:00,18,13813,Germany
569046,20956,PORCELAIN T-LIGHT HOLDERS ASSORTED,12,2011-09-30T10:48:00,1.25,14422,United Kingdom
569046,21313,GLASS HEART T-LIGHT HOLDER,12,2011-09-30T10:48:00,0.85,14422,United Kingdom
569046,21730,GLASS STAR FROSTED T-LIGHT HOLDER,6,2011-09-30T10:48:00,4.95,14422,United Kingdom
569046,21744,SNOWFLAKE PORTABLE TABLE LIGHT,6,2011-09-30T10:48:00,2.95,14422,United Kingdom
569046,21817,GLITTER CHRISTMAS TREE,36,2011-09-30T10:48:00,0.39,14422,United Kingdom
569046,21818,GLITTER HEART DECORATION,36,2011-09-30T10:48:00,0.39,14422,United Kingdom
569046,21819,GLITTER CHRISTMAS STAR,72,2011-09-30T10:48:00,0.39,14422,United Kingdom
569046,22154,ANGEL DECORATION 3 BUTTONS,48,2011-09-30T10:48:00,0.42,14422,United Kingdom
569046,22155,STAR DECORATION RUSTIC,48,2011-09-30T10:48:00,0.42,14422,United Kingdom
569046,22156,HEART DECORATION WITH PEARLS,12,2011-09-30T10:48:00,0.85,14422,United Kingdom
569046,22187,GREEN CHRISTMAS TREE CARD HOLDER,24,2011-09-30T10:48:00,1.95,14422,United Kingdom
569046,22296,HEART IVORY TRELLIS LARGE,12,2011-09-30T10:48:00,1.65,14422,United Kingdom
569046,22335,HEART DECORATION PAINTED ZINC,24,2011-09-30T10:48:00,0.65,14422,United Kingdom
569046,22336,DOVE DECORATION PAINTED ZINC,96,2011-09-30T10:48:00,0.19,14422,United Kingdom
569046,22337,ANGEL DECORATION PAINTED ZINC,24,2011-09-30T10:48:00,0.65,14422,United Kingdom
569046,22338,STAR DECORATION PAINTED ZINC,96,2011-09-30T10:48:00,0.19,14422,United Kingdom
569046,22339,CHRISTMAS TREE PAINTED ZINC,96,2011-09-30T10:48:00,0.19,14422,United Kingdom
569046,22469,HEART OF WICKER SMALL,12,2011-09-30T10:48:00,1.65,14422,United Kingdom
569046,22577,WOODEN HEART CHRISTMAS SCANDINAVIAN,24,2011-09-30T10:48:00,0.29,14422,United Kingdom
569046,22578,WOODEN STAR CHRISTMAS SCANDINAVIAN,24,2011-09-30T10:48:00,0.29,14422,United Kingdom
569046,22579,WOODEN TREE CHRISTMAS SCANDINAVIAN,24,2011-09-30T10:48:00,0.29,14422,United Kingdom
569046,22581,WOOD STOCKING CHRISTMAS SCANDISPOT,12,2011-09-30T10:48:00,0.85,14422,United Kingdom
569046,22589,CARDHOLDER GINGHAM STAR,12,2011-09-30T10:48:00,2.89,14422,United Kingdom
569046,22591,CARDHOLDER GINGHAM CHRISTMAS TREE,12,2011-09-30T10:48:00,3.25,14422,United Kingdom
569046,22593,CHRISTMAS GINGHAM STAR,12,2011-09-30T10:48:00,0.85,14422,United Kingdom
569046,22594,CHRISTMAS GINGHAM TREE,12,2011-09-30T10:48:00,0.85,14422,United Kingdom
569046,22595,GINGHAM HEART DECORATION,12,2011-09-30T10:48:00,0.85,14422,United Kingdom
569046,22600,CHRISTMAS RETROSPOT STAR WOOD,12,2011-09-30T10:48:00,0.85,14422,United Kingdom
569046,22601,CHRISTMAS RETROSPOT ANGEL WOOD,12,2011-09-30T10:48:00,0.85,14422,United Kingdom
569046,22602,RETROSPOT WOODEN HEART DECORATION,12,2011-09-30T10:48:00,0.85,14422,United Kingdom
569046,22603,CHRISTMAS RETROSPOT TREE WOOD,12,2011-09-30T10:48:00,0.85,14422,United Kingdom
569046,22694,WICKER STAR,18,2011-09-30T10:48:00,2.1,14422,United Kingdom
569046,22696,WICKER WREATH LARGE,12,2011-09-30T10:48:00,1.95,14422,United Kingdom
569046,22807,SET OF 6 T-LIGHTS TOADSTOOLS,6,2011-09-30T10:48:00,2.95,14422,United Kingdom
569046,22809,SET OF 6 T-LIGHTS SANTA,12,2011-09-30T10:48:00,2.95,14422,United Kingdom
569046,22810,SET OF 6 T-LIGHTS SNOWMEN,12,2011-09-30T10:48:00,2.95,14422,United Kingdom
569046,23085,ANTIQUE SILVER BAUBLE LAMP,6,2011-09-30T10:48:00,10.4,14422,United Kingdom
569046,23100,SILVER BELLS TABLE DECORATION,12,2011-09-30T10:48:00,1.25,14422,United Kingdom
569046,23101,SILVER STARS TABLE DECORATION,12,2011-09-30T10:48:00,0.83,14422,United Kingdom
569046,23102,SILVER HEARTS TABLE DECORATION,24,2011-09-30T10:48:00,0.83,14422,United Kingdom
569046,23108,SET OF 10 LED DOLLY LIGHTS,4,2011-09-30T10:48:00,6.25,14422,United Kingdom
569046,23129,HEART SHAPED HOLLY WREATH,8,2011-09-30T10:48:00,4.15,14422,United Kingdom
569046,23130,MISTLETOE HEART WREATH GREEN,8,2011-09-30T10:48:00,4.15,14422,United Kingdom
569046,23131,MISTLETOE HEART WREATH CREAM,8,2011-09-30T10:48:00,4.15,14422,United Kingdom
569046,23221,REINDEER HEART DECORATION SILVER,12,2011-09-30T10:48:00,0.83,14422,United Kingdom
569046,23223,CHRISTMAS TREE HANGING SILVER,12,2011-09-30T10:48:00,0.83,14422,United Kingdom
569046,23225,CHERUB HEART DECORATION SILVER,12,2011-09-30T10:48:00,0.83,14422,United Kingdom
569046,23273,HEART T-LIGHT HOLDER WILLIE WINKIE,12,2011-09-30T10:48:00,1.65,14422,United Kingdom
569046,23321,SMALL WHITE HEART OF WICKER,24,2011-09-30T10:48:00,1.65,14422,United Kingdom
569046,23322,LARGE WHITE HEART OF WICKER,6,2011-09-30T10:48:00,2.95,14422,United Kingdom
569046,23329,DECORATIVE WICKER HEART LARGE,12,2011-09-30T10:48:00,1.65,14422,United Kingdom
569046,23330,DECORATIVE WICKER HEART MEDIUM,12,2011-09-30T10:48:00,1.25,14422,United Kingdom
569046,23331,DECORATIVE WICKER HEART SMALL,48,2011-09-30T10:48:00,0.63,14422,United Kingdom
569046,23332,IVORY WICKER HEART LARGE,12,2011-09-30T10:48:00,1.65,14422,United Kingdom
569046,23333,IVORY WICKER HEART MEDIUM,12,2011-09-30T10:48:00,1.25,14422,United Kingdom
569046,23334,IVORY WICKER HEART SMALL,48,2011-09-30T10:48:00,0.63,14422,United Kingdom
569046,23399,HOME SWEET HOME HANGING HEART,12,2011-09-30T10:48:00,0.85,14422,United Kingdom
569046,35970,ZINC FOLKART SLEIGH BELLS,12,2011-09-30T10:48:00,1.69,14422,United Kingdom
569046,84755,COLOUR GLASS T-LIGHT HOLDER HANGING,16,2011-09-30T10:48:00,0.65,14422,United Kingdom
569046,85048,15CM CHRISTMAS GLASS BALL 20 LIGHTS,12,2011-09-30T10:48:00,6.95,14422,United Kingdom
569046,85173,SET/6 FROG PRINCE T-LIGHT CANDLES,6,2011-09-30T10:48:00,2.55,14422,United Kingdom
569137,15056bl,EDWARDIAN PARASOL BLACK,1,2011-09-30T14:45:00,12.46,,United Kingdom
569137,20679,EDWARDIAN PARASOL RED,1,2011-09-30T14:45:00,12.46,,United Kingdom
569137,20711,JUMBO BAG TOYS,4,2011-09-30T14:45:00,4.13,,United Kingdom
569137,20712,JUMBO BAG WOODLAND ANIMALS,13,2011-09-30T14:45:00,4.13,,United Kingdom
569137,20713,JUMBO BAG OWLS,9,2011-09-30T14:45:00,4.13,,United Kingdom
569137,20726,LUNCH BAG WOODLAND,5,2011-09-30T14:45:00,4.96,,United Kingdom
569137,21035,SET/2 RED RETROSPOT TEA TOWELS,1,2011-09-30T14:45:00,6.25,,United Kingdom
569137,21080,SET/20 RED RETROSPOT PAPER NAPKINS,3,2011-09-30T14:45:00,2.46,,United Kingdom
569137,21116,OWL DOORSTOP,3,2011-09-30T14:45:00,8.29,,United Kingdom
569137,21169,YOU'RE CONFUSING ME METAL SIGN,1,2011-09-30T14:45:00,4.13,,United Kingdom
569137,21174,POTTERING IN THE SHED METAL SIGN,1,2011-09-30T14:45:00,4.13,,United Kingdom
569137,21181,PLEASE ONE PERSON METAL SIGN,3,2011-09-30T14:45:00,4.13,,United Kingdom
569137,21216,"SET 3 RETROSPOT TEA,COFFEE,SUGAR",2,2011-09-30T14:45:00,10.79,,United Kingdom
569137,21217,RED RETROSPOT ROUND CAKE TINS,1,2011-09-30T14:45:00,20.79,,United Kingdom
569137,21218,RED SPOTTY BISCUIT TIN,4,2011-09-30T14:45:00,8.29,,United Kingdom
569137,21328,BALLOONS  WRITING SET,3,2011-09-30T14:45:00,3.29,,United Kingdom
569137,21411,GINGHAM HEART  DOORSTOP RED,1,2011-09-30T14:45:00,8.29,,United Kingdom
569137,21424,WOODLAND STORAGE BOX LARGE,3,2011-09-30T14:45:00,6.63,,United Kingdom
569137,21426,WOODLAND STORAGE BOX SMALL,1,2011-09-30T14:45:00,4.96,,United Kingdom
569137,21430,SET/3 RED GINGHAM ROSE STORAGE BOX,2,2011-09-30T14:45:00,7.46,,United Kingdom
569137,21494,ROTATING LEAVES T-LIGHT HOLDER,10,2011-09-30T14:45:00,5.79,,United Kingdom
569137,21558,SKULL LUNCH BOX WITH CUTLERY,1,2011-09-30T14:45:00,4.96,,United Kingdom
569137,21559,STRAWBERRY LUNCH BOX WITH CUTLERY,3,2011-09-30T14:45:00,4.96,,United Kingdom
569137,21670,BLUE SPOT CERAMIC DRAWER KNOB,8,2011-09-30T14:45:00,3.29,,United Kingdom
569137,21673,WHITE SPOT BLUE CERAMIC DRAWER KNOB,8,2011-09-30T14:45:00,2.46,,United Kingdom
569137,21713,CITRONELLA CANDLE FLOWERPOT,1,2011-09-30T14:45:00,4.13,,United Kingdom
569137,21731,RED TOADSTOOL LED NIGHT LIGHT,7,2011-09-30T14:45:00,4.13,,United Kingdom
569137,21802,CHRISTMAS TREE HEART DECORATION,6,2011-09-30T14:45:00,0.83,,United Kingdom
569137,21876,POTTERING MUG,1,2011-09-30T14:45:00,3.29,,United Kingdom
569137,21928,JUMBO BAG SCANDINAVIAN BLUE PAISLEY,3,2011-09-30T14:45:00,4.13,,United Kingdom
569137,21929,JUMBO BAG PINK VINTAGE PAISLEY,5,2011-09-30T14:45:00,4.13,,United Kingdom
569137,21931,JUMBO STORAGE BAG SUKI,12,2011-09-30T14:45:00,4.13,,United Kingdom
569137,21934,SKULL SHOULDER BAG,1,2011-09-30T14:45:00,3.29,,United Kingdom
569137,21935,SUKI  SHOULDER BAG,1,2011-09-30T14:45:00,4.13,,United Kingdom
569137,21949,SET OF 6 STRAWBERRY CHOPSTICKS,1,2011-09-30T14:45:00,2.46,,United Kingdom
569137,21974,SET OF 36 PAISLEY FLOWER DOILIES,2,2011-09-30T14:45:00,3.75,,United Kingdom
569137,21989,PACK OF 20 SKULL PAPER NAPKINS,2,2011-09-30T14:45:00,1.63,,United Kingdom
569137,22069,BROWN  PIRATE TREASURE CHEST,2,2011-09-30T14:45:00,4.13,,United Kingdom
569137,22074,6 RIBBONS SHIMMERING PINKS,2,2011-09-30T14:45:00,2.46,,United Kingdom
569137,22077,6 RIBBONS RUSTIC CHARM,1,2011-09-30T14:45:00,4.13,,United Kingdom
569137,22083,PAPER CHAIN KIT RETROSPOT,1,2011-09-30T14:45:00,6.63,,United Kingdom
569137,22090,PAPER BUNTING RETROSPOT,1,2011-09-30T14:45:00,6.63,,United Kingdom
569137,22131,FOOD CONTAINER SET 3 LOVE HEART,3,2011-09-30T14:45:00,4.13,,United Kingdom
569137,22174,PHOTO CUBE,10,2011-09-30T14:45:00,4.13,,United Kingdom
569137,22179,SET 10 NIGHT OWL LIGHTS,1,2011-09-30T14:45:00,13.29,,United Kingdom
569137,22193,RED DINER WALL CLOCK,1,2011-09-30T14:45:00,16.63,,United Kingdom
569137,22195,LARGE HEART MEASURING SPOONS,1,2011-09-30T14:45:00,3.29,,United Kingdom
569137,22196,SMALL HEART MEASURING SPOONS,2,2011-09-30T14:45:00,1.63,,United Kingdom
569137,22219,LOVEBIRD HANGING DECORATION WHITE,1,2011-09-30T14:45:00,1.63,,United Kingdom
569137,22271,FELTCRAFT DOLL ROSIE,2,2011-09-30T14:45:00,5.79,,United Kingdom
569137,22278,OVERNIGHT BAG VINTAGE ROSE PAISLEY,2,2011-09-30T14:45:00,10.79,,United Kingdom
569137,22308,TEA COSY BLUE STRIPE,1,2011-09-30T14:45:00,4.96,,United Kingdom
569137,22328,ROUND SNACK BOXES SET OF 4 FRUITS,3,2011-09-30T14:45:00,4.13,,United Kingdom
569137,22352,LUNCH BOX WITH CUTLERY RETROSPOT,3,2011-09-30T14:45:00,4.96,,United Kingdom
569137,22358,KINGS CHOICE TEA CADDY,2,2011-09-30T14:45:00,5.79,,United Kingdom
569137,22375,AIRLINE BAG VINTAGE JET SET BROWN,1,2011-09-30T14:45:00,8.29,,United Kingdom
569137,22379,RECYCLING BAG RETROSPOT,2,2011-09-30T14:45:00,4.96,,United Kingdom
569137,22381,TOY TIDY PINK POLKADOT,1,2011-09-30T14:45:00,4.96,,United Kingdom
569137,22384,LUNCH BAG PINK POLKADOT,3,2011-09-30T14:45:00,4.96,,United Kingdom
569137,22385,JUMBO BAG SPACEBOY DESIGN,1,2011-09-30T14:45:00,4.13,,United Kingdom
569137,22386,JUMBO BAG PINK POLKADOT,7,2011-09-30T14:45:00,4.13,,United Kingdom
569137,22411,JUMBO SHOPPER VINTAGE RED PAISLEY,14,2011-09-30T14:45:00,4.13,,United Kingdom
569137,22412,METAL SIGN NEIGHBOURHOOD WITCH,1,2011-09-30T14:45:00,4.13,,United Kingdom
569137,22456,NATURAL SLATE CHALKBOARD LARGE,1,2011-09-30T14:45:00,9.96,,United Kingdom
569137,22469,HEART OF WICKER SMALL,2,2011-09-30T14:45:00,4.13,,United Kingdom
569137,22470,HEART OF WICKER LARGE,1,2011-09-30T14:45:00,5.79,,United Kingdom
569137,22526,WHEELBARROW FOR CHILDREN,1,2011-09-30T14:45:00,24.96,,United Kingdom
569137,22629,SPACEBOY LUNCH BOX,1,2011-09-30T14:45:00,2.46,,United Kingdom
569137,22630,DOLLY GIRL LUNCH BOX,1,2011-09-30T14:45:00,2.46,,United Kingdom
569137,22637,PIGGY BANK RETROSPOT,2,2011-09-30T14:45:00,5.79,,United Kingdom
569137,22659,LUNCH BOX I LOVE LONDON,2,2011-09-30T14:45:00,2.46,,United Kingdom
569137,22663,JUMBO BAG DOLLY GIRL DESIGN,3,2011-09-30T14:45:00,4.13,,United Kingdom
569137,22666,RECIPE BOX PANTRY YELLOW DESIGN,1,2011-09-30T14:45:00,5.79,,United Kingdom
569137,22668,PINK BABY BUNTING,1,2011-09-30T14:45:00,5.79,,United Kingdom
569137,22670,FRENCH WC SIGN BLUE METAL,1,2011-09-30T14:45:00,2.46,,United Kingdom
569137,22672,FRENCH BATHROOM SIGN BLUE METAL,1,2011-09-30T14:45:00,3.29,,United Kingdom
569137,22676,FRENCH BLUE METAL DOOR SIGN 1,1,2011-09-30T14:45:00,2.46,,United Kingdom
569137,22677,FRENCH BLUE METAL DOOR SIGN 2,1,2011-09-30T14:45:00,2.46,,United Kingdom
569137,22686,FRENCH BLUE METAL DOOR SIGN No,1,2011-09-30T14:45:00,2.46,,United Kingdom
569137,22692,DOORMAT WELCOME TO OUR HOME,1,2011-09-30T14:45:00,16.63,,United Kingdom
569137,22695,WICKER WREATH SMALL,1,2011-09-30T14:45:00,3.29,,United Kingdom
569137,22696,WICKER WREATH LARGE,1,2011-09-30T14:45:00,4.13,,United Kingdom
569137,22697,GREEN REGENCY TEACUP AND SAUCER,5,2011-09-30T14:45:00,5.79,,United Kingdom
569137,22698,PINK REGENCY TEACUP AND SAUCER,4,2011-09-30T14:45:00,5.79,,United Kingdom
569137,22699,ROSES REGENCY TEACUP AND SAUCER,4,2011-09-30T14:45:00,5.79,,United Kingdom
569137,22773,GREEN DRAWER KNOB ACRYLIC EDWARDIAN,1,2011-09-30T14:45:00,3.29,,United Kingdom
569137,22781,GUMBALL MAGAZINE RACK,1,2011-09-30T14:45:00,14.96,,United Kingdom
569137,22786,CUSHION COVER PINK UNION JACK,1,2011-09-30T14:45:00,15.79,,United Kingdom
569137,22812,PACK 3 BOXES CHRISTMAS PANNETONE,1,2011-09-30T14:45:00,4.96,,United Kingdom
569137,22844,VINTAGE CREAM DOG FOOD CONTAINER,1,2011-09-30T14:45:00,16.63,,United Kingdom
569137,22900,SET 2 TEA TOWELS I LOVE LONDON,2,2011-09-30T14:45:00,4.13,,United Kingdom
569137,22952,60 CAKE CASES VINTAGE CHRISTMAS,1,2011-09-30T14:45:00,2.08,,United Kingdom
569137,22961,JAM MAKING SET PRINTED,1,2011-09-30T14:45:00,3.29,,United Kingdom
569137,22964,3 PIECE SPACEBOY COOKIE CUTTER SET,3,2011-09-30T14:45:00,4.13,,United Kingdom
569137,23084,RABBIT NIGHT LIGHT,6,2011-09-30T14:45:00,4.13,,United Kingdom
569137,23170,REGENCY TEA PLATE ROSES,4,2011-09-30T14:45:00,3.29,,United Kingdom
569137,23171,REGENCY TEA PLATE GREEN,4,2011-09-30T14:45:00,3.29,,United Kingdom
569137,23172,REGENCY TEA PLATE PINK,4,2011-09-30T14:45:00,3.29,,United Kingdom
569137,23173,REGENCY TEAPOT ROSES,3,2011-09-30T14:45:00,19.96,,United Kingdom
569137,23174,REGENCY SUGAR BOWL GREEN,3,2011-09-30T14:45:00,8.29,,United Kingdom
569137,23182,TOILET SIGN OCCUPIED OR VACANT,5,2011-09-30T14:45:00,2.5,,United Kingdom
569137,23199,JUMBO BAG APPLES,8,2011-09-30T14:45:00,4.13,,United Kingdom
569137,23201,JUMBO BAG ALPHABET,5,2011-09-30T14:45:00,4.13,,United Kingdom
569137,23229,VINTAGE DONKEY TAIL GAME,1,2011-09-30T14:45:00,7.46,,United Kingdom
569137,23245,SET OF 3 REGENCY CAKE TINS,3,2011-09-30T14:45:00,10.79,,United Kingdom
569137,23301,GARDENERS KNEELING PAD KEEP CALM,3,2011-09-30T14:45:00,3.29,,United Kingdom
569137,23354,6 GIFT TAGS 50'S CHRISTMAS,1,2011-09-30T14:45:00,1.63,,United Kingdom
569137,23403,LETTER HOLDER HOME SWEET HOME,3,2011-09-30T14:45:00,7.46,,United Kingdom
569137,23404,HOME SWEET HOME BLACKBOARD,1,2011-09-30T14:45:00,10.79,,United Kingdom
569137,37340,MULTICOLOUR SPRING FLOWER MUG,6,2011-09-30T14:45:00,1.38,,United Kingdom
569137,48111,DOORMAT 3 SMILEY CATS,1,2011-09-30T14:45:00,14.13,,United Kingdom
569137,48185,DOORMAT FAIRY CAKE,1,2011-09-30T14:45:00,14.13,,United Kingdom
569137,72349b,SET/6 PURPLE BUTTERFLY T-LIGHTS,1,2011-09-30T14:45:00,4.13,,United Kingdom
569137,72801c,4 ROSE PINK DINNER CANDLES,2,2011-09-30T14:45:00,2.46,,United Kingdom
569137,82482,WOODEN PICTURE FRAME WHITE FINISH,2,2011-09-30T14:45:00,4.96,,United Kingdom
569137,82494l,WOODEN FRAME ANTIQUE WHITE,2,2011-09-30T14:45:00,8.29,,United Kingdom
569137,82580,BATHROOM METAL SIGN,1,2011-09-30T14:45:00,1.25,,United Kingdom
569137,84029G,KNITTED UNION FLAG HOT WATER BOTTLE,7,2011-09-30T14:45:00,8.29,,United Kingdom
569137,84032A,CHARLIE+LOLA PINK HOT WATER BOTTLE,2,2011-09-30T14:45:00,5.79,,United Kingdom
569137,84375,SET OF 20 KIDS COOKIE CUTTERS,1,2011-09-30T14:45:00,4.13,,United Kingdom
569137,84509a,SET OF 4 ENGLISH ROSE PLACEMATS,1,2011-09-30T14:45:00,7.46,,United Kingdom
569137,84988,SET OF 72 PINK HEART PAPER DOILIES,1,2011-09-30T14:45:00,3.75,,United Kingdom
569137,84997a,CHILDRENS CUTLERY POLKADOT GREEN,1,2011-09-30T14:45:00,8.29,,United Kingdom
569137,85039a,SET/4 RED MINI ROSE CANDLE IN BOWL,1,2011-09-30T14:45:00,3.29,,United Kingdom
569137,85040a,S/4 PINK FLOWER CANDLES IN BOWL,2,2011-09-30T14:45:00,3.29,,United Kingdom
569137,85099B,JUMBO BAG RED RETROSPOT,14,2011-09-30T14:45:00,4.13,,United Kingdom
569137,85099C,JUMBO  BAG BAROQUE BLACK WHITE,6,2011-09-30T14:45:00,4.13,,United Kingdom
569137,85123a,WHITE HANGING HEART T-LIGHT HOLDER,2,2011-09-30T14:45:00,6.63,,United Kingdom
569137,85150,LADIES & GENTLEMEN METAL SIGN,1,2011-09-30T14:45:00,4.96,,United Kingdom
569137,DOT,DOTCOM POSTAGE,1,2011-09-30T14:45:00,639.83,,United Kingdom
570108,20723,STRAWBERRY CHARLOTTE BAG,10,2011-10-07T12:25:00,0.85,13004,United Kingdom
570108,21212,PACK OF 72 RETROSPOT CAKE CASES,24,2011-10-07T12:25:00,0.55,13004,United Kingdom
570108,22144,CHRISTMAS CRAFT LITTLE FRIENDS,6,2011-10-07T12:25:00,2.1,13004,United Kingdom
570108,22464,HANGING METAL HEART LANTERN,12,2011-10-07T12:25:00,1.65,13004,United Kingdom
570108,22465,HANGING METAL STAR LANTERN,12,2011-10-07T12:25:00,1.65,13004,United Kingdom
570108,22469,HEART OF WICKER SMALL,12,2011-10-07T12:25:00,1.65,13004,United Kingdom
570108,22818,CARD CHRISTMAS VILLAGE,12,2011-10-07T12:25:00,0.42,13004,United Kingdom
570108,22909,SET OF 20 VINTAGE CHRISTMAS NAPKINS,12,2011-10-07T12:25:00,0.85,13004,United Kingdom
570108,22952,60 CAKE CASES VINTAGE CHRISTMAS,24,2011-10-07T12:25:00,0.55,13004,United Kingdom
570108,23032,DRAWER KNOB CRACKLE GLAZE IVORY,6,2011-10-07T12:25:00,1.65,13004,United Kingdom
570108,23204,CHARLOTTE BAG APPLES DESIGN,10,2011-10-07T12:25:00,0.85,13004,United Kingdom
570108,23273,HEART T-LIGHT HOLDER WILLIE WINKIE,12,2011-10-07T12:25:00,1.65,13004,United Kingdom
570108,23293,SET OF 12 FAIRY CAKE BAKING CASES,8,2011-10-07T12:25:00,0.83,13004,United Kingdom
570108,23294,SET OF 6 SNACK LOAF BAKING CASES,8,2011-10-07T12:25:00,0.83,13004,United Kingdom
570108,23296,SET OF 6 TEA TIME BAKING CASES,8,2011-10-07T12:25:00,1.25,13004,United Kingdom
570108,23348,CHILDRENS TOY COOKING UTENSIL SET,6,2011-10-07T12:25:00,2.08,13004,United Kingdom
570108,23366,SET 12 COLOURING PENCILS DOILY,16,2011-10-07T12:25:00,0.65,13004,United Kingdom
570108,23367,SET 12 COLOUR PENCILS SPACEBOY,16,2011-10-07T12:25:00,0.65,13004,United Kingdom
570108,23368,SET 12 COLOUR PENCILS DOLLY GIRL,16,2011-10-07T12:25:00,0.65,13004,United Kingdom
570108,23493,VINTAGE DOILY TRAVEL SEWING KIT,10,2011-10-07T12:25:00,1.95,13004,United Kingdom
570108,23506,MINI PLAYING CARDS SPACEBOY,20,2011-10-07T12:25:00,0.42,13004,United Kingdom
570108,23508,MINI PLAYING CARDS DOLLY GIRL,20,2011-10-07T12:25:00,0.42,13004,United Kingdom
570108,23523,TREASURE AHOY WALL ART,6,2011-10-07T12:25:00,3.75,13004,United Kingdom
570108,23524,HORSE & PONY WALL ART,6,2011-10-07T12:25:00,3.75,13004,United Kingdom
570108,23525,BUFFALO BILL WALL ART,6,2011-10-07T12:25:00,3.75,13004,United Kingdom
570108,23526,DOG LICENCE WALL ART,4,2011-10-07T12:25:00,5.95,13004,United Kingdom
570108,23527,ANIMALS AND NATURE WALL ART,6,2011-10-07T12:25:00,3.75,13004,United Kingdom
570108,23535,BICYCLE SAFTEY WALL ART,4,2011-10-07T12:25:00,5.95,13004,United Kingdom
570108,23541,WALL ART CLASSIC PUDDINGS,2,2011-10-07T12:25:00,8.25,13004,United Kingdom
570108,23542,70'S ALPHABET WALL ART,2,2011-10-07T12:25:00,8.25,13004,United Kingdom
570108,47591D,PINK FAIRY CAKE CHILDRENS APRON,8,2011-10-07T12:25:00,1.95,13004,United Kingdom
570108,84380,SET OF 3 BUTTERFLY COOKIE CUTTERS,12,2011-10-07T12:25:00,1.45,13004,United Kingdom
570115,20685,DOORMAT RED RETROSPOT,10,2011-10-07T12:37:00,7.08,13798,United Kingdom
570115,20971,PINK BLUE FELT CRAFT TRINKET BOX,144,2011-10-07T12:37:00,1.06,13798,United Kingdom
570115,21154,RED RETROSPOT OVEN GLOVE,200,2011-10-07T12:37:00,1.06,13798,United Kingdom
570115,21165,BEWARE OF THE CAT METAL SIGN,48,2011-10-07T12:37:00,1.45,13798,United Kingdom
570115,21166,COOK WITH WINE METAL SIGN,48,2011-10-07T12:37:00,1.85,13798,United Kingdom
570115,21169,YOU'RE CONFUSING ME METAL SIGN,48,2011-10-07T12:37:00,1.45,13798,United Kingdom
570115,21181,PLEASE ONE PERSON METAL SIGN,48,2011-10-07T12:37:00,1.85,13798,United Kingdom
570115,21231,SWEETHEART CERAMIC TRINKET BOX,72,2011-10-07T12:37:00,1.06,13798,United Kingdom
570115,21810,CHRISTMAS HANGING STAR WITH BELL,4,2011-10-07T12:37:00,0.39,13798,United Kingdom
570115,35924,HANGING FAIRY CAKE DECORATION,72,2011-10-07T12:37:00,1.69,13798,United Kingdom
570115,37450,CERAMIC CAKE BOWL + HANGING CAKES,18,2011-10-07T12:37:00,2.55,13798,United Kingdom
570115,47591D,PINK FAIRY CAKE CHILDRENS APRON,50,2011-10-07T12:37:00,1.65,13798,United Kingdom
570115,82583,HOT BATHS METAL SIGN,72,2011-10-07T12:37:00,1.85,13798,United Kingdom
570115,84380,SET OF 3 BUTTERFLY COOKIE CUTTERS,144,2011-10-07T12:37:00,1.25,13798,United Kingdom
570115,85152,HAND OVER THE CHOCOLATE   SIGN,48,2011-10-07T12:37:00,1.85,13798,United Kingdom
570121,16161P,WRAP ENGLISH ROSE,25,2011-10-07T12:49:00,0.42,13419,United Kingdom
570121,21497,FANCY FONTS BIRTHDAY WRAP,25,2011-10-07T12:49:00,0.42,13419,United Kingdom
570121,21506,"FANCY FONT BIRTHDAY CARD,",12,2011-10-07T12:49:00,0.42,13419,United Kingdom
570121,21519,GIN & TONIC DIET GREETING CARD,12,2011-10-07T12:49:00,0.42,13419,United Kingdom
570121,21980,PACK OF 12 RED RETROSPOT TISSUES,24,2011-10-07T12:49:00,0.39,13419,United Kingdom
570121,21984,PACK OF 12 PINK PAISLEY TISSUES,24,2011-10-07T12:49:00,0.39,13419,United Kingdom
570121,21985,PACK OF 12 HEARTS DESIGN TISSUES,24,2011-10-07T12:49:00,0.39,13419,United Kingdom
570121,21986,PACK OF 12 PINK POLKADOT TISSUES,24,2011-10-07T12:49:00,0.39,13419,United Kingdom
570121,22632,HAND WARMER RED RETROSPOT,12,2011-10-07T12:49:00,2.1,13419,United Kingdom
570121,22759,SET OF 3 NOTEBOOKS IN PARCEL,12,2011-10-07T12:49:00,1.65,13419,United Kingdom
570121,22866,HAND WARMER SCOTTY DOG DESIGN,12,2011-10-07T12:49:00,2.1,13419,United Kingdom
570121,22867,HAND WARMER BIRD DESIGN,12,2011-10-07T12:49:00,2.1,13419,United Kingdom
570121,22983,CARD BILLBOARD FONT,12,2011-10-07T12:49:00,0.42,13419,United Kingdom
570121,22985,WRAP BILLBOARD FONTS DESIGN,25,2011-10-07T12:49:00,0.42,13419,United Kingdom
570121,85099B,JUMBO BAG RED RETROSPOT,10,2011-10-07T12:49:00,2.08,13419,United Kingdom
570121,85099C,JUMBO  BAG BAROQUE BLACK WHITE,10,2011-10-07T12:49:00,2.08,13419,United Kingdom
570235,21034,REX CASH+CARRY JUMBO SHOPPER,2,2011-10-09T14:30:00,0.95,13193,United Kingdom
570235,21671,RED SPOT CERAMIC DRAWER KNOB,1,2011-10-09T14:30:00,1.45,13193,United Kingdom
570235,21672,WHITE SPOT RED CERAMIC DRAWER KNOB,1,2011-10-09T14:30:00,1.45,13193,United Kingdom
570235,21672,WHITE SPOT RED CERAMIC DRAWER KNOB,2,2011-10-09T14:30:00,1.45,13193,United Kingdom
570235,22130,PARTY CONE CHRISTMAS DECORATION,12,2011-10-09T14:30:00,0.85,13193,United Kingdom
570235,22295,HEART FILIGREE DOVE LARGE,1,2011-10-09T14:30:00,1.65,13193,United Kingdom
570235,22295,HEART FILIGREE DOVE LARGE,1,2011-10-09T14:30:00,1.65,13193,United Kingdom
570235,22505,MEMO BOARD COTTAGE DESIGN,1,2011-10-09T14:30:00,4.95,13193,United Kingdom
570235,22507,MEMO BOARD RETROSPOT  DESIGN,2,2011-10-09T14:30:00,4.95,13193,United Kingdom
570235,22509,SEWING BOX RETROSPOT DESIGN,1,2011-10-09T14:30:00,16.95,13193,United Kingdom
570235,22575,METAL MERRY CHRISTMAS WREATH,1,2011-10-09T14:30:00,1.95,13193,United Kingdom
570235,22575,METAL MERRY CHRISTMAS WREATH,2,2011-10-09T14:30:00,1.95,13193,United Kingdom
570235,22589,CARDHOLDER GINGHAM STAR,2,2011-10-09T14:30:00,2.89,13193,United Kingdom
570235,22773,GREEN DRAWER KNOB ACRYLIC EDWARDIAN,2,2011-10-09T14:30:00,1.25,13193,United Kingdom
570235,22775,PURPLE DRAWERKNOB ACRYLIC EDWARDIAN,1,2011-10-09T14:30:00,1.25,13193,United Kingdom
570235,22775,PURPLE DRAWERKNOB ACRYLIC EDWARDIAN,1,2011-10-09T14:30:00,1.25,13193,United Kingdom
570235,22805,BLUE DRAWER KNOB ACRYLIC EDWARDIAN,1,2011-10-09T14:30:00,1.25,13193,United Kingdom
570235,22805,BLUE DRAWER KNOB ACRYLIC EDWARDIAN,1,2011-10-09T14:30:00,1.25,13193,United Kingdom
570235,23028,DRAWER KNOB CRACKLE GLAZE BLUE,2,2011-10-09T14:30:00,1.65,13193,United Kingdom
570235,23032,DRAWER KNOB CRACKLE GLAZE IVORY,1,2011-10-09T14:30:00,1.65,13193,United Kingdom
570235,23032,DRAWER KNOB CRACKLE GLAZE IVORY,1,2011-10-09T14:30:00,1.65,13193,United Kingdom
570235,23393,HOME SWEET HOME CUSHION COVER,1,2011-10-09T14:30:00,3.75,13193,United Kingdom
570235,23396,LE JARDIN BOTANIQUE CUSHION COVER,1,2011-10-09T14:30:00,3.75,13193,United Kingdom
570235,23400,SHELF WITH 4 HOOKS HOME SWEET HOME,1,2011-10-09T14:30:00,6.25,13193,United Kingdom
570235,23402,HOME SWEET HOME 3 PEG HANGER,1,2011-10-09T14:30:00,3.75,13193,United Kingdom
570235,23412,HEART MIRROR ANTIQUE WHITE,2,2011-10-09T14:30:00,7.5,13193,United Kingdom
570235,46000S,POLYESTER FILLER PAD 40x40cm,2,2011-10-09T14:30:00,1.45,13193,United Kingdom
570235,84836,ZINC METAL HEART DECORATION,1,2011-10-09T14:30:00,1.25,13193,United Kingdom
570235,84836,ZINC METAL HEART DECORATION,2,2011-10-09T14:30:00,1.25,13193,United Kingdom
570856,16156S,WRAP PINK FAIRY CAKES,25,2011-10-12T15:01:00,0.42,13464,United Kingdom
570856,22109,FULL ENGLISH BREAKFAST PLATE,4,2011-10-12T15:01:00,3.75,13464,United Kingdom
570856,22466,FAIRY TALE COTTAGE NIGHT LIGHT,12,2011-10-12T15:01:00,1.95,13464,United Kingdom
570856,22467,GUMBALL COAT RACK,6,2011-10-12T15:01:00,2.55,13464,United Kingdom
570856,22573,STAR WOODEN CHRISTMAS DECORATION,12,2011-10-12T15:01:00,0.85,13464,United Kingdom
570856,22579,WOODEN TREE CHRISTMAS SCANDINAVIAN,24,2011-10-12T15:01:00,0.29,13464,United Kingdom
570856,22593,CHRISTMAS GINGHAM STAR,12,2011-10-12T15:01:00,0.85,13464,United Kingdom
570856,22601,CHRISTMAS RETROSPOT ANGEL WOOD,12,2011-10-12T15:01:00,0.85,13464,United Kingdom
570856,22624,IVORY KITCHEN SCALES,2,2011-10-12T15:01:00,8.5,13464,United Kingdom
570856,22625,RED KITCHEN SCALES,2,2011-10-12T15:01:00,8.5,13464,United Kingdom
570856,22720,SET OF 3 CAKE TINS PANTRY DESIGN,3,2011-10-12T15:01:00,4.95,13464,United Kingdom
570856,22725,ALARM CLOCK BAKELIKE CHOCOLATE,4,2011-10-12T15:01:00,3.75,13464,United Kingdom
570856,22726,ALARM CLOCK BAKELIKE GREEN,4,2011-10-12T15:01:00,3.75,13464,United Kingdom
570856,22728,ALARM CLOCK BAKELIKE PINK,4,2011-10-12T15:01:00,3.75,13464,United Kingdom
570856,22730,ALARM CLOCK BAKELIKE IVORY,4,2011-10-12T15:01:00,3.75,13464,United Kingdom
570856,22738,RIBBON REEL SNOWY VILLAGE,10,2011-10-12T15:01:00,1.65,13464,United Kingdom
570856,22749,FELTCRAFT PRINCESS CHARLOTTE DOLL,4,2011-10-12T15:01:00,3.75,13464,United Kingdom
570856,22847,BREAD BIN DINER STYLE IVORY,1,2011-10-12T15:01:00,16.95,13464,United Kingdom
570856,22909,SET OF 20 VINTAGE CHRISTMAS NAPKINS,12,2011-10-12T15:01:00,0.85,13464,United Kingdom
570856,22941,CHRISTMAS LIGHTS 10 REINDEER,2,2011-10-12T15:01:00,8.5,13464,United Kingdom
570856,22950,36 DOILIES VINTAGE CHRISTMAS,12,2011-10-12T15:01:00,1.45,13464,United Kingdom
570856,22959,WRAP CHRISTMAS VILLAGE,25,2011-10-12T15:01:00,0.42,13464,United Kingdom
570856,22962,JAM JAR WITH PINK LID,12,2011-10-12T15:01:00,0.85,13464,United Kingdom
570856,23157,SET OF 6 NATIVITY MAGNETS,12,2011-10-12T15:01:00,2.08,13464,United Kingdom
570856,23158,SET OF 5 LUCKY CAT MAGNETS,12,2011-10-12T15:01:00,2.08,13464,United Kingdom
570856,23161,REGENCY CAKE FORK,12,2011-10-12T15:01:00,1.25,13464,United Kingdom
570856,23210,WHITE ROCKING HORSE HAND PAINTED,24,2011-10-12T15:01:00,1.25,13464,United Kingdom
570856,23228,FILIGREE HEART BIRD WHITE,24,2011-10-12T15:01:00,1.25,13464,United Kingdom
570856,23233,WRAP POPPIES  DESIGN,25,2011-10-12T15:01:00,0.42,13464,United Kingdom
570856,23234,BISCUIT TIN VINTAGE CHRISTMAS,6,2011-10-12T15:01:00,2.89,13464,United Kingdom
570856,23239,SET OF 4 KNICK KNACK TINS POPPIES,6,2011-10-12T15:01:00,4.15,13464,United Kingdom
570856,23245,SET OF 3 REGENCY CAKE TINS,4,2011-10-12T15:01:00,4.95,13464,United Kingdom
570856,23264,SET OF 3 WOODEN SLEIGH DECORATIONS,12,2011-10-12T15:01:00,1.25,13464,United Kingdom
570856,23346,SPACEBOY BEAKER,12,2011-10-12T15:01:00,1.25,13464,United Kingdom
570856,23353,6 GIFT TAGS VINTAGE CHRISTMAS,12,2011-10-12T15:01:00,0.83,13464,United Kingdom
570856,23401,RUSTIC MIRROR WITH LACE HEART,2,2011-10-12T15:01:00,6.25,13464,United Kingdom
570856,23403,LETTER HOLDER HOME SWEET HOME,4,2011-10-12T15:01:00,3.75,13464,United Kingdom
570856,23404,HOME SWEET HOME BLACKBOARD,6,2011-10-12T15:01:00,4.95,13464,United Kingdom
570856,79321,CHILLI LIGHTS,4,2011-10-12T15:01:00,5.75,13464,United Kingdom
570856,84836,ZINC METAL HEART DECORATION,12,2011-10-12T15:01:00,1.25,13464,United Kingdom
570856,85123A,WHITE HANGING HEART T-LIGHT HOLDER,6,2011-10-12T15:01:00,2.95,13464,United Kingdom
571082,16236,KITTY PENCIL ERASERS,1,2011-10-13T15:25:00,0.42,,United Kingdom
571082,16237,SLEEPING CAT ERASERS,1,2011-10-13T15:25:00,0.42,,United Kingdom
571082,20719,WOODLAND CHARLOTTE BAG,4,2011-10-13T15:25:00,1.63,,United Kingdom
571082,20723,STRAWBERRY CHARLOTTE BAG,4,2011-10-13T15:25:00,1.63,,United Kingdom
571082,20724,RED RETROSPOT CHARLOTTE BAG,4,2011-10-13T15:25:00,1.63,,United Kingdom
571082,20838,FRENCH LATTICE CUSHION COVER,3,2011-10-13T15:25:00,3.29,,United Kingdom
571082,20840,FRENCH FLORAL CUSHION COVER,3,2011-10-13T15:25:00,3.29,,United Kingdom
571082,20961,STRAWBERRY BATH SPONGE,1,2011-10-13T15:25:00,2.46,,United Kingdom
571082,20974,12 PENCILS SMALL TUBE SKULL,1,2011-10-13T15:25:00,1.25,,United Kingdom
571082,21066,VINTAGE RED MUG,1,2011-10-13T15:25:00,2.46,,United Kingdom
571082,21068,VINTAGE BILLBOARD LOVE/HATE MUG,2,2011-10-13T15:25:00,2.46,,United Kingdom
571082,21109,LARGE CAKE TOWEL CHOCOLATE SPOTS,1,2011-10-13T15:25:00,13.29,,United Kingdom
571082,21126,SET OF 6 GIRLS CELEBRATION CANDLES,1,2011-10-13T15:25:00,1.25,,United Kingdom
571082,21147,JINGLE BELLS TREE DECORATION,1,2011-10-13T15:25:00,1.63,,United Kingdom
571082,21156,RETROSPOT CHILDRENS APRON,1,2011-10-13T15:25:00,4.13,,United Kingdom
571082,21167,WHITE SAGE INCENSE,1,2011-10-13T15:25:00,0.42,,United Kingdom
571082,21175,GIN + TONIC DIET METAL SIGN,1,2011-10-13T15:25:00,4.96,,United Kingdom
571082,21212,PACK OF 72 RETROSPOT CAKE CASES,1,2011-10-13T15:25:00,1.25,,United Kingdom
571082,21213,PACK OF 72 SKULL CAKE CASES,2,2011-10-13T15:25:00,1.25,,United Kingdom
571082,21215,IVORY PAPER CUP CAKE CASES,3,2011-10-13T15:25:00,1.25,,United Kingdom
571082,21288,STRIPEY CHOCOLATE NESTING BOXES,1,2011-10-13T15:25:00,3.29,,United Kingdom
571082,21313,GLASS HEART T-LIGHT HOLDER,2,2011-10-13T15:25:00,1.63,,United Kingdom
571082,21314,SMALL GLASS HEART TRINKET POT,2,2011-10-13T15:25:00,4.13,,United Kingdom
571082,21328,BALLOONS  WRITING SET,1,2011-10-13T15:25:00,3.29,,United Kingdom
571082,21430,SET/3 RED GINGHAM ROSE STORAGE BOX,2,2011-10-13T15:25:00,7.46,,United Kingdom
571082,21452,TOADSTOOL MONEY BOX,1,2011-10-13T15:25:00,5.79,,United Kingdom
571082,21731,RED TOADSTOOL LED NIGHT LIGHT,2,2011-10-13T15:25:00,3.29,,United Kingdom
571082,21739,COSY SLIPPER SHOES SMALL GREEN,1,2011-10-13T15:25:00,2.46,,United Kingdom
571082,21803,CHRISTMAS TREE STAR DECORATION,6,2011-10-13T15:25:00,0.42,,United Kingdom
571082,21804,WHITE CHRISTMAS GARLAND STARS TREES,1,2011-10-13T15:25:00,3.29,,United Kingdom
571082,21808,"CHRISTMAS GARLAND STARS,TREES",2,2011-10-13T15:25:00,3.29,,United Kingdom
571082,21810,CHRISTMAS HANGING STAR WITH BELL,4,2011-10-13T15:25:00,0.83,,United Kingdom
571082,21811,HANGING HEART WITH BELL,9,2011-10-13T15:25:00,0.83,,United Kingdom
571082,21822,GLITTER CHRISTMAS TREE WITH BELLS,1,2011-10-13T15:25:00,1.63,,United Kingdom
571082,21824,PAINTED METAL STAR WITH HOLLY BELLS,41,2011-10-13T15:25:00,0.83,,United Kingdom
571082,21880,RED RETROSPOT TAPE,2,2011-10-13T15:25:00,0.42,,United Kingdom
571082,21889,WOODEN BOX OF DOMINOES,1,2011-10-13T15:25:00,2.46,,United Kingdom
571082,21901,"KEY FOB , BACK DOOR",1,2011-10-13T15:25:00,1.63,,United Kingdom
571082,21906,PHARMACIE FIRST AID TIN,1,2011-10-13T15:25:00,13.29,,United Kingdom
571082,21908,CHOCOLATE THIS WAY METAL SIGN,1,2011-10-13T15:25:00,4.13,,United Kingdom
571082,21915,RED  HARMONICA IN BOX,1,2011-10-13T15:25:00,2.46,,United Kingdom
571082,21935,SUKI  SHOULDER BAG,2,2011-10-13T15:25:00,1.63,,United Kingdom
571082,21945,STRAWBERRIES  DESIGN FLANNEL,1,2011-10-13T15:25:00,1.63,,United Kingdom
571082,21975,PACK OF 60 DINOSAUR CAKE CASES,1,2011-10-13T15:25:00,1.25,,United Kingdom
571082,21976,PACK OF 60 MUSHROOM CAKE CASES,1,2011-10-13T15:25:00,1.25,,United Kingdom
571082,21990,MODERN FLORAL STATIONERY SET,1,2011-10-13T15:25:00,2.46,,United Kingdom
571082,21992,VINTAGE PAISLEY STATIONERY SET,1,2011-10-13T15:25:00,2.46,,United Kingdom
571082,22023,EMPIRE BIRTHDAY CARD,1,2011-10-13T15:25:00,0.83,,United Kingdom
571082,22059,CERAMIC STRAWBERRY DESIGN MUG,1,2011-10-13T15:25:00,3.29,,United Kingdom
571082,22063,CERAMIC BOWL WITH STRAWBERRY DESIGN,1,2011-10-13T15:25:00,5.79,,United Kingdom
571082,22074,6 RIBBONS SHIMMERING PINKS,1,2011-10-13T15:25:00,1.25,,United Kingdom
571082,22075,6 RIBBONS ELEGANT CHRISTMAS,4,2011-10-13T15:25:00,1.63,,United Kingdom
571082,22076,6 RIBBONS EMPIRE,1,2011-10-13T15:25:00,1.25,,United Kingdom
571082,22086,PAPER CHAIN KIT 50'S CHRISTMAS,1,2011-10-13T15:25:00,5.79,,United Kingdom
571082,22107,PIZZA PLATE IN BOX,3,2011-10-13T15:25:00,3.29,,United Kingdom
571082,22111,SCOTTIE DOG HOT WATER BOTTLE,1,2011-10-13T15:25:00,10.79,,United Kingdom
571082,22134,MINI LADLE LOVE HEART RED,4,2011-10-13T15:25:00,0.83,,United Kingdom
571082,22138,BAKING SET 9 PIECE RETROSPOT,1,2011-10-13T15:25:00,10.79,,United Kingdom
571082,22141,CHRISTMAS CRAFT TREE TOP ANGEL,1,2011-10-13T15:25:00,4.13,,United Kingdom
571082,22161,HEART DECORATION RUSTIC HANGING,35,2011-10-13T15:25:00,0.79,,United Kingdom
571082,22169,FAMILY ALBUM WHITE PICTURE FRAME,3,2011-10-13T15:25:00,16.63,,United Kingdom
571082,22189,CREAM HEART CARD HOLDER,1,2011-10-13T15:25:00,8.29,,United Kingdom
571082,22196,SMALL HEART MEASURING SPOONS,7,2011-10-13T15:25:00,1.63,,United Kingdom
571082,22219,LOVEBIRD HANGING DECORATION WHITE,2,2011-10-13T15:25:00,1.63,,United Kingdom
571082,22295,HEART FILIGREE DOVE LARGE,3,2011-10-13T15:25:00,3.29,,United Kingdom
571082,22310,IVORY KNITTED MUG COSY,3,2011-10-13T15:25:00,3.29,,United Kingdom
571082,22337,ANGEL DECORATION PAINTED ZINC,1,2011-10-13T15:25:00,0.63,,United Kingdom
571082,22338,STAR DECORATION PAINTED ZINC,1,2011-10-13T15:25:00,0.63,,United Kingdom
571082,22339,CHRISTMAS TREE PAINTED ZINC,50,2011-10-13T15:25:00,0.63,,United Kingdom
571082,22340,NOEL GARLAND PAINTED ZINC,2,2011-10-13T15:25:00,0.83,,United Kingdom
571082,22356,CHARLOTTE BAG PINK POLKADOT,4,2011-10-13T15:25:00,1.63,,United Kingdom
571082,22379,RECYCLING BAG RETROSPOT,1,2011-10-13T15:25:00,4.13,,United Kingdom
571082,22380,TOY TIDY SPACEBOY,4,2011-10-13T15:25:00,2.46,,United Kingdom
571082,22386,JUMBO BAG PINK POLKADOT,1,2011-10-13T15:25:00,4.13,,United Kingdom
571082,22418,10 COLOUR SPACEBOY PEN,1,2011-10-13T15:25:00,1.63,,United Kingdom
571082,22419,LIPSTICK PEN RED,1,2011-10-13T15:25:00,0.83,,United Kingdom
571082,22452,MEASURING TAPE BABUSHKA PINK,2,2011-10-13T15:25:00,1.63,,United Kingdom
571082,22483,RED GINGHAM TEDDY BEAR,1,2011-10-13T15:25:00,5.79,,United Kingdom
571082,22489,PACK OF 12 TRADITIONAL CRAYONS,1,2011-10-13T15:25:00,0.83,,United Kingdom
571082,22553,PLASTERS IN TIN SKULLS,1,2011-10-13T15:25:00,3.29,,United Kingdom
571082,22577,WOODEN HEART CHRISTMAS SCANDINAVIAN,1,2011-10-13T15:25:00,0.83,,United Kingdom
571082,22578,WOODEN STAR CHRISTMAS SCANDINAVIAN,1,2011-10-13T15:25:00,0.83,,United Kingdom
571082,22579,WOODEN TREE CHRISTMAS SCANDINAVIAN,1,2011-10-13T15:25:00,0.83,,United Kingdom
571082,22580,ADVENT CALENDAR GINGHAM SACK,1,2011-10-13T15:25:00,4.13,,United Kingdom
571082,22581,WOOD STOCKING CHRISTMAS SCANDISPOT,1,2011-10-13T15:25:00,0.83,,United Kingdom
571082,22597,MUSICAL ZINC HEART DECORATION,1,2011-10-13T15:25:00,0.83,,United Kingdom
571082,22599,CHRISTMAS MUSICAL ZINC STAR,1,2011-10-13T15:25:00,0.83,,United Kingdom
571082,22616,PACK OF 12 LONDON TISSUES,1,2011-10-13T15:25:00,0.83,,United Kingdom
571082,22630,DOLLY GIRL LUNCH BOX,1,2011-10-13T15:25:00,4.13,,United Kingdom
571082,22653,BUTTON BOX,2,2011-10-13T15:25:00,1.63,,United Kingdom
571082,22666,RECIPE BOX PANTRY YELLOW DESIGN,3,2011-10-13T15:25:00,5.79,,United Kingdom
571082,22674,FRENCH TOILET SIGN BLUE METAL,1,2011-10-13T15:25:00,2.46,,United Kingdom
571082,22692,DOORMAT WELCOME TO OUR HOME,1,2011-10-13T15:25:00,15.79,,United Kingdom
571082,22698,PINK REGENCY TEACUP AND SAUCER,1,2011-10-13T15:25:00,5.79,,United Kingdom
571082,22720,SET OF 3 CAKE TINS PANTRY DESIGN,1,2011-10-13T15:25:00,10.79,,United Kingdom
571082,22734,SET OF 6 RIBBONS VINTAGE CHRISTMAS,3,2011-10-13T15:25:00,5.79,,United Kingdom
571082,22738,RIBBON REEL SNOWY VILLAGE,2,2011-10-13T15:25:00,3.29,,United Kingdom
571082,22772,PINK DRAWER KNOB ACRYLIC EDWARDIAN,11,2011-10-13T15:25:00,2.46,,United Kingdom
571082,22792,FLUTED ANTIQUE CANDLE HOLDER,2,2011-10-13T15:25:00,1.63,,United Kingdom
571082,22818,CARD CHRISTMAS VILLAGE,4,2011-10-13T15:25:00,0.42,,United Kingdom
571082,22834,HAND WARMER BABUSHKA DESIGN,1,2011-10-13T15:25:00,4.13,,United Kingdom
571082,22880,NUMBER TILE VINTAGE FONT 1,1,2011-10-13T15:25:00,4.13,,United Kingdom
571082,22888,NUMBER TILE VINTAGE FONT 9,1,2011-10-13T15:25:00,4.13,,United Kingdom
571082,22909,SET OF 20 VINTAGE CHRISTMAS NAPKINS,2,2011-10-13T15:25:00,1.63,,United Kingdom
571082,22913,RED COAT RACK PARIS FASHION,1,2011-10-13T15:25:00,10.79,,United Kingdom
571082,22914,BLUE COAT RACK PARIS FASHION,1,2011-10-13T15:25:00,10.79,,United Kingdom
571082,22944,CHRISTMAS METAL POSTCARD WITH BELLS,6,2011-10-13T15:25:00,0.97,,United Kingdom
571082,22950,36 DOILIES VINTAGE CHRISTMAS,1,2011-10-13T15:25:00,2.92,,United Kingdom
571082,22961,JAM MAKING SET PRINTED,5,2011-10-13T15:25:00,3.29,,United Kingdom
571082,23035,DRAWER KNOB CERAMIC IVORY,1,2011-10-13T15:25:00,3.29,,United Kingdom
571082,23087,ZINC  HEART T-LIGHT HOLDER,1,2011-10-13T15:25:00,2.46,,United Kingdom
571082,23088,ZINC HEART FLOWER T-LIGHT HOLDER,1,2011-10-13T15:25:00,2.46,,United Kingdom
571082,23089,GLASS BON BON JAR,1,2011-10-13T15:25:00,3.29,,United Kingdom
571082,23093,SMALL PARISIENNE HEART PHOTO FRAME,1,2011-10-13T15:25:00,4.96,,United Kingdom
571082,23123,COCKTAIL SWORDS 50 PIECES,1,2011-10-13T15:25:00,1.63,,United Kingdom
571082,23140,TRIPLE WIRE HOOK IVORY HEART,1,2011-10-13T15:25:00,8.29,,United Kingdom
571082,23182,TOILET SIGN OCCUPIED OR VACANT,2,2011-10-13T15:25:00,2.46,,United Kingdom
571082,23184,BULL DOG BOTTLE OPENER,2,2011-10-13T15:25:00,10.79,,United Kingdom
571082,23196,VINTAGE LEAF MAGNETIC NOTEPAD,1,2011-10-13T15:25:00,3.29,,United Kingdom
571082,23201,JUMBO BAG ALPHABET,1,2011-10-13T15:25:00,4.13,,United Kingdom
571082,23204,CHARLOTTE BAG APPLES DESIGN,4,2011-10-13T15:25:00,1.63,,United Kingdom
571082,23205,CHARLOTTE BAG VINTAGE ALPHABET,2,2011-10-13T15:25:00,1.63,,United Kingdom
571082,23206,LUNCH BAG APPLE DESIGN,1,2011-10-13T15:25:00,4.13,,United Kingdom
571082,23298,SPOTTY BUNTING,2,2011-10-13T15:25:00,10.79,,United Kingdom
571082,23308,SET OF 60 VINTAGE LEAF CAKE CASES,3,2011-10-13T15:25:00,1.25,,United Kingdom
571082,23309,SET OF 60 I LOVE LONDON CAKE CASES,4,2011-10-13T15:25:00,1.25,,United Kingdom
571082,23328,SET 6 SCHOOL MILK BOTTLES IN CRATE,2,2011-10-13T15:25:00,7.46,,United Kingdom
571082,23344,JUMBO BAG 50'S CHRISTMAS,2,2011-10-13T15:25:00,4.13,,United Kingdom
571082,23349,ROLL WRAP VINTAGE CHRISTMAS,1,2011-10-13T15:25:00,2.46,,United Kingdom
571082,23353,6 GIFT TAGS VINTAGE CHRISTMAS,1,2011-10-13T15:25:00,1.63,,United Kingdom
571082,23356,LOVE HOT WATER BOTTLE,1,2011-10-13T15:25:00,12.46,,United Kingdom
571082,23365,SET 12 COLOUR PENCILS LOVE LONDON,2,2011-10-13T15:25:00,1.25,,United Kingdom
571082,23366,SET 12 COLOURING PENCILS DOILY,1,2011-10-13T15:25:00,1.25,,United Kingdom
571082,23367,SET 12 COLOUR PENCILS SPACEBOY,2,2011-10-13T15:25:00,1.25,,United Kingdom
571082,23368,SET 12 COLOUR PENCILS DOLLY GIRL,1,2011-10-13T15:25:00,1.25,,United Kingdom
571082,23369,SET 36 COLOUR PENCILS LOVE LONDON,2,2011-10-13T15:25:00,2.46,,United Kingdom
571082,23376,PACK OF 12 VINTAGE CHRISTMAS TISSUE,1,2011-10-13T15:25:00,0.83,,United Kingdom
571082,23377,PACK OF 12 DOLLY GIRL TISSUES,1,2011-10-13T15:25:00,0.83,,United Kingdom
571082,23394,POSTE FRANCE CUSHION COVER,1,2011-10-13T15:25:00,10.79,,United Kingdom
571082,23399,HOME SWEET HOME HANGING HEART,1,2011-10-13T15:25:00,2.08,,United Kingdom
571082,23434,3 RAFFIA RIBBONS 50'S CHRISTMAS,2,2011-10-13T15:25:00,0.83,,United Kingdom
571082,23435,3 RAFFIA RIBBONS VINTAGE CHRISTMAS,1,2011-10-13T15:25:00,0.83,,United Kingdom
571082,23436,VINTAGE CHRISTMAS GIFT BAG LARGE,1,2011-10-13T15:25:00,2.46,,United Kingdom
571082,23461,SWEETHEART BIRD HOUSE,1,2011-10-13T15:25:00,8.29,,United Kingdom
571082,23528,WALL ART SPACEBOY,1,2011-10-13T15:25:00,7.46,,United Kingdom
571082,23534,WALL ART STOP FOR TEA,2,2011-10-13T15:25:00,12.46,,United Kingdom
571082,23543,WALL ART KEEP CALM,1,2011-10-13T15:25:00,16.63,,United Kingdom
571082,23611,SET 10 CARDS RED RIDING HOOD 17214,1,2011-10-13T15:25:00,2.49,,United Kingdom
571082,35953,FOLKART STAR CHRISTMAS DECORATIONS,20,2011-10-13T15:25:00,0.61,,United Kingdom
571082,35964,FOLKART CLIP ON STARS,1,2011-10-13T15:25:00,0.83,,United Kingdom
571082,35967,FOLK ART METAL STAR T-LIGHT HOLDER,1,2011-10-13T15:25:00,0.83,,United Kingdom
571082,46776B,WOVEN BERRIES CUSHION COVER,1,2011-10-13T15:25:00,4.13,,United Kingdom
571082,46776F,WOVEN ROSE GARDEN CUSHION COVER,1,2011-10-13T15:25:00,4.13,,United Kingdom
571082,47591D,PINK FAIRY CAKE CHILDRENS APRON,2,2011-10-13T15:25:00,4.13,,United Kingdom
571082,71477,COLOUR GLASS. STAR T-LIGHT HOLDER,2,2011-10-13T15:25:00,6.63,,United Kingdom
571082,72816,SET/3 CHRISTMAS DECOUPAGE CANDLES,5,2011-10-13T15:25:00,2.46,,United Kingdom
571082,82001S,VINYL RECORD FRAME SILVER,2,2011-10-13T15:25:00,7.46,,United Kingdom
571082,82482,WOODEN PICTURE FRAME WHITE FINISH,1,2011-10-13T15:25:00,5.79,,United Kingdom
571082,82494L,WOODEN FRAME ANTIQUE WHITE,2,2011-10-13T15:25:00,7.46,,United Kingdom
571082,82552,WASHROOM METAL SIGN,2,2011-10-13T15:25:00,2.46,,United Kingdom
571082,82578,KITCHEN METAL SIGN,1,2011-10-13T15:25:00,1.25,,United Kingdom
571082,82581,TOILET METAL SIGN,1,2011-10-13T15:25:00,1.25,,United Kingdom
571082,82582,AREA PATROLLED METAL SIGN,1,2011-10-13T15:25:00,4.13,,United Kingdom
571082,82583,HOT BATHS METAL SIGN,1,2011-10-13T15:25:00,4.13,,United Kingdom
571082,84031A,CHARLIE+LOLA RED HOT WATER BOTTLE,1,2011-10-13T15:25:00,4.13,,United Kingdom
571082,84032A,CHARLIE+LOLA PINK HOT WATER BOTTLE,1,2011-10-13T15:25:00,3.29,,United Kingdom
571082,84406B,CREAM CUPID HEARTS COAT HANGER,1,2011-10-13T15:25:00,8.29,,United Kingdom
571082,84509A,SET OF 4 ENGLISH ROSE PLACEMATS,2,2011-10-13T15:25:00,7.46,,United Kingdom
571082,84510A,SET OF 4 ENGLISH ROSE COASTERS,2,2011-10-13T15:25:00,2.46,,United Kingdom
571082,84792,ENCHANTED BIRD COATHANGER 5 HOOK,1,2011-10-13T15:25:00,9.13,,United Kingdom
571082,84915,HAND TOWEL PINK FLOWER AND DAISY,1,2011-10-13T15:25:00,4.13,,United Kingdom
571082,84969,BOX OF 6 ASSORTED COLOUR TEASPOONS,1,2011-10-13T15:25:00,8.29,,United Kingdom
571082,84971S,SMALL HEART FLOWERS HOOK,1,2011-10-13T15:25:00,1.63,,United Kingdom
571082,84991,60 TEATIME FAIRY CAKE CASES,2,2011-10-13T15:25:00,1.25,,United Kingdom
571082,84993A,75 GREEN PETIT FOUR CASES,1,2011-10-13T15:25:00,0.83,,United Kingdom
571082,85017B,ENVELOPE 50 BLOSSOM IMAGES,1,2011-10-13T15:25:00,0.83,,United Kingdom
571082,85032A,ROMANTIC IMAGES GIFT WRAP SET,1,2011-10-13T15:25:00,1.63,,United Kingdom
571082,85039A,SET/4 RED MINI ROSE CANDLE IN BOWL,6,2011-10-13T15:25:00,1.63,,United Kingdom
571082,85039B,S/4 IVORY MINI ROSE CANDLE IN BOWL,6,2011-10-13T15:25:00,1.63,,United Kingdom
571082,85049E,SCANDINAVIAN REDS RIBBONS,1,2011-10-13T15:25:00,2.46,,United Kingdom
571082,85049H,URBAN BLACK RIBBONS,4,2011-10-13T15:25:00,0.83,,United Kingdom
571082,85099B,JUMBO BAG RED RETROSPOT,2,2011-10-13T15:25:00,4.13,,United Kingdom
571082,85099F,JUMBO BAG STRAWBERRY,2,2011-10-13T15:25:00,4.13,,United Kingdom
571082,85129D,BEADED CRYSTAL HEART PINK SMALL,1,2011-10-13T15:25:00,2.46,,United Kingdom
571082,85131B,BEADED CRYSTAL HEART GREEN ON STICK,1,2011-10-13T15:25:00,0.83,,United Kingdom
571082,85131D,BEADED CRYSTAL HEART PINK ON STICK,1,2011-10-13T15:25:00,0.83,,United Kingdom
571082,85152,HAND OVER THE CHOCOLATE   SIGN,1,2011-10-13T15:25:00,4.13,,United Kingdom
571082,90059F,DIAMANTE HAIR GRIP PACK/2 LT ROSE,1,2011-10-13T15:25:00,1.65,,United Kingdom
571082,90101,WHITE FRANGIPANI NECKLACE,3,2011-10-13T15:25:00,2.48,,United Kingdom
571082,DOT,DOTCOM POSTAGE,1,2011-10-13T15:25:00,213.13,,United Kingdom
571204,22180,RETROSPOT LAMP,6,2011-10-14T12:34:00,9.95,17677,United Kingdom
571234,84596B,SMALL DOLLY MIX DESIGN ORANGE BOWL,56,2011-10-14T14:28:00,0.42,15856,United Kingdom
571234,84596F,SMALL MARSHMALLOWS PINK BOWL,56,2011-10-14T14:28:00,0.42,15856,United Kingdom
571551,21912,VINTAGE SNAKES & LADDERS,4,2011-10-18T08:28:00,3.75,15637,United Kingdom
571551,22138,BAKING SET 9 PIECE RETROSPOT,3,2011-10-18T08:28:00,4.95,15637,United Kingdom
571551,22431,WATERING CAN BLUE ELEPHANT,6,2011-10-18T08:28:00,1.95,15637,United Kingdom
571551,22577,WOODEN HEART CHRISTMAS SCANDINAVIAN,24,2011-10-18T08:28:00,0.29,15637,United Kingdom
571551,22578,WOODEN STAR CHRISTMAS SCANDINAVIAN,24,2011-10-18T08:28:00,0.29,15637,United Kingdom
571551,22619,SET OF 6 SOLDIER SKITTLES,8,2011-10-18T08:28:00,3.75,15637,United Kingdom
571551,22620,4 TRADITIONAL SPINNING TOPS,12,2011-10-18T08:28:00,1.45,15637,United Kingdom
571551,22822,CREAM WALL PLANTER HEART SHAPED,2,2011-10-18T08:28:00,5.95,15637,United Kingdom
571551,22928,YELLOW GIANT GARDEN THERMOMETER,2,2011-10-18T08:28:00,5.95,15637,United Kingdom
571551,22960,JAM MAKING SET WITH JARS,6,2011-10-18T08:28:00,4.25,15637,United Kingdom
571551,23293,SET OF 12 FAIRY CAKE BAKING CASES,8,2011-10-18T08:28:00,0.83,15637,United Kingdom
571551,23298,SPOTTY BUNTING,3,2011-10-18T08:28:00,4.95,15637,United Kingdom
571551,23434,3 RAFFIA RIBBONS 50'S CHRISTMAS,10,2011-10-18T08:28:00,0.79,15637,United Kingdom
571551,23461,SWEETHEART BIRD HOUSE,4,2011-10-18T08:28:00,4.15,15637,United Kingdom
571551,84375,SET OF 20 KIDS COOKIE CUTTERS,12,2011-10-18T08:28:00,2.1,15637,United Kingdom
571636,20674,GREEN POLKADOT BOWL,16,2011-10-18T11:41:00,1.25,13509,United Kingdom
571636,20675,BLUE POLKADOT BOWL,16,2011-10-18T11:41:00,1.25,13509,United Kingdom
571636,20676,RED RETROSPOT BOWL,16,2011-10-18T11:41:00,1.25,13509,United Kingdom
571636,20677,PINK POLKADOT BOWL,16,2011-10-18T11:41:00,1.25,13509,United Kingdom
571636,20974,12 PENCILS SMALL TUBE SKULL,24,2011-10-18T11:41:00,0.65,13509,United Kingdom
571636,20975,12 PENCILS SMALL TUBE RED RETROSPOT,24,2011-10-18T11:41:00,0.65,13509,United Kingdom
571636,22128,PARTY CONES CANDY ASSORTED,36,2011-10-18T11:41:00,1.25,13509,United Kingdom
571636,22197,POPCORN HOLDER,24,2011-10-18T11:41:00,0.85,13509,United Kingdom
571712,20726,LUNCH BAG WOODLAND,3,2011-10-18T16:46:00,1.65,14056,United Kingdom
571712,20914,SET/5 RED RETROSPOT LID GLASS BOWLS,6,2011-10-18T16:46:00,2.95,14056,United Kingdom
571712,21039,RED RETROSPOT SHOPPING BAG,1,2011-10-18T16:46:00,2.55,14056,United Kingdom
571712,21116,OWL DOORSTOP,2,2011-10-18T16:46:00,4.95,14056,United Kingdom
571712,21116,OWL DOORSTOP,3,2011-10-18T16:46:00,4.95,14056,United Kingdom
571712,21155,RED RETROSPOT PEG BAG,2,2011-10-18T16:46:00,2.55,14056,United Kingdom
571712,21507,ELEPHANT BIRTHDAY CARD,12,2011-10-18T16:46:00,0.42,14056,United Kingdom
571712,21523,DOORMAT FANCY FONT HOME SWEET HOME,1,2011-10-18T16:46:00,8.25,14056,United Kingdom
571712,21754,HOME BUILDING BLOCK WORD,2,2011-10-18T16:46:00,6.25,14056,United Kingdom
571712,21790,VINTAGE SNAP CARDS,2,2011-10-18T16:46:00,0.85,14056,United Kingdom
571712,21791,VINTAGE HEADS AND TAILS CARD GAME,3,2011-10-18T16:46:00,1.25,14056,United Kingdom
571712,21880,RED RETROSPOT TAPE,2,2011-10-18T16:46:00,0.65,14056,United Kingdom
571712,21882,SKULLS TAPE,1,2011-10-18T16:46:00,0.65,14056,United Kingdom
571712,21883,STARS GIFT TAPE,2,2011-10-18T16:46:00,0.65,14056,United Kingdom
571712,22113,GREY HEART HOT WATER BOTTLE,3,2011-10-18T16:46:00,4.25,14056,United Kingdom
571712,22326,ROUND SNACK BOXES SET OF4 WOODLAND,4,2011-10-18T16:46:00,2.95,14056,United Kingdom
571712,22328,ROUND SNACK BOXES SET OF 4 FRUITS,3,2011-10-18T16:46:00,2.95,14056,United Kingdom
571712,22367,CHILDRENS APRON SPACEBOY DESIGN,3,2011-10-18T16:46:00,1.95,14056,United Kingdom
571712,22424,ENAMEL BREAD BIN CREAM,1,2011-10-18T16:46:00,12.75,14056,United Kingdom
571712,22467,GUMBALL COAT RACK,6,2011-10-18T16:46:00,2.55,14056,United Kingdom
571712,22496,SET OF 2 ROUND TINS DUTCH CHEESE,3,2011-10-18T16:46:00,2.95,14056,United Kingdom
571712,22549,PICTURE DOMINOES,2,2011-10-18T16:46:00,1.45,14056,United Kingdom
571712,22551,PLASTERS IN TIN SPACEBOY,3,2011-10-18T16:46:00,1.65,14056,United Kingdom
571712,22553,PLASTERS IN TIN SKULLS,4,2011-10-18T16:46:00,1.65,14056,United Kingdom
571712,22554,PLASTERS IN TIN WOODLAND ANIMALS,3,2011-10-18T16:46:00,1.65,14056,United Kingdom
571712,22555,PLASTERS IN TIN STRONGMAN,4,2011-10-18T16:46:00,1.65,14056,United Kingdom
571712,22556,PLASTERS IN TIN CIRCUS PARADE,3,2011-10-18T16:46:00,1.65,14056,United Kingdom
571712,22616,PACK OF 12 LONDON TISSUES,24,2011-10-18T16:46:00,0.39,14056,United Kingdom
571712,22720,SET OF 3 CAKE TINS PANTRY DESIGN,1,2011-10-18T16:46:00,4.95,14056,United Kingdom
571712,22722,SET OF 6 SPICE TINS PANTRY DESIGN,3,2011-10-18T16:46:00,3.95,14056,United Kingdom
571712,22723,SET OF 6 HERB TINS SKETCHBOOK,3,2011-10-18T16:46:00,3.95,14056,United Kingdom
571712,22729,ALARM CLOCK BAKELIKE ORANGE,1,2011-10-18T16:46:00,3.75,14056,United Kingdom
571712,22843,BISCUIT TIN VINTAGE GREEN,1,2011-10-18T16:46:00,6.75,14056,United Kingdom
571712,22897,OVEN MITT APPLES DESIGN,2,2011-10-18T16:46:00,1.45,14056,United Kingdom
571712,22899,CHILDREN'S APRON DOLLY GIRL,4,2011-10-18T16:46:00,2.1,14056,United Kingdom
571712,22904,CALENDAR PAPER CUT DESIGN,5,2011-10-18T16:46:00,2.95,14056,United Kingdom
571712,22973,CHILDREN'S CIRCUS PARADE MUG,4,2011-10-18T16:46:00,1.65,14056,United Kingdom
571712,22975,SPACEBOY CHILDRENS EGG CUP,6,2011-10-18T16:46:00,1.25,14056,United Kingdom
571712,22988,SOLDIERS EGG CUP,12,2011-10-18T16:46:00,1.25,14056,United Kingdom
571712,22993,SET OF 4 PANTRY JELLY MOULDS,3,2011-10-18T16:46:00,1.25,14056,United Kingdom
571712,23049,RECYCLED ACAPULCO MAT RED,3,2011-10-18T16:46:00,8.25,14056,United Kingdom
571712,23051,RECYCLED ACAPULCO MAT BLUE,4,2011-10-18T16:46:00,8.25,14056,United Kingdom
571712,23188,VINTAGE  2 METRE FOLDING RULER,6,2011-10-18T16:46:00,1.65,14056,United Kingdom
571712,23196,VINTAGE LEAF MAGNETIC NOTEPAD,4,2011-10-18T16:46:00,1.45,14056,United Kingdom
571712,23197,SKETCHBOOK MAGNETIC SHOPPING LIST,4,2011-10-18T16:46:00,1.45,14056,United Kingdom
571712,23209,LUNCH BAG VINTAGE DOILY,5,2011-10-18T16:46:00,1.65,14056,United Kingdom
571712,23238,SET OF 4 KNICK KNACK TINS LONDON,4,2011-10-18T16:46:00,4.15,14056,United Kingdom
571712,23240,SET OF 4 KNICK KNACK TINS DOILY,5,2011-10-18T16:46:00,4.15,14056,United Kingdom
571712,23243,SET OF TEA COFFEE SUGAR TINS PANTRY,3,2011-10-18T16:46:00,4.95,14056,United Kingdom
571712,23245,SET OF 3 REGENCY CAKE TINS,2,2011-10-18T16:46:00,4.95,14056,United Kingdom
571712,23280,FOLDING BUTTERFLY MIRROR HOT PINK,12,2011-10-18T16:46:00,0.83,14056,United Kingdom
571712,23281,FOLDING BUTTERFLY MIRROR RED,12,2011-10-18T16:46:00,0.83,14056,United Kingdom
571712,23282,FOLDING BUTTERFLY MIRROR IVORY,12,2011-10-18T16:46:00,0.83,14056,United Kingdom
571712,23283,DOORMAT VINTAGE LEAF,1,2011-10-18T16:46:00,8.25,14056,United Kingdom
571712,23298,SPOTTY BUNTING,7,2011-10-18T16:46:00,4.95,14056,United Kingdom
571712,23356,LOVE HOT WATER BOTTLE,6,2011-10-18T16:46:00,5.95,14056,United Kingdom
571712,23365,SET 12 COLOUR PENCILS LOVE LONDON,8,2011-10-18T16:46:00,0.65,14056,United Kingdom
571712,23366,SET 12 COLOURING PENCILS DOILY,8,2011-10-18T16:46:00,0.65,14056,United Kingdom
571712,23367,SET 12 COLOUR PENCILS SPACEBOY,12,2011-10-18T16:46:00,0.65,14056,United Kingdom
571712,23368,SET 12 COLOUR PENCILS DOLLY GIRL,12,2011-10-18T16:46:00,0.65,14056,United Kingdom
571712,23503,PLAYING CARDS KEEP CALM & CARRY ON,1,2011-10-18T16:46:00,1.25,14056,United Kingdom
571712,23504,PLAYING CARDS JUBILEE UNION JACK,3,2011-10-18T16:46:00,1.25,14056,United Kingdom
571712,23568,EGG CUP HENRIETTA HEN CREAM,4,2011-10-18T16:46:00,1.25,14056,United Kingdom
571712,23660,HENRIETTA HEN MUG,2,2011-10-18T16:46:00,1.65,14056,United Kingdom
571712,84030E,ENGLISH ROSE HOT WATER BOTTLE,1,2011-10-18T16:46:00,4.25,14056,United Kingdom
571712,84375,SET OF 20 KIDS COOKIE CUTTERS,3,2011-10-18T16:46:00,2.1,14056,United Kingdom
571890,21485,RETROSPOT HEART HOT WATER BOTTLE,3,2011-10-19T14:05:00,4.95,16826,United Kingdom
571890,21523,DOORMAT FANCY FONT HOME SWEET HOME,2,2011-10-19T14:05:00,8.25,16826,United Kingdom
571890,21754,HOME BUILDING BLOCK WORD,3,2011-10-19T14:05:00,6.25,16826,United Kingdom
571890,21790,VINTAGE SNAP CARDS,12,2011-10-19T14:05:00,0.85,16826,United Kingdom
571890,21877,HOME SWEET HOME MUG,12,2011-10-19T14:05:00,1.65,16826,United Kingdom
571890,22197,POPCORN HOLDER,12,2011-10-19T14:05:00,0.85,16826,United Kingdom
571890,22424,ENAMEL BREAD BIN CREAM,1,2011-10-19T14:05:00,12.75,16826,United Kingdom
571890,22621,TRADITIONAL KNITTING NANCY,12,2011-10-19T14:05:00,1.65,16826,United Kingdom
571890,22759,SET OF 3 NOTEBOOKS IN PARCEL,12,2011-10-19T14:05:00,1.65,16826,United Kingdom
571890,22922,FRIDGE MAGNETS US DINER ASSORTED,12,2011-10-19T14:05:00,0.85,16826,United Kingdom
571890,22969,HOMEMADE JAM SCENTED CANDLES,12,2011-10-19T14:05:00,1.45,16826,United Kingdom
571890,23177,TREASURE ISLAND BOOK BOX,8,2011-10-19T14:05:00,2.25,16826,United Kingdom
571890,23240,SET OF 4 KNICK KNACK TINS DOILY,6,2011-10-19T14:05:00,4.15,16826,United Kingdom
571890,23284,DOORMAT KEEP CALM AND COME IN,2,2011-10-19T14:05:00,8.25,16826,United Kingdom
571890,23355,HOT WATER BOTTLE KEEP CALM,4,2011-10-19T14:05:00,4.95,16826,United Kingdom
571890,23375,50'S CHRISTMAS PAPER GIFT BAG,10,2011-10-19T14:05:00,0.82,16826,United Kingdom
571890,23399,HOME SWEET HOME HANGING HEART,12,2011-10-19T14:05:00,0.85,16826,United Kingdom
571890,23400,SHELF WITH 4 HOOKS HOME SWEET HOME,2,2011-10-19T14:05:00,6.25,16826,United Kingdom
571890,23532,WALL ART WORK REST AND PLAY,3,2011-10-19T14:05:00,4.95,16826,United Kingdom
571890,47566,PARTY BUNTING,4,2011-10-19T14:05:00,4.95,16826,United Kingdom
571890,48138,DOORMAT UNION FLAG,2,2011-10-19T14:05:00,8.25,16826,United Kingdom
571890,84832,ZINC WILLIE WINKIE  CANDLE STICK,12,2011-10-19T14:05:00,0.85,16826,United Kingdom
572089,21166,COOK WITH WINE METAL SIGN,12,2011-10-20T14:33:00,2.08,15565,United Kingdom
572089,21181,PLEASE ONE PERSON METAL SIGN,12,2011-10-20T14:33:00,2.1,15565,United Kingdom
572089,22413,METAL SIGN TAKE IT OR LEAVE IT,6,2011-10-20T14:33:00,2.95,15565,United Kingdom
572089,48173C,DOORMAT BLACK FLOCK,2,2011-10-20T14:33:00,8.25,15565,United Kingdom
572212,21915,RED  HARMONICA IN BOX,240,2011-10-21T12:25:00,1.06,13918,United Kingdom
572212,22529,MAGIC DRAWING SLATE GO TO THE FAIR,192,2011-10-21T12:25:00,0.36,13918,United Kingdom
572212,22651,GENTLEMAN SHIRT REPAIR KIT,24,2011-10-21T12:25:00,0.85,13918,United Kingdom
572212,22699,ROSES REGENCY TEACUP AND SAUCER,6,2011-10-21T12:25:00,2.95,13918,United Kingdom
572212,22771,CLEAR DRAWER KNOB ACRYLIC EDWARDIAN,12,2011-10-21T12:25:00,1.25,13918,United Kingdom
572212,22772,PINK DRAWER KNOB ACRYLIC EDWARDIAN,12,2011-10-21T12:25:00,1.25,13918,United Kingdom
572212,22773,GREEN DRAWER KNOB ACRYLIC EDWARDIAN,12,2011-10-21T12:25:00,1.25,13918,United Kingdom
572212,22774,RED DRAWER KNOB ACRYLIC EDWARDIAN,12,2011-10-21T12:25:00,1.25,13918,United Kingdom
572212,22805,BLUE DRAWER KNOB ACRYLIC EDWARDIAN,12,2011-10-21T12:25:00,1.25,13918,United Kingdom
572212,23012,GLASS APOTHECARY BOTTLE PERFUME,12,2011-10-21T12:25:00,3.45,13918,United Kingdom
572212,23013,GLASS APOTHECARY BOTTLE TONIC,12,2011-10-21T12:25:00,3.45,13918,United Kingdom
572212,23014,GLASS APOTHECARY BOTTLE ELIXIR,12,2011-10-21T12:25:00,3.45,13918,United Kingdom
572212,23029,DRAWER KNOB CRACKLE GLAZE GREEN,12,2011-10-21T12:25:00,1.65,13918,United Kingdom
572212,23031,DRAWER KNOB CRACKLE GLAZE PINK,12,2011-10-21T12:25:00,1.65,13918,United Kingdom
572212,23032,DRAWER KNOB CRACKLE GLAZE IVORY,12,2011-10-21T12:25:00,1.65,13918,United Kingdom
572212,23162,REGENCY TEA STRAINER,48,2011-10-21T12:25:00,3.29,13918,United Kingdom
572212,23170,REGENCY TEA PLATE ROSES,12,2011-10-21T12:25:00,1.65,13918,United Kingdom
572212,23173,REGENCY TEAPOT ROSES,2,2011-10-21T12:25:00,9.95,13918,United Kingdom
572212,23418,LAVENDER TOILETTE BOTTLE,48,2011-10-21T12:25:00,1.79,13918,United Kingdom
572212,84077,WORLD WAR 2 GLIDERS ASSTD DESIGNS,288,2011-10-21T12:25:00,0.21,13918,United Kingdom
572212,85177,BASKET OF FLOWERS SEWING KIT,24,2011-10-21T12:25:00,0.85,13918,United Kingdom
572212,85178,VICTORIAN SEWING KIT,24,2011-10-21T12:25:00,1.25,13918,United Kingdom
572655,20728,LUNCH BAG CARS BLUE,10,2011-10-25T12:20:00,1.65,16708,United Kingdom
572655,21257,VICTORIAN SEWING BOX MEDIUM,4,2011-10-25T12:20:00,7.95,16708,United Kingdom
572655,21889,WOODEN BOX OF DOMINOES,12,2011-10-25T12:20:00,1.25,16708,United Kingdom
572655,21890,S/6 WOODEN SKITTLES IN COTTON BAG,6,2011-10-25T12:20:00,3.25,16708,United Kingdom
572655,22086,PAPER CHAIN KIT 50'S CHRISTMAS,24,2011-10-25T12:20:00,2.95,16708,United Kingdom
572655,22573,STAR WOODEN CHRISTMAS DECORATION,12,2011-10-25T12:20:00,0.85,16708,United Kingdom
572655,22574,HEART WOODEN CHRISTMAS DECORATION,12,2011-10-25T12:20:00,0.85,16708,United Kingdom
572655,22576,SWALLOW WOODEN CHRISTMAS DECORATION,12,2011-10-25T12:20:00,0.85,16708,United Kingdom
572655,22619,SET OF 6 SOLDIER SKITTLES,12,2011-10-25T12:20:00,3.75,16708,United Kingdom
572655,22621,TRADITIONAL KNITTING NANCY,12,2011-10-25T12:20:00,1.65,16708,United Kingdom
572655,22654,DELUXE SEWING KIT,3,2011-10-25T12:20:00,5.95,16708,United Kingdom
572655,22697,GREEN REGENCY TEACUP AND SAUCER,6,2011-10-25T12:20:00,2.95,16708,United Kingdom
572655,22699,ROSES REGENCY TEACUP AND SAUCER,6,2011-10-25T12:20:00,2.95,16708,United Kingdom
572655,22947,WOODEN ADVENT CALENDAR RED,2,2011-10-25T12:20:00,16.95,16708,United Kingdom
572655,22993,SET OF 4 PANTRY JELLY MOULDS,12,2011-10-25T12:20:00,1.25,16708,United Kingdom
572655,23083,SET 6 PAPER TABLE LANTERN STARS,24,2011-10-25T12:20:00,3.75,16708,United Kingdom
572655,23170,REGENCY TEA PLATE ROSES,12,2011-10-25T12:20:00,1.65,16708,United Kingdom
572655,23171,REGENCY TEA PLATE GREEN,12,2011-10-25T12:20:00,1.65,16708,United Kingdom
572655,23173,REGENCY TEAPOT ROSES,2,2011-10-25T12:20:00,9.95,16708,United Kingdom
572655,23174,REGENCY SUGAR BOWL GREEN,4,2011-10-25T12:20:00,4.15,16708,United Kingdom
572655,23307,SET OF 60 PANTRY DESIGN CAKE CASES,24,2011-10-25T12:20:00,0.55,16708,United Kingdom
572655,23319,BOX OF 6 MINI 50'S CRACKERS,12,2011-10-25T12:20:00,2.49,16708,United Kingdom
572655,23569,TRADTIONAL ALPHABET STAMP SET,4,2011-10-25T12:20:00,4.95,16708,United Kingdom
572655,23571,TRADITIONAL NAUGHTS & CROSSES,12,2011-10-25T12:20:00,1.65,16708,United Kingdom
572655,23583,LUNCH BAG PAISLEY PARK,10,2011-10-25T12:20:00,1.65,16708,United Kingdom
572655,84375,SET OF 20 KIDS COOKIE CUTTERS,12,2011-10-25T12:20:00,2.1,16708,United Kingdom
572655,85049G,CHOCOLATE BOX RIBBONS,12,2011-10-25T12:20:00,1.25,16708,United Kingdom
572682,15056N,EDWARDIAN PARASOL NATURAL,12,2011-10-25T13:52:00,5.95,17928,United Kingdom
572682,22798,ANTIQUE GLASS DRESSING TABLE POT,4,2011-10-25T13:52:00,2.95,17928,United Kingdom
572682,22800,ANTIQUE TALL SWIRLGLASS TRINKET POT,4,2011-10-25T13:52:00,3.75,17928,United Kingdom
572682,22801,ANTIQUE GLASS PEDESTAL BOWL,1,2011-10-25T13:52:00,3.75,17928,United Kingdom
572682,72802C,VANILLA SCENT CANDLE JEWELLED BOX,1,2011-10-25T13:52:00,4.25,17928,United Kingdom
572682,M,Manual,72,2011-10-25T13:52:00,0.39,17928,United Kingdom
573005,17003,BROCADE RING PURSE,720,2011-10-27T12:13:00,0.25,17414,United Kingdom
573104,20725,LUNCH BAG RED RETROSPOT,10,2011-10-27T14:59:00,1.65,17652,United Kingdom
573104,21533,RETROSPOT LARGE MILK JUG,3,2011-10-27T14:59:00,4.95,17652,United Kingdom
573104,21535,RED RETROSPOT SMALL MILK JUG,6,2011-10-27T14:59:00,2.55,17652,United Kingdom
573104,21558,SKULL LUNCH BOX WITH CUTLERY,6,2011-10-27T14:59:00,2.55,17652,United Kingdom
573104,22086,PAPER CHAIN KIT 50'S CHRISTMAS,6,2011-10-27T14:59:00,2.95,17652,United Kingdom
573104,22139,RETROSPOT TEA SET CERAMIC 11 PC,9,2011-10-27T14:59:00,4.95,17652,United Kingdom
573104,22571,ROCKING HORSE RED CHRISTMAS,96,2011-10-27T14:59:00,0.72,17652,United Kingdom
573104,22572,ROCKING HORSE GREEN CHRISTMAS,96,2011-10-27T14:59:00,0.72,17652,United Kingdom
573104,23266,SET OF 3 WOODEN STOCKING DECORATION,12,2011-10-27T14:59:00,1.25,17652,United Kingdom
573104,23343,JUMBO BAG VINTAGE CHRISTMAS,10,2011-10-27T14:59:00,2.08,17652,United Kingdom
573104,23494,VINTAGE DOILY DELUXE SEWING KIT,3,2011-10-27T14:59:00,5.95,17652,United Kingdom
573104,23581,JUMBO BAG PAISLEY PARK,10,2011-10-27T14:59:00,2.08,17652,United Kingdom
573104,23583,LUNCH BAG PAISLEY PARK,10,2011-10-27T14:59:00,1.65,17652,United Kingdom
573117,20981,12 PENCILS TALL TUBE WOODLAND,12,2011-10-27T16:11:00,0.85,16688,United Kingdom
573117,20983,12 PENCILS TALL TUBE RED RETROSPOT,12,2011-10-27T16:11:00,0.85,16688,United Kingdom
573117,21507,ELEPHANT BIRTHDAY CARD,12,2011-10-27T16:11:00,0.42,16688,United Kingdom
573117,21983,PACK OF 12 BLUE PAISLEY TISSUES,24,2011-10-27T16:11:00,0.39,16688,United Kingdom
573117,22489,PACK OF 12 TRADITIONAL CRAYONS,24,2011-10-27T16:11:00,0.42,16688,United Kingdom
573117,22491,PACK OF 12 COLOURED PENCILS,12,2011-10-27T16:11:00,0.85,16688,United Kingdom
573117,22560,TRADITIONAL MODELLING CLAY,24,2011-10-27T16:11:00,1.25,16688,United Kingdom
573117,22561,WOODEN SCHOOL COLOURING SET,12,2011-10-27T16:11:00,1.65,16688,United Kingdom
573117,22568,FELTCRAFT CUSHION OWL,8,2011-10-27T16:11:00,3.75,16688,United Kingdom
573117,22615,PACK OF 12 CIRCUS PARADE TISSUES,24,2011-10-27T16:11:00,0.39,16688,United Kingdom
573117,22716,CARD CIRCUS PARADE,12,2011-10-27T16:11:00,0.42,16688,United Kingdom
573117,22725,ALARM CLOCK BAKELIKE CHOCOLATE,4,2011-10-27T16:11:00,3.75,16688,United Kingdom
573117,22726,ALARM CLOCK BAKELIKE GREEN,4,2011-10-27T16:11:00,3.75,16688,United Kingdom
573117,22727,ALARM CLOCK BAKELIKE RED,4,2011-10-27T16:11:00,3.75,16688,United Kingdom
573117,22728,ALARM CLOCK BAKELIKE PINK,4,2011-10-27T16:11:00,3.75,16688,United Kingdom
573117,22816,CARD MOTORBIKE SANTA,12,2011-10-27T16:11:00,0.42,16688,United Kingdom
573117,22996,TRAVEL CARD WALLET VINTAGE TICKET,24,2011-10-27T16:11:00,0.42,16688,United Kingdom
573117,22999,TRAVEL CARD WALLET VINTAGE LEAF,24,2011-10-27T16:11:00,0.42,16688,United Kingdom
573117,23228,FILIGREE HEART BIRD WHITE,24,2011-10-27T16:11:00,1.25,16688,United Kingdom
573117,23349,ROLL WRAP VINTAGE CHRISTMAS,24,2011-10-27T16:11:00,1.25,16688,United Kingdom
573117,23350,ROLL WRAP VINTAGE SPOT,24,2011-10-27T16:11:00,1.25,16688,United Kingdom
573117,23351,ROLL WRAP 50'S CHRISTMAS,24,2011-10-27T16:11:00,1.25,16688,United Kingdom
573117,23352,ROLL WRAP 50'S RED CHRISTMAS,24,2011-10-27T16:11:00,1.25,16688,United Kingdom
573117,23353,6 GIFT TAGS VINTAGE CHRISTMAS,48,2011-10-27T16:11:00,0.83,16688,United Kingdom
573117,23354,6 GIFT TAGS 50'S CHRISTMAS,48,2011-10-27T16:11:00,0.83,16688,United Kingdom
573117,23365,SET 12 COLOUR PENCILS LOVE LONDON,16,2011-10-27T16:11:00,0.65,16688,United Kingdom
573117,23369,SET 36 COLOUR PENCILS LOVE LONDON,16,2011-10-27T16:11:00,1.25,16688,United Kingdom
573117,23379,PACK OF 12 RED APPLE TISSUES,24,2011-10-27T16:11:00,0.39,16688,United Kingdom
573117,23533,WALL ART GARDEN HAVEN,3,2011-10-27T16:11:00,5.95,16688,United Kingdom
573117,23541,WALL ART CLASSIC PUDDINGS,4,2011-10-27T16:11:00,8.25,16688,United Kingdom
573117,23542,WALL ART 70'S ALPHABET,4,2011-10-27T16:11:00,8.25,16688,United Kingdom
573117,85049A,TRADITIONAL CHRISTMAS RIBBONS,24,2011-10-27T16:11:00,1.25,16688,United Kingdom
573117,85049E,SCANDINAVIAN REDS RIBBONS,24,2011-10-27T16:11:00,1.25,16688,United Kingdom
573153,16161P,WRAP ENGLISH ROSE,75,2011-10-28T07:39:00,0.42,12678,France
573153,20725,LUNCH BAG RED RETROSPOT,80,2011-10-28T07:39:00,1.65,12678,France
573153,21080,SET/20 RED RETROSPOT PAPER NAPKINS,120,2011-10-28T07:39:00,0.72,12678,France
573153,21086,SET/6 RED SPOTTY PAPER CUPS,120,2011-10-28T07:39:00,0.65,12678,France
573153,21094,SET/6 RED SPOTTY PAPER PLATES,120,2011-10-28T07:39:00,0.64,12678,France
573153,21914,BLUE HARMONICA IN BOX,108,2011-10-28T07:39:00,1.25,12678,France
573153,21915,RED  HARMONICA IN BOX,108,2011-10-28T07:39:00,1.25,12678,France
573153,22045,SPACEBOY GIFT WRAP,75,2011-10-28T07:39:00,0.42,12678,France
573153,22138,BAKING SET 9 PIECE RETROSPOT,72,2011-10-28T07:39:00,4.25,12678,France
573153,22326,ROUND SNACK BOXES SET OF4 WOODLAND,96,2011-10-28T07:39:00,2.55,12678,France
573153,22328,ROUND SNACK BOXES SET OF 4 FRUITS,48,2011-10-28T07:39:00,2.55,12678,France
573153,22382,LUNCH BAG SPACEBOY DESIGN,80,2011-10-28T07:39:00,1.65,12678,France
573153,22386,JUMBO BAG PINK POLKADOT,300,2011-10-28T07:39:00,1.79,12678,France
573153,22417,PACK OF 60 SPACEBOY CAKE CASES,72,2011-10-28T07:39:00,0.55,12678,France
573153,22492,MINI PAINT SET VINTAGE,108,2011-10-28T07:39:00,0.65,12678,France
573153,22551,PLASTERS IN TIN SPACEBOY,84,2011-10-28T07:39:00,1.65,12678,France
573153,22553,PLASTERS IN TIN SKULLS,48,2011-10-28T07:39:00,1.65,12678,France
573153,22554,PLASTERS IN TIN WOODLAND ANIMALS,84,2011-10-28T07:39:00,1.65,12678,France
573153,22555,PLASTERS IN TIN STRONGMAN,48,2011-10-28T07:39:00,1.65,12678,France
573153,22556,PLASTERS IN TIN CIRCUS PARADE,84,2011-10-28T07:39:00,1.65,12678,France
573153,22560,TRADITIONAL MODELLING CLAY,24,2011-10-28T07:39:00,1.25,12678,France
573153,22615,PACK OF 12 CIRCUS PARADE TISSUES,120,2011-10-28T07:39:00,0.39,12678,France
573153,22616,PACK OF 12 LONDON TISSUES,120,2011-10-28T07:39:00,0.39,12678,France
573153,22629,SPACEBOY LUNCH BOX,48,2011-10-28T07:39:00,1.95,12678,France
573153,22631,CIRCUS PARADE LUNCH BOX,48,2011-10-28T07:39:00,1.95,12678,France
573153,22659,LUNCH BOX I LOVE LONDON,24,2011-10-28T07:39:00,1.95,12678,France
573153,22704,WRAP RED APPLES,75,2011-10-28T07:39:00,0.42,12678,France
573153,22710,WRAP I LOVE LONDON,50,2011-10-28T07:39:00,0.42,12678,France
573153,22726,ALARM CLOCK BAKELIKE GREEN,48,2011-10-28T07:39:00,3.75,12678,France
573153,22727,ALARM CLOCK BAKELIKE RED,48,2011-10-28T07:39:00,3.75,12678,France
573153,22728,ALARM CLOCK BAKELIKE PINK,48,2011-10-28T07:39:00,3.75,12678,France
573153,22907,PACK OF 20 NAPKINS PANTRY DESIGN,96,2011-10-28T07:39:00,0.72,12678,France
573153,22961,JAM MAKING SET PRINTED,36,2011-10-28T07:39:00,1.45,12678,France
573153,22962,JAM JAR WITH PINK LID,48,2011-10-28T07:39:00,0.72,12678,France
573153,22963,JAM JAR WITH GREEN LID,48,2011-10-28T07:39:00,0.72,12678,France
573153,22989,SET 2 PANTRY DESIGN TEA TOWELS,48,2011-10-28T07:39:00,3.25,12678,France
573153,23084,RABBIT NIGHT LIGHT,912,2011-10-28T07:39:00,1.79,12678,France
573153,23189,SET OF 12 FORK CANDLES,24,2011-10-28T07:39:00,2.89,12678,France
573153,23203,JUMBO BAG VINTAGE DOILY,300,2011-10-28T07:39:00,1.79,12678,France
573153,23209,LUNCH BAG VINTAGE DOILY,80,2011-10-28T07:39:00,1.65,12678,France
573153,23231,WRAP  VINTAGE DOILY,75,2011-10-28T07:39:00,0.42,12678,France
573153,23238,SET OF 4 KNICK KNACK TINS LONDON,24,2011-10-28T07:39:00,4.15,12678,France
573153,23255,CHILDRENS CUTLERY CIRCUS PARADE,64,2011-10-28T07:39:00,4.15,12678,France
573153,23256,CHILDRENS CUTLERY SPACEBOY,64,2011-10-28T07:39:00,4.15,12678,France
573153,23285,PINK VINTAGE SPOT BEAKER,8,2011-10-28T07:39:00,0.85,12678,France
573153,23286,BLUE VINTAGE SPOT BEAKER,8,2011-10-28T07:39:00,0.85,12678,France
573153,23287,RED VINTAGE SPOT BEAKER,16,2011-10-28T07:39:00,0.85,12678,France
573153,23293,SET OF 12 FAIRY CAKE BAKING CASES,72,2011-10-28T07:39:00,0.83,12678,France
573153,23295,SET OF 12 MINI LOAF BAKING CASES,48,2011-10-28T07:39:00,0.83,12678,France
573153,23296,SET OF 6 TEA TIME BAKING CASES,36,2011-10-28T07:39:00,1.25,12678,France
573153,23307,SET OF 60 PANTRY DESIGN CAKE CASES,72,2011-10-28T07:39:00,0.55,12678,France
573153,23309,SET OF 60 I LOVE LONDON CAKE CASES,72,2011-10-28T07:39:00,0.55,12678,France
573153,23382,BOX OF 6 CHRISTMAS CAKE DECORATIONS,72,2011-10-28T07:39:00,3.29,12678,France
573153,23493,VINTAGE DOILY TRAVEL SEWING KIT,24,2011-10-28T07:39:00,1.95,12678,France
573153,84375,SET OF 20 KIDS COOKIE CUTTERS,60,2011-10-28T07:39:00,2.1,12678,France
573153,84378,SET OF 3 HEART COOKIE CUTTERS,48,2011-10-28T07:39:00,1.45,12678,France
573153,84988,SET OF 72 PINK HEART PAPER DOILIES,48,2011-10-28T07:39:00,1.45,12678,France
573153,84991,60 TEATIME FAIRY CAKE CASES,72,2011-10-28T07:39:00,0.55,12678,France
573153,84997B,CHILDRENS CUTLERY RETROSPOT RED,96,2011-10-28T07:39:00,3.75,12678,France
573153,84997D,CHILDRENS CUTLERY POLKADOT PINK,48,2011-10-28T07:39:00,4.15,12678,France
573153,POST,POSTAGE,3,2011-10-28T07:39:00,145,12678,France
573169,35600A,Found by jackie,1,2011-10-28T09:56:00,0,,United Kingdom
573329,20713,JUMBO BAG OWLS,4,2011-10-30T11:19:00,2.08,14810,United Kingdom
573329,20717,STRAWBERRY SHOPPER BAG,4,2011-10-30T11:19:00,1.25,14810,United Kingdom
573329,20718,RED RETROSPOT SHOPPER BAG,4,2011-10-30T11:19:00,1.25,14810,United Kingdom
573329,21506,"FANCY FONT BIRTHDAY CARD,",12,2011-10-30T11:19:00,0.42,14810,United Kingdom
573329,21928,JUMBO BAG SCANDINAVIAN BLUE PAISLEY,4,2011-10-30T11:19:00,2.08,14810,United Kingdom
573329,21930,JUMBO STORAGE BAG SKULLS,4,2011-10-30T11:19:00,2.08,14810,United Kingdom
573329,21931,JUMBO STORAGE BAG SUKI,4,2011-10-30T11:19:00,2.08,14810,United Kingdom
573329,22091,EMPIRE TISSUE BOX,1,2011-10-30T11:19:00,0.39,14810,United Kingdom
573329,22098,BOUDOIR SQUARE TISSUE BOX,1,2011-10-30T11:19:00,0.39,14810,United Kingdom
573329,22383,LUNCH BAG SUKI DESIGN,4,2011-10-30T11:19:00,1.65,14810,United Kingdom
573329,22411,JUMBO SHOPPER VINTAGE RED PAISLEY,6,2011-10-30T11:19:00,2.08,14810,United Kingdom
573329,22469,HEART OF WICKER SMALL,3,2011-10-30T11:19:00,1.65,14810,United Kingdom
573329,22637,PIGGY BANK RETROSPOT,3,2011-10-30T11:19:00,2.55,14810,United Kingdom
573329,22722,SET OF 6 SPICE TINS PANTRY DESIGN,1,2011-10-30T11:19:00,3.95,14810,United Kingdom
573329,22728,ALARM CLOCK BAKELIKE PINK,2,2011-10-30T11:19:00,3.75,14810,United Kingdom
573329,23201,JUMBO BAG ALPHABET,4,2011-10-30T11:19:00,2.08,14810,United Kingdom
573329,23243,SET OF TEA COFFEE SUGAR TINS PANTRY,2,2011-10-30T11:19:00,4.95,14810,United Kingdom
573329,23462,ROCOCO WALL MIRROR WHITE,1,2011-10-30T11:19:00,19.95,14810,United Kingdom
573329,23581,JUMBO BAG PAISLEY PARK,12,2011-10-30T11:19:00,2.08,14810,United Kingdom
573329,23582,VINTAGE DOILY JUMBO BAG RED,4,2011-10-30T11:19:00,2.08,14810,United Kingdom
573329,23583,LUNCH BAG PAISLEY PARK,6,2011-10-30T11:19:00,1.65,14810,United Kingdom
573329,82482,WOODEN PICTURE FRAME WHITE FINISH,4,2011-10-30T11:19:00,2.95,14810,United Kingdom
573329,82494L,WOODEN FRAME ANTIQUE WHITE,2,2011-10-30T11:19:00,2.95,14810,United Kingdom
573329,82494L,WOODEN FRAME ANTIQUE WHITE,6,2011-10-30T11:19:00,2.95,14810,United Kingdom
573329,85049E,SCANDINAVIAN REDS RIBBONS,1,2011-10-30T11:19:00,1.25,14810,United Kingdom
573329,85099B,JUMBO BAG RED RETROSPOT,4,2011-10-30T11:19:00,2.08,14810,United Kingdom
573376,21689,SILVER VANILLA  FLOWER CANDLE POT,6,2011-10-30T13:50:00,3.75,13617,United Kingdom
573376,21693,SMALL HAMMERED SILVER CANDLEPOT,7,2011-10-30T13:50:00,2.95,13617,United Kingdom
573376,21696,SMALL SILVER TRELLIS CANDLEPOT,2,2011-10-30T13:50:00,2.95,13617,United Kingdom
573376,21819,GLITTER CHRISTMAS STAR,28,2011-10-30T13:50:00,0.39,13617,United Kingdom
573376,22791,T-LIGHT GLASS FLUTED ANTIQUE,24,2011-10-30T13:50:00,1.25,13617,United Kingdom
573376,22801,ANTIQUE GLASS PEDESTAL BOWL,4,2011-10-30T13:50:00,3.75,13617,United Kingdom
573376,23090,VINTAGE GLASS T-LIGHT HOLDER,2,2011-10-30T13:50:00,0.83,13617,United Kingdom
573376,23100,SILVER BELLS TABLE DECORATION,10,2011-10-30T13:50:00,1.25,13617,United Kingdom
573376,23103,JINGLE BELL HEART DECORATION,5,2011-10-30T13:50:00,1.65,13617,United Kingdom
573376,23109,PACK OF SIX LED TEA LIGHTS,1,2011-10-30T13:50:00,2.89,13617,United Kingdom
573376,23489,VINTAGE BELLS GARLAND,4,2011-10-30T13:50:00,2.89,13617,United Kingdom
573376,72799E,IVORY PILLAR CANDLE SILVER FLOCK,1,2011-10-30T13:50:00,2.95,13617,United Kingdom
573376,72800E,4 IVORY DINNER CANDLES SILVER FLOCK,2,2011-10-30T13:50:00,2.55,13617,United Kingdom
573376,82482,WOODEN PICTURE FRAME WHITE FINISH,2,2011-10-30T13:50:00,2.95,13617,United Kingdom
573376,84947,ANTIQUE SILVER TEA GLASS ENGRAVED,10,2011-10-30T13:50:00,1.25,13617,United Kingdom
573376,85107,CUT GLASS T-LIGHT HOLDER OCTAGON,4,2011-10-30T13:50:00,2.55,13617,United Kingdom
573669,POST,POSTAGE,1,2011-10-31T16:49:00,2.46,,United Kingdom
574082,21034,REX CASH+CARRY JUMBO SHOPPER,1,2011-11-02T16:37:00,0.95,16205,United Kingdom
574082,21162,TOXIC AREA  DOOR HANGER,5,2011-11-02T16:37:00,0.39,16205,United Kingdom
574082,22174,PHOTO CUBE,3,2011-11-02T16:37:00,1.65,16205,United Kingdom
574082,22197,POPCORN HOLDER,2,2011-11-02T16:37:00,0.85,16205,United Kingdom
574082,22326,ROUND SNACK BOXES SET OF4 WOODLAND,2,2011-11-02T16:37:00,2.95,16205,United Kingdom
574082,22328,ROUND SNACK BOXES SET OF 4 FRUITS,2,2011-11-02T16:37:00,2.95,16205,United Kingdom
574082,22398,MAGNETS PACK OF 4 SWALLOWS,4,2011-11-02T16:37:00,0.39,16205,United Kingdom
574082,22599,CHRISTMAS MUSICAL ZINC STAR,4,2011-11-02T16:37:00,0.29,16205,United Kingdom
574082,23084,RABBIT NIGHT LIGHT,14,2011-11-02T16:37:00,2.08,16205,United Kingdom
574082,23411,TRELLIS COAT RACK,2,2011-11-02T16:37:00,4.95,16205,United Kingdom
574082,23501,KEY RING BASEBALL BOOT UNION JACK,20,2011-11-02T16:37:00,1.25,16205,United Kingdom
574082,23581,JUMBO BAG PAISLEY PARK,4,2011-11-02T16:37:00,2.08,16205,United Kingdom
574082,23583,LUNCH BAG PAISLEY PARK,2,2011-11-02T16:37:00,1.65,16205,United Kingdom
574082,23583,LUNCH BAG PAISLEY PARK,5,2011-11-02T16:37:00,1.65,16205,United Kingdom
574082,85071A,BLUE CHARLIE+LOLA PERSONAL DOORSIGN,4,2011-11-02T16:37:00,0.39,16205,United Kingdom
574082,85071B,RED CHARLIE+LOLA PERSONAL DOORSIGN,4,2011-11-02T16:37:00,0.39,16205,United Kingdom
574349,21484,CHICK GREY HOT WATER BOTTLE,8,2011-11-04T10:29:00,4.25,13495,United Kingdom
574349,21892,TRADITIONAL WOODEN CATCH CUP GAME,12,2011-11-04T10:29:00,1.25,13495,United Kingdom
574349,22113,GREY HEART HOT WATER BOTTLE,36,2011-11-04T10:29:00,3.75,13495,United Kingdom
574349,22574,HEART WOODEN CHRISTMAS DECORATION,12,2011-11-04T10:29:00,0.85,13495,United Kingdom
574349,22595,GINGHAM HEART DECORATION,12,2011-11-04T10:29:00,0.85,13495,United Kingdom
574349,22835,HOT WATER BOTTLE I AM SO POORLY,24,2011-11-04T10:29:00,4.25,13495,United Kingdom
574349,23082,SET 6 PAPER TABLE LANTERN HEARTS,12,2011-11-04T10:29:00,3.75,13495,United Kingdom
574349,23356,LOVE HOT WATER BOTTLE,24,2011-11-04T10:29:00,4.95,13495,United Kingdom
574349,23569,TRADTIONAL ALPHABET STAMP SET,8,2011-11-04T10:29:00,4.95,13495,United Kingdom
574349,23570,TRADITIONAL PICK UP STICKS GAME,12,2011-11-04T10:29:00,1.25,13495,United Kingdom
574349,23571,TRADITIONAL NAUGHTS & CROSSES,12,2011-11-04T10:29:00,1.65,13495,United Kingdom
574349,84832,ZINC WILLIE WINKIE  CANDLE STICK,36,2011-11-04T10:29:00,0.85,13495,United Kingdom
574349,84946,ANTIQUE SILVER T-LIGHT GLASS,12,2011-11-04T10:29:00,1.25,13495,United Kingdom
574349,84949,SILVER HANGING T-LIGHT HOLDER,24,2011-11-04T10:29:00,1.65,13495,United Kingdom
574349,84970L,SINGLE HEART ZINC T-LIGHT HOLDER,24,2011-11-04T10:29:00,1.25,13495,United Kingdom
574544,20685,DOORMAT RED RETROSPOT,3,2011-11-04T14:49:00,8.25,17084,United Kingdom
574544,20750,RED RETROSPOT MINI CASES,1,2011-11-04T14:49:00,7.95,17084,United Kingdom
574544,20828,GLITTER BUTTERFLY CLIPS,4,2011-11-04T14:49:00,2.55,17084,United Kingdom
574544,20829,GLITTER HANGING BUTTERFLY STRING,6,2011-11-04T14:49:00,2.1,17084,United Kingdom
574544,21041,RED RETROSPOT OVEN GLOVE DOUBLE,6,2011-11-04T14:49:00,2.95,17084,United Kingdom
574544,21484,CHICK GREY HOT WATER BOTTLE,6,2011-11-04T14:49:00,4.25,17084,United Kingdom
574544,21485,RETROSPOT HEART HOT WATER BOTTLE,4,2011-11-04T14:49:00,4.95,17084,United Kingdom
574544,21591,COSY HOUR CIGAR BOX MATCHES,24,2011-11-04T14:49:00,1.25,17084,United Kingdom
574544,21708,FOLDING UMBRELLA CREAM POLKADOT,4,2011-11-04T14:49:00,4.95,17084,United Kingdom
574544,21709,FOLDING UMBRELLA CHOCOLATE POLKADOT,4,2011-11-04T14:49:00,4.95,17084,United Kingdom
574544,21787,RAIN PONCHO RETROSPOT,10,2011-11-04T14:49:00,0.85,17084,United Kingdom
574544,21880,RED RETROSPOT TAPE,24,2011-11-04T14:49:00,0.65,17084,United Kingdom
574544,21883,STARS GIFT TAPE,12,2011-11-04T14:49:00,0.65,17084,United Kingdom
574544,21993,FLORAL FOLK STATIONERY SET,6,2011-11-04T14:49:00,1.25,17084,United Kingdom
574544,22028,PENNY FARTHING BIRTHDAY CARD,12,2011-11-04T14:49:00,0.42,17084,United Kingdom
574544,22086,PAPER CHAIN KIT 50'S CHRISTMAS,10,2011-11-04T14:49:00,2.95,17084,United Kingdom
574544,22095,LADS ONLY TISSUE BOX,10,2011-11-04T14:49:00,0.39,17084,United Kingdom
574544,22114,HOT WATER BOTTLE TEA AND SYMPATHY,4,2011-11-04T14:49:00,4.25,17084,United Kingdom
574544,22199,FRYING PAN RED RETROSPOT,4,2011-11-04T14:49:00,4.25,17084,United Kingdom
574544,22203,MILK PAN RED RETROSPOT,4,2011-11-04T14:49:00,3.75,17084,United Kingdom
574544,22313,OFFICE MUG WARMER PINK,4,2011-11-04T14:49:00,2.95,17084,United Kingdom
574544,22314,OFFICE MUG WARMER CHOC+BLUE,3,2011-11-04T14:49:00,2.95,17084,United Kingdom
574544,22467,GUMBALL COAT RACK,6,2011-11-04T14:49:00,2.55,17084,United Kingdom
574544,22558,CLOTHES PEGS RETROSPOT PACK 24,10,2011-11-04T14:49:00,1.65,17084,United Kingdom
574544,22625,RED KITCHEN SCALES,1,2011-11-04T14:49:00,8.5,17084,United Kingdom
574544,22632,HAND WARMER RED RETROSPOT,2,2011-11-04T14:49:00,2.1,17084,United Kingdom
574544,22632,HAND WARMER RED RETROSPOT,4,2011-11-04T14:49:00,2.1,17084,United Kingdom
574544,22651,GENTLEMAN SHIRT REPAIR KIT,48,2011-11-04T14:49:00,0.85,17084,United Kingdom
574544,22666,RECIPE BOX PANTRY YELLOW DESIGN,4,2011-11-04T14:49:00,2.95,17084,United Kingdom
574544,22704,WRAP RED APPLES,25,2011-11-04T14:49:00,0.42,17084,United Kingdom
574544,22707,WRAP MONSTER FUN,25,2011-11-04T14:49:00,0.42,17084,United Kingdom
574544,22711,WRAP CIRCUS PARADE,25,2011-11-04T14:49:00,0.42,17084,United Kingdom
574544,22738,RIBBON REEL SNOWY VILLAGE,5,2011-11-04T14:49:00,1.65,17084,United Kingdom
574544,22738,RIBBON REEL SNOWY VILLAGE,5,2011-11-04T14:49:00,1.65,17084,United Kingdom
574544,22742,MAKE YOUR OWN PLAYTIME CARD KIT,10,2011-11-04T14:49:00,2.95,17084,United Kingdom
574544,22743,MAKE YOUR OWN FLOWERPOWER CARD KIT,5,2011-11-04T14:49:00,2.95,17084,United Kingdom
574544,22744,MAKE YOUR OWN MONSOON CARD KIT,10,2011-11-04T14:49:00,2.95,17084,United Kingdom
574544,22759,SET OF 3 NOTEBOOKS IN PARCEL,12,2011-11-04T14:49:00,1.65,17084,United Kingdom
574544,22838,3 TIER CAKE TIN RED AND CREAM,2,2011-11-04T14:49:00,14.95,17084,United Kingdom
574544,22840,ROUND CAKE TIN VINTAGE RED,2,2011-11-04T14:49:00,7.95,17084,United Kingdom
574544,22844,VINTAGE CREAM DOG FOOD CONTAINER,1,2011-11-04T14:49:00,8.5,17084,United Kingdom
574544,22845,VINTAGE CREAM CAT FOOD CONTAINER,2,2011-11-04T14:49:00,6.35,17084,United Kingdom
574544,22867,HAND WARMER BIRD DESIGN,5,2011-11-04T14:49:00,2.1,17084,United Kingdom
574544,22895,SET OF 2 TEA TOWELS APPLE AND PEARS,10,2011-11-04T14:49:00,3.25,17084,United Kingdom
574544,22896,PEG BAG APPLES DESIGN,6,2011-11-04T14:49:00,2.55,17084,United Kingdom
574544,22897,OVEN MITT APPLES DESIGN,5,2011-11-04T14:49:00,1.45,17084,United Kingdom
574544,22904,CALENDAR PAPER CUT DESIGN,10,2011-11-04T14:49:00,2.95,17084,United Kingdom
574544,22906,12 MESSAGE CARDS WITH ENVELOPES,60,2011-11-04T14:49:00,1.45,17084,United Kingdom
574544,22910,PAPER CHAIN KIT VINTAGE CHRISTMAS,6,2011-11-04T14:49:00,2.95,17084,United Kingdom
574544,22943,CHRISTMAS LIGHTS 10 VINTAGE BAUBLES,6,2011-11-04T14:49:00,4.95,17084,United Kingdom
574544,22952,60 CAKE CASES VINTAGE CHRISTMAS,24,2011-11-04T14:49:00,0.55,17084,United Kingdom
574544,22955,36 FOIL STAR CAKE CASES,6,2011-11-04T14:49:00,2.1,17084,United Kingdom
574544,22964,3 PIECE SPACEBOY COOKIE CUTTER SET,12,2011-11-04T14:49:00,2.1,17084,United Kingdom
574544,22965,3 TRADITIONAl BISCUIT CUTTERS  SET,12,2011-11-04T14:49:00,2.1,17084,United Kingdom
574544,22996,TRAVEL CARD WALLET VINTAGE TICKET,48,2011-11-04T14:49:00,0.42,17084,United Kingdom
574544,23006,TRAVEL CARD WALLET FLOWER MEADOW,48,2011-11-04T14:49:00,0.42,17084,United Kingdom
574544,23035,DRAWER KNOB CERAMIC IVORY,2,2011-11-04T14:49:00,1.45,17084,United Kingdom
574544,23101,SILVER STARS TABLE DECORATION,12,2011-11-04T14:49:00,0.83,17084,United Kingdom
574544,23115,RED APPLES CHOPPING BOARD,6,2011-11-04T14:49:00,4.95,17084,United Kingdom
574544,23116,VEGETABLE GARDEN CHOPPING BOARD,6,2011-11-04T14:49:00,4.95,17084,United Kingdom
574544,23154,SET OF 4 JAM JAR MAGNETS,12,2011-11-04T14:49:00,2.08,17084,United Kingdom
574544,23157,SET OF 6 NATIVITY MAGNETS,12,2011-11-04T14:49:00,2.08,17084,United Kingdom
574544,23157,SET OF 6 NATIVITY MAGNETS,12,2011-11-04T14:49:00,2.08,17084,United Kingdom
574544,23176,ABC TREASURE BOOK BOX,6,2011-11-04T14:49:00,2.25,17084,United Kingdom
574544,23177,TREASURE ISLAND BOOK BOX,6,2011-11-04T14:49:00,2.25,17084,United Kingdom
574544,23188,VINTAGE  2 METRE FOLDING RULER,12,2011-11-04T14:49:00,1.65,17084,United Kingdom
574544,23192,BUNDLE OF 3 ALPHABET EXERCISE BOOKS,12,2011-11-04T14:49:00,1.65,17084,United Kingdom
574544,23192,BUNDLE OF 3 ALPHABET EXERCISE BOOKS,12,2011-11-04T14:49:00,1.65,17084,United Kingdom
574544,23194,GYMKHANA TREASURE BOOK BOX,6,2011-11-04T14:49:00,2.25,17084,United Kingdom
574544,23197,SKETCHBOOK MAGNETIC SHOPPING LIST,12,2011-11-04T14:49:00,1.45,17084,United Kingdom
574544,23197,SKETCHBOOK MAGNETIC SHOPPING LIST,12,2011-11-04T14:49:00,1.45,17084,United Kingdom
574544,23201,JUMBO BAG ALPHABET,10,2011-11-04T14:49:00,2.08,17084,United Kingdom
574544,23203,JUMBO BAG VINTAGE DOILY,10,2011-11-04T14:49:00,2.08,17084,United Kingdom
574544,23207,LUNCH BAG ALPHABET DESIGN,10,2011-11-04T14:49:00,1.65,17084,United Kingdom
574544,23230,WRAP ALPHABET DESIGN,25,2011-11-04T14:49:00,0.42,17084,United Kingdom
574544,23232,WRAP VINTAGE LEAF DESIGN,75,2011-11-04T14:49:00,0.42,17084,United Kingdom
574544,23234,BISCUIT TIN VINTAGE CHRISTMAS,6,2011-11-04T14:49:00,2.89,17084,United Kingdom
574544,23236,STORAGE TIN VINTAGE DOILY,6,2011-11-04T14:49:00,2.89,17084,United Kingdom
574544,23236,STORAGE TIN VINTAGE DOILY,6,2011-11-04T14:49:00,2.89,17084,United Kingdom
574544,23240,SET OF 4 KNICK KNACK TINS DOILY,6,2011-11-04T14:49:00,4.15,17084,United Kingdom
574544,23240,SET OF 4 KNICK KNACK TINS DOILY,6,2011-11-04T14:49:00,4.15,17084,United Kingdom
574544,23241,TREASURE TIN GYMKHANA DESIGN,6,2011-11-04T14:49:00,2.08,17084,United Kingdom
574544,23283,DOORMAT VINTAGE LEAF,2,2011-11-04T14:49:00,8.25,17084,United Kingdom
574544,23296,SET OF 6 TEA TIME BAKING CASES,4,2011-11-04T14:49:00,1.25,17084,United Kingdom
574544,23304,SET 4 PICNIC CUTLERY CHERRY,12,2011-11-04T14:49:00,1.95,17084,United Kingdom
574544,23340,VINTAGE CHRISTMAS CAKE FRILL,12,2011-11-04T14:49:00,1.65,17084,United Kingdom
574544,23343,JUMBO BAG VINTAGE CHRISTMAS,10,2011-11-04T14:49:00,2.08,17084,United Kingdom
574544,23349,ROLL WRAP VINTAGE CHRISTMAS,12,2011-11-04T14:49:00,1.25,17084,United Kingdom
574544,23350,ROLL WRAP VINTAGE SPOT,12,2011-11-04T14:49:00,1.25,17084,United Kingdom
574544,23353,6 GIFT TAGS VINTAGE CHRISTMAS,36,2011-11-04T14:49:00,0.83,17084,United Kingdom
574544,23356,LOVE HOT WATER BOTTLE,4,2011-11-04T14:49:00,5.95,17084,United Kingdom
574544,23360,SET 8 CANDLES VINTAGE DOILY,12,2011-11-04T14:49:00,1.95,17084,United Kingdom
574544,23373,VINTAGE CHRISTMAS PAPER GIFT BAG,20,2011-11-04T14:49:00,0.82,17084,United Kingdom
574544,23379,PACK OF 12 RED APPLE TISSUES,12,2011-11-04T14:49:00,0.39,17084,United Kingdom
574544,23388,WOODLAND MINI BACKPACK,4,2011-11-04T14:49:00,4.15,17084,United Kingdom
574544,23389,SPACEBOY MINI BACKPACK,4,2011-11-04T14:49:00,4.15,17084,United Kingdom
574544,23397,FOOT STOOL HOME SWEET HOME,3,2011-11-04T14:49:00,9.95,17084,United Kingdom
574544,23436,VINTAGE CHRISTMAS GIFT BAG LARGE,20,2011-11-04T14:49:00,1.25,17084,United Kingdom
574544,23493,VINTAGE DOILY TRAVEL SEWING KIT,20,2011-11-04T14:49:00,1.95,17084,United Kingdom
574544,23497,CLASSIC CHROME BICYCLE BELL,10,2011-11-04T14:49:00,1.45,17084,United Kingdom
574544,23502,PLAYING CARDS VINTAGE DOILY,6,2011-11-04T14:49:00,1.25,17084,United Kingdom
574544,23506,MINI PLAYING CARDS SPACEBOY,20,2011-11-04T14:49:00,0.42,17084,United Kingdom
574544,23508,MINI PLAYING CARDS DOLLY GIRL,20,2011-11-04T14:49:00,0.42,17084,United Kingdom
574544,23550,WRAP ALPHABET POSTER,25,2011-11-04T14:49:00,0.42,17084,United Kingdom
574544,23569,TRADTIONAL ALPHABET STAMP SET,6,2011-11-04T14:49:00,4.95,17084,United Kingdom
574544,23570,TRADITIONAL PICK UP STICKS GAME,6,2011-11-04T14:49:00,1.25,17084,United Kingdom
574544,23571,TRADITIONAL NAUGHTS & CROSSES,6,2011-11-04T14:49:00,1.65,17084,United Kingdom
574544,23582,VINTAGE DOILY JUMBO BAG RED,10,2011-11-04T14:49:00,2.08,17084,United Kingdom
574544,35970,ZINC FOLKART SLEIGH BELLS,6,2011-11-04T14:49:00,1.69,17084,United Kingdom
574544,84347,ROTATING SILVER ANGELS T-LIGHT HLDR,12,2011-11-04T14:49:00,2.55,17084,United Kingdom
574544,84375,SET OF 20 KIDS COOKIE CUTTERS,12,2011-11-04T14:49:00,2.1,17084,United Kingdom
574544,85048,15CM CHRISTMAS GLASS BALL 20 LIGHTS,2,2011-11-04T14:49:00,7.95,17084,United Kingdom
574544,85049A,TRADITIONAL CHRISTMAS RIBBONS,10,2011-11-04T14:49:00,1.25,17084,United Kingdom
574728,20956,PORCELAIN T-LIGHT HOLDERS ASSORTED,12,2011-11-06T15:02:00,1.25,13719,United Kingdom
574728,22219,LOVEBIRD HANGING DECORATION WHITE,12,2011-11-06T15:02:00,0.85,13719,United Kingdom
574728,22296,HEART IVORY TRELLIS LARGE,12,2011-11-06T15:02:00,1.65,13719,United Kingdom
574728,22580,ADVENT CALENDAR GINGHAM SACK,3,2011-11-06T15:02:00,5.95,13719,United Kingdom
574728,22593,CHRISTMAS GINGHAM STAR,12,2011-11-06T15:02:00,0.85,13719,United Kingdom
574728,22734,SET OF 6 RIBBONS VINTAGE CHRISTMAS,6,2011-11-06T15:02:00,2.89,13719,United Kingdom
574728,22944,CHRISTMAS METAL POSTCARD WITH BELLS,72,2011-11-06T15:02:00,0.39,13719,United Kingdom
574728,23247,BISCUIT TIN 50'S CHRISTMAS,6,2011-11-06T15:02:00,2.89,13719,United Kingdom
574728,23263,SET OF 3 WOODEN HEART DECORATIONS,12,2011-11-06T15:02:00,1.25,13719,United Kingdom
574728,23266,SET OF 3 WOODEN STOCKING DECORATION,12,2011-11-06T15:02:00,1.25,13719,United Kingdom
574728,23275,SET OF 3 HANGING OWLS OLLIE BEAK,12,2011-11-06T15:02:00,1.25,13719,United Kingdom
574728,23350,ROLL WRAP VINTAGE SPOT,12,2011-11-06T15:02:00,1.25,13719,United Kingdom
574728,23351,ROLL WRAP 50'S CHRISTMAS,12,2011-11-06T15:02:00,1.25,13719,United Kingdom
574728,23354,6 GIFT TAGS 50'S CHRISTMAS,12,2011-11-06T15:02:00,0.83,13719,United Kingdom
574728,23374,RED SPOT PAPER GIFT BAG,10,2011-11-06T15:02:00,0.82,13719,United Kingdom
574728,23485,BOTANICAL GARDENS WALL CLOCK,1,2011-11-06T15:02:00,25,13719,United Kingdom
574728,23535,WALL ART BICYCLE SAFETY,4,2011-11-06T15:02:00,5.95,13719,United Kingdom
574728,84879,ASSORTED COLOUR BIRD ORNAMENT,16,2011-11-06T15:02:00,1.69,13719,United Kingdom
574728,85048,15CM CHRISTMAS GLASS BALL 20 LIGHTS,2,2011-11-06T15:02:00,7.95,13719,United Kingdom
574728,85199S,SMALL HANGING IVORY/RED WOOD BIRD,24,2011-11-06T15:02:00,0.42,13719,United Kingdom
574736,82484,WOOD BLACK BOARD ANT WHITE FINISH,4,2011-11-06T15:43:00,7.95,17131,United Kingdom
574736,85123A,WHITE HANGING HEART T-LIGHT HOLDER,32,2011-11-06T15:43:00,2.55,17131,United Kingdom
574919,21791,VINTAGE HEADS AND TAILS CARD GAME,12,2011-11-07T16:33:00,1.25,16241,United Kingdom
574919,22619,SET OF 6 SOLDIER SKITTLES,4,2011-11-07T16:33:00,3.75,16241,United Kingdom
574919,22620,4 TRADITIONAL SPINNING TOPS,12,2011-11-07T16:33:00,1.45,16241,United Kingdom
574919,22745,POPPY'S PLAYHOUSE BEDROOM,6,2011-11-07T16:33:00,2.1,16241,United Kingdom
574919,23229,VINTAGE DONKEY TAIL GAME,6,2011-11-07T16:33:00,3.75,16241,United Kingdom
574919,23571,TRADITIONAL NAUGHTS & CROSSES,12,2011-11-07T16:33:00,1.65,16241,United Kingdom
574948,21922,UNION STRIPE WITH FRINGE  HAMMOCK,2,2011-11-08T09:07:00,7.95,15805,United Kingdom
574948,22725,ALARM CLOCK BAKELIKE CHOCOLATE,8,2011-11-08T09:07:00,3.75,15805,United Kingdom
574948,22726,ALARM CLOCK BAKELIKE GREEN,8,2011-11-08T09:07:00,3.75,15805,United Kingdom
574948,22727,ALARM CLOCK BAKELIKE RED,8,2011-11-08T09:07:00,3.75,15805,United Kingdom
574948,22728,ALARM CLOCK BAKELIKE PINK,8,2011-11-08T09:07:00,3.75,15805,United Kingdom
574948,22730,ALARM CLOCK BAKELIKE IVORY,8,2011-11-08T09:07:00,3.75,15805,United Kingdom
574948,40001,WHITE BAMBOO RIBS LAMPSHADE,12,2011-11-08T09:07:00,0.85,15805,United Kingdom
574948,84795B,SUNSET CHECK HAMMOCK,2,2011-11-08T09:07:00,7.95,15805,United Kingdom
575179,21481,FAWN BLUE HOT WATER BOTTLE,4,2011-11-09T08:11:00,3.75,14284,United Kingdom
575179,21484,CHICK GREY HOT WATER BOTTLE,4,2011-11-09T08:11:00,4.25,14284,United Kingdom
575179,21485,RETROSPOT HEART HOT WATER BOTTLE,3,2011-11-09T08:11:00,4.95,14284,United Kingdom
575179,22111,SCOTTIE DOG HOT WATER BOTTLE,3,2011-11-09T08:11:00,4.95,14284,United Kingdom
575179,22112,CHOCOLATE HOT WATER BOTTLE,3,2011-11-09T08:11:00,4.95,14284,United Kingdom
575179,22113,GREY HEART HOT WATER BOTTLE,4,2011-11-09T08:11:00,4.25,14284,United Kingdom
575179,22114,HOT WATER BOTTLE TEA AND SYMPATHY,4,2011-11-09T08:11:00,4.25,14284,United Kingdom
575179,22158,3 HEARTS HANGING DECORATION RUSTIC,8,2011-11-09T08:11:00,2.95,14284,United Kingdom
575179,22424,ENAMEL BREAD BIN CREAM,2,2011-11-09T08:11:00,12.75,14284,United Kingdom
575179,22558,CLOTHES PEGS RETROSPOT PACK 24,12,2011-11-09T08:11:00,1.65,14284,United Kingdom
575179,22644,CERAMIC CHERRY CAKE MONEY BANK,12,2011-11-09T08:11:00,1.45,14284,United Kingdom
575179,22960,JAM MAKING SET WITH JARS,6,2011-11-09T08:11:00,4.25,14284,United Kingdom
575179,23110,PARISIENNE KEY CABINET,4,2011-11-09T08:11:00,5.75,14284,United Kingdom
575179,23153,ZINC SWEETHEART WIRE LETTER RACK,4,2011-11-09T08:11:00,3.75,14284,United Kingdom
575179,23356,LOVE HOT WATER BOTTLE,3,2011-11-09T08:11:00,5.95,14284,United Kingdom
575179,84029E,RED WOOLLY HOTTIE WHITE HEART.,4,2011-11-09T08:11:00,4.25,14284,United Kingdom
575179,84029G,KNITTED UNION FLAG HOT WATER BOTTLE,4,2011-11-09T08:11:00,4.25,14284,United Kingdom
575179,84030E,ENGLISH ROSE HOT WATER BOTTLE,4,2011-11-09T08:11:00,4.25,14284,United Kingdom
575179,84031B,CHARLIE LOLA BLUE HOT WATER BOTTLE,3,2011-11-09T08:11:00,4.65,14284,United Kingdom
575490,20755,BLUE PAISLEY POCKET BOOK,3,2011-11-09T17:44:00,0.85,15031,United Kingdom
575490,20759,CHRYSANTHEMUM POCKET BOOK,3,2011-11-09T17:44:00,0.85,15031,United Kingdom
575490,20760,GARDEN PATH POCKET BOOK,3,2011-11-09T17:44:00,0.85,15031,United Kingdom
575490,21328,BALLOONS  WRITING SET,1,2011-11-09T17:44:00,1.65,15031,United Kingdom
575490,21329,DINOSAURS  WRITING SET,1,2011-11-09T17:44:00,1.65,15031,United Kingdom
575490,22042,CHRISTMAS CARD SINGING ANGEL,12,2011-11-09T17:44:00,0.42,15031,United Kingdom
575490,22086,PAPER CHAIN KIT 50'S CHRISTMAS,2,2011-11-09T17:44:00,2.95,15031,United Kingdom
575490,22141,CHRISTMAS CRAFT TREE TOP ANGEL,1,2011-11-09T17:44:00,2.1,15031,United Kingdom
575490,22142,CHRISTMAS CRAFT WHITE FAIRY,1,2011-11-09T17:44:00,1.45,15031,United Kingdom
575490,22197,POPCORN HOLDER,100,2011-11-09T17:44:00,0.72,15031,United Kingdom
575490,22551,PLASTERS IN TIN SPACEBOY,3,2011-11-09T17:44:00,1.65,15031,United Kingdom
575490,22554,PLASTERS IN TIN WOODLAND ANIMALS,2,2011-11-09T17:44:00,1.65,15031,United Kingdom
575490,22555,PLASTERS IN TIN STRONGMAN,2,2011-11-09T17:44:00,1.65,15031,United Kingdom
575490,22556,PLASTERS IN TIN CIRCUS PARADE,1,2011-11-09T17:44:00,1.65,15031,United Kingdom
575490,22697,GREEN REGENCY TEACUP AND SAUCER,2,2011-11-09T17:44:00,2.95,15031,United Kingdom
575490,22698,PINK REGENCY TEACUP AND SAUCER,2,2011-11-09T17:44:00,2.95,15031,United Kingdom
575490,22699,ROSES REGENCY TEACUP AND SAUCER,2,2011-11-09T17:44:00,2.95,15031,United Kingdom
575490,22726,ALARM CLOCK BAKELIKE GREEN,2,2011-11-09T17:44:00,3.75,15031,United Kingdom
575490,22727,ALARM CLOCK BAKELIKE RED,1,2011-11-09T17:44:00,3.75,15031,United Kingdom
575490,22795,SWEETHEART RECIPE BOOK STAND,1,2011-11-09T17:44:00,6.75,15031,United Kingdom
575490,22816,CARD MOTORBIKE SANTA,12,2011-11-09T17:44:00,0.42,15031,United Kingdom
575490,22818,CARD CHRISTMAS VILLAGE,12,2011-11-09T17:44:00,0.42,15031,United Kingdom
575490,22841,ROUND CAKE TIN VINTAGE GREEN,2,2011-11-09T17:44:00,7.95,15031,United Kingdom
575490,22910,PAPER CHAIN KIT VINTAGE CHRISTMAS,2,2011-11-09T17:44:00,2.95,15031,United Kingdom
575490,22996,TRAVEL CARD WALLET VINTAGE TICKET,4,2011-11-09T17:44:00,0.42,15031,United Kingdom
575490,22998,TRAVEL CARD WALLET KEEP CALM,4,2011-11-09T17:44:00,0.42,15031,United Kingdom
575490,23004,TRAVEL CARD WALLET PANTRY,2,2011-11-09T17:44:00,0.42,15031,United Kingdom
575490,23005,TRAVEL CARD WALLET I LOVE LONDON,4,2011-11-09T17:44:00,0.42,15031,United Kingdom
575490,23118,PARISIENNE JEWELLERY DRAWER,1,2011-11-09T17:44:00,7.5,15031,United Kingdom
575490,23192,BUNDLE OF 3 ALPHABET EXERCISE BOOKS,2,2011-11-09T17:44:00,1.65,15031,United Kingdom
575490,23234,BISCUIT TIN VINTAGE CHRISTMAS,2,2011-11-09T17:44:00,2.89,15031,United Kingdom
575490,23247,BISCUIT TIN 50'S CHRISTMAS,2,2011-11-09T17:44:00,2.89,15031,United Kingdom
575490,23376,PACK OF 12 VINTAGE CHRISTMAS TISSUE,12,2011-11-09T17:44:00,0.39,15031,United Kingdom
575490,23378,PACK OF 12 50'S CHRISTMAS TISSUES,12,2011-11-09T17:44:00,0.39,15031,United Kingdom
575490,85035C,ROSE 3 WICK MORRIS BOX CANDLE,12,2011-11-09T17:44:00,1.25,15031,United Kingdom
575508,20970,PINK FLORAL FELTCRAFT SHOULDER BAG,36,2011-11-10T10:32:00,3.39,14646,Netherlands
575508,21481,FAWN BLUE HOT WATER BOTTLE,72,2011-11-10T10:32:00,3.39,14646,Netherlands
575508,21485,RETROSPOT HEART HOT WATER BOTTLE,48,2011-11-10T10:32:00,4.25,14646,Netherlands
575508,21508,VINTAGE KID DOLLY CARD,72,2011-11-10T10:32:00,0.36,14646,Netherlands
575508,21563,RED HEART SHAPE LOVE BUCKET,60,2011-11-10T10:32:00,2.55,14646,Netherlands
575508,21810,CHRISTMAS HANGING STAR WITH BELL,384,2011-11-10T10:32:00,0.39,14646,Netherlands
575508,21987,PACK OF 6 SKULL PAPER CUPS,216,2011-11-10T10:32:00,0.53,14646,Netherlands
575508,21988,PACK OF 6 SKULL PAPER PLATES,192,2011-11-10T10:32:00,0.64,14646,Netherlands
575508,22027,TEA PARTY BIRTHDAY CARD,144,2011-11-10T10:32:00,0.36,14646,Netherlands
575508,22078,RIBBON REEL LACE DESIGN,120,2011-11-10T10:32:00,1.85,14646,Netherlands
575508,22090,PAPER BUNTING RETROSPOT,40,2011-11-10T10:32:00,2.55,14646,Netherlands
575508,22094,RED RETROSPOT TISSUE BOX,144,2011-11-10T10:32:00,0.39,14646,Netherlands
575508,22100,SKULLS SQUARE TISSUE BOX,144,2011-11-10T10:32:00,0.39,14646,Netherlands
575508,22113,GREY HEART HOT WATER BOTTLE,36,2011-11-10T10:32:00,3.75,14646,Netherlands
575508,22128,PARTY CONES CANDY ASSORTED,120,2011-11-10T10:32:00,1.06,14646,Netherlands
575508,22129,PARTY CONES CANDY DECORATION,240,2011-11-10T10:32:00,0.72,14646,Netherlands
575508,22175,PINK OWL SOFT TOY,144,2011-11-10T10:32:00,2.55,14646,Netherlands
575508,22178,VICTORIAN GLASS HANGING T-LIGHT,96,2011-11-10T10:32:00,1.65,14646,Netherlands
575508,22219,LOVEBIRD HANGING DECORATION WHITE,288,2011-11-10T10:32:00,0.72,14646,Netherlands
575508,22355,CHARLOTTE BAG SUKI DESIGN,100,2011-11-10T10:32:00,0.72,14646,Netherlands
575508,22356,CHARLOTTE BAG PINK POLKADOT,200,2011-11-10T10:32:00,0.72,14646,Netherlands
575508,22367,CHILDRENS APRON SPACEBOY DESIGN,50,2011-11-10T10:32:00,1.65,14646,Netherlands
575508,22398,MAGNETS PACK OF 4 SWALLOWS,72,2011-11-10T10:32:00,0.39,14646,Netherlands
575508,22400,MAGNETS PACK OF 4 HOME SWEET HOME,72,2011-11-10T10:32:00,0.39,14646,Netherlands
575508,22402,MAGNETS PACK OF 4 VINTAGE COLLAGE,72,2011-11-10T10:32:00,0.39,14646,Netherlands
575508,22492,MINI PAINT SET VINTAGE,576,2011-11-10T10:32:00,0.55,14646,Netherlands
575508,22505,MEMO BOARD COTTAGE DESIGN,48,2011-11-10T10:32:00,4.25,14646,Netherlands
575508,22539,MINI JIGSAW DOLLY GIRL,240,2011-11-10T10:32:00,0.36,14646,Netherlands
575508,22544,MINI JIGSAW SPACEBOY,240,2011-11-10T10:32:00,0.36,14646,Netherlands
575508,22546,MINI JIGSAW PURDEY,240,2011-11-10T10:32:00,0.36,14646,Netherlands
575508,22555,PLASTERS IN TIN STRONGMAN,96,2011-11-10T10:32:00,1.45,14646,Netherlands
575508,22631,CIRCUS PARADE LUNCH BOX,64,2011-11-10T10:32:00,1.65,14646,Netherlands
575508,22698,PINK REGENCY TEACUP AND SAUCER,24,2011-11-10T10:32:00,2.55,14646,Netherlands
575508,22759,SET OF 3 NOTEBOOKS IN PARCEL,96,2011-11-10T10:32:00,1.45,14646,Netherlands
575508,22866,HAND WARMER SCOTTY DOG DESIGN,96,2011-11-10T10:32:00,1.85,14646,Netherlands
575508,22898,CHILDRENS APRON APPLES DESIGN,100,2011-11-10T10:32:00,1.65,14646,Netherlands
575508,22946,WOODEN ADVENT CALENDAR CREAM,12,2011-11-10T10:32:00,12.75,14646,Netherlands
575508,22951,60 CAKE CASES DOLLY GIRL DESIGN,240,2011-11-10T10:32:00,0.42,14646,Netherlands
575508,22962,JAM JAR WITH PINK LID,48,2011-11-10T10:32:00,0.72,14646,Netherlands
575508,23076,ICE CREAM SUNDAE LIP GLOSS,240,2011-11-10T10:32:00,1.04,14646,Netherlands
575508,23081,GREEN METAL BOX ARMY SUPPLIES,16,2011-11-10T10:32:00,7.5,14646,Netherlands
575508,23083,SET 6 PAPER TABLE LANTERN STARS,96,2011-11-10T10:32:00,3.29,14646,Netherlands
575508,23204,CHARLOTTE BAG APPLES DESIGN,200,2011-11-10T10:32:00,0.72,14646,Netherlands
575508,23206,LUNCH BAG APPLE DESIGN,100,2011-11-10T10:32:00,1.45,14646,Netherlands
575508,23229,VINTAGE DONKEY TAIL GAME,72,2011-11-10T10:32:00,3.39,14646,Netherlands
575508,23254,CHILDRENS CUTLERY DOLLY GIRL,144,2011-11-10T10:32:00,3.75,14646,Netherlands
575508,23255,CHILDRENS CUTLERY CIRCUS PARADE,72,2011-11-10T10:32:00,3.75,14646,Netherlands
575508,23256,CHILDRENS CUTLERY SPACEBOY,72,2011-11-10T10:32:00,3.75,14646,Netherlands
575508,23391,I LOVE LONDON MINI BACKPACK,50,2011-11-10T10:32:00,3.75,14646,Netherlands
575508,23581,JUMBO BAG PAISLEY PARK,100,2011-11-10T10:32:00,1.79,14646,Netherlands
575508,23583,LUNCH BAG PAISLEY PARK,100,2011-11-10T10:32:00,1.45,14646,Netherlands
575508,84030E,ENGLISH ROSE HOT WATER BOTTLE,24,2011-11-10T10:32:00,3.75,14646,Netherlands
575508,84987,SET OF 36 TEATIME PAPER DOILIES,144,2011-11-10T10:32:00,1.25,14646,Netherlands
575734,15056BL,EDWARDIAN PARASOL BLACK,3,2011-11-11T08:39:00,5.95,12384,Switzerland
575734,20685,DOORMAT RED RETROSPOT,2,2011-11-11T08:39:00,8.25,12384,Switzerland
575734,21430,SET/3 RED GINGHAM ROSE STORAGE BOX,4,2011-11-11T08:39:00,3.75,12384,Switzerland
575734,21892,TRADITIONAL WOODEN CATCH CUP GAME,12,2011-11-11T08:39:00,1.25,12384,Switzerland
575734,22366,DOORMAT AIRMAIL,2,2011-11-11T08:39:00,8.25,12384,Switzerland
575734,22622,BOX OF VINTAGE ALPHABET BLOCKS,2,2011-11-11T08:39:00,11.95,12384,Switzerland
575734,22632,HAND WARMER RED RETROSPOT,12,2011-11-11T08:39:00,2.1,12384,Switzerland
575734,22692,DOORMAT WELCOME TO OUR HOME,2,2011-11-11T08:39:00,8.25,12384,Switzerland
575734,23084,RABBIT NIGHT LIGHT,6,2011-11-11T08:39:00,2.08,12384,Switzerland
575734,23480,MINI LIGHTS WOODLAND MUSHROOMS,4,2011-11-11T08:39:00,3.75,12384,Switzerland
575734,23494,VINTAGE DOILY DELUXE SEWING KIT,3,2011-11-11T08:39:00,5.95,12384,Switzerland
575734,85099F,JUMBO BAG STRAWBERRY,10,2011-11-11T08:39:00,2.08,12384,Switzerland
575734,POST,POSTAGE,2,2011-11-11T08:39:00,40,12384,Switzerland
575955,21733,RED HANGING HEART T-LIGHT HOLDER,2,2011-11-13T12:05:00,2.95,14044,United Kingdom
575955,22158,3 HEARTS HANGING DECORATION RUSTIC,1,2011-11-13T12:05:00,2.95,14044,United Kingdom
575955,22337,ANGEL DECORATION PAINTED ZINC,6,2011-11-13T12:05:00,0.65,14044,United Kingdom
575955,22338,STAR DECORATION PAINTED ZINC,6,2011-11-13T12:05:00,0.19,14044,United Kingdom
575955,22339,CHRISTMAS TREE PAINTED ZINC,6,2011-11-13T12:05:00,0.19,14044,United Kingdom
575955,22464,HANGING METAL HEART LANTERN,2,2011-11-13T12:05:00,1.65,14044,United Kingdom
575955,22465,HANGING METAL STAR LANTERN,2,2011-11-13T12:05:00,1.65,14044,United Kingdom
575955,22596,CHRISTMAS STAR WISH LIST CHALKBOARD,4,2011-11-13T12:05:00,1.25,14044,United Kingdom
575955,23112,PARISIENNE CURIO CABINET,1,2011-11-13T12:05:00,7.5,14044,United Kingdom
575955,23263,SET OF 3 WOODEN HEART DECORATIONS,2,2011-11-13T12:05:00,1.25,14044,United Kingdom
575955,23264,SET OF 3 WOODEN SLEIGH DECORATIONS,1,2011-11-13T12:05:00,1.25,14044,United Kingdom
575955,23265,SET OF 3 WOODEN TREE DECORATIONS,3,2011-11-13T12:05:00,1.25,14044,United Kingdom
575955,23273,HEART T-LIGHT HOLDER WILLIE WINKIE,2,2011-11-13T12:05:00,1.65,14044,United Kingdom
575955,23274,STAR T-LIGHT HOLDER WILLIE WINKIE,2,2011-11-13T12:05:00,1.65,14044,United Kingdom
575955,23275,SET OF 3 HANGING OWLS OLLIE BEAK,3,2011-11-13T12:05:00,1.25,14044,United Kingdom
575955,23400,SHELF WITH 4 HOOKS HOME SWEET HOME,1,2011-11-13T12:05:00,6.25,14044,United Kingdom
575955,23403,LETTER HOLDER HOME SWEET HOME,1,2011-11-13T12:05:00,3.75,14044,United Kingdom
575955,23404,HOME SWEET HOME BLACKBOARD,1,2011-11-13T12:05:00,4.95,14044,United Kingdom
575955,23406,HOME SWEET HOME KEY HOLDER,1,2011-11-13T12:05:00,6.25,14044,United Kingdom
575955,23419,HOME SWEET HOME BOTTLE,1,2011-11-13T12:05:00,2.08,14044,United Kingdom
575955,23458,DOLLY CABINET 3 DRAWERS,1,2011-11-13T12:05:00,14.95,14044,United Kingdom
575955,23465,TUSCAN VILLA BIRD FEEDER,1,2011-11-13T12:05:00,8.25,14044,United Kingdom
575955,35961,FOLKART ZINC HEART CHRISTMAS DEC,4,2011-11-13T12:05:00,0.85,14044,United Kingdom
575955,85123A,WHITE HANGING HEART T-LIGHT HOLDER,3,2011-11-13T12:05:00,2.95,14044,United Kingdom
576188,21890,S/6 WOODEN SKITTLES IN COTTON BAG,6,2011-11-14T11:26:00,3.25,15168,United Kingdom
576188,21891,TRADITIONAL WOODEN SKIPPING ROPE,12,2011-11-14T11:26:00,1.45,15168,United Kingdom
576188,22579,WOODEN TREE CHRISTMAS SCANDINAVIAN,24,2011-11-14T11:26:00,0.29,15168,United Kingdom
576188,22947,WOODEN ADVENT CALENDAR RED,6,2011-11-14T11:26:00,7.95,15168,United Kingdom
576188,23393,HOME SWEET HOME CUSHION COVER,4,2011-11-14T11:26:00,3.75,15168,United Kingdom
576259,22178,VICTORIAN GLASS HANGING T-LIGHT,12,2011-11-14T14:18:00,1.95,12957,United Kingdom
576259,22271,FELTCRAFT DOLL ROSIE,6,2011-11-14T14:18:00,2.95,12957,United Kingdom
576259,22274,FELTCRAFT DOLL EMILY,6,2011-11-14T14:18:00,2.95,12957,United Kingdom
576259,22326,ROUND SNACK BOXES SET OF4 WOODLAND,6,2011-11-14T14:18:00,2.95,12957,United Kingdom
576259,22568,FELTCRAFT CUSHION OWL,8,2011-11-14T14:18:00,3.75,12957,United Kingdom
576259,22621,TRADITIONAL KNITTING NANCY,12,2011-11-14T14:18:00,1.65,12957,United Kingdom
576259,22750,FELTCRAFT PRINCESS LOLA DOLL,4,2011-11-14T14:18:00,3.75,12957,United Kingdom
576259,22867,HAND WARMER BIRD DESIGN,12,2011-11-14T14:18:00,2.1,12957,United Kingdom
576259,23077,DOUGHNUT LIP GLOSS,40,2011-11-14T14:18:00,1.25,12957,United Kingdom
576259,23080,RED METAL BOX TOP SECRET,2,2011-11-14T14:18:00,8.25,12957,United Kingdom
576259,23237,SET OF 4 KNICK KNACK TINS LEAF,6,2011-11-14T14:18:00,4.15,12957,United Kingdom
576259,23239,SET OF 4 KNICK KNACK TINS POPPIES,6,2011-11-14T14:18:00,4.15,12957,United Kingdom
576259,23425,STORAGE TIN HOME SWEET HOME,6,2011-11-14T14:18:00,2.49,12957,United Kingdom
576259,23459,DOLLY CABINET 2 DRAWERS,2,2011-11-14T14:18:00,12.5,12957,United Kingdom
576259,23500,KEY RING BASEBALL BOOT ASSORTED,20,2011-11-14T14:18:00,1.25,12957,United Kingdom
576259,23521,WALL ART CAT AND BIRD,6,2011-11-14T14:18:00,2.89,12957,United Kingdom
576259,23522,WALL ART DOG AND BALL,6,2011-11-14T14:18:00,2.89,12957,United Kingdom
576259,85066,CREAM SWEETHEART MINI CHEST,2,2011-11-14T14:18:00,12.75,12957,United Kingdom
576827,21787,RAIN PONCHO RETROSPOT,720,2011-11-16T14:28:00,0.85,12901,United Kingdom
577555,22639,SET OF 4 NAPKIN CHARMS HEARTS,32,2011-11-20T15:35:00,2.1,13200,United Kingdom
577555,23491,VINTAGE JINGLE BELLS HEART,4,2011-11-20T15:35:00,8.25,13200,United Kingdom
577594,15056N,EDWARDIAN PARASOL NATURAL,2,2011-11-20T16:07:00,5.95,13142,United Kingdom
577594,15056P,EDWARDIAN PARASOL PINK,2,2011-11-20T16:07:00,5.95,13142,United Kingdom
577594,16169E,WRAP 50'S  CHRISTMAS,50,2011-11-20T16:07:00,0.42,13142,United Kingdom
577594,21588,RETROSPOT GIANT TUBE MATCHES,12,2011-11-20T16:07:00,2.55,13142,United Kingdom
577594,22138,BAKING SET 9 PIECE RETROSPOT,2,2011-11-20T16:07:00,4.95,13142,United Kingdom
577594,22411,JUMBO SHOPPER VINTAGE RED PAISLEY,10,2011-11-20T16:07:00,2.08,13142,United Kingdom
577594,22487,WHITE WOOD GARDEN PLANT LADDER,3,2011-11-20T16:07:00,9.95,13142,United Kingdom
577594,22617,BAKING SET SPACEBOY DESIGN,2,2011-11-20T16:07:00,4.95,13142,United Kingdom
577594,22697,GREEN REGENCY TEACUP AND SAUCER,1,2011-11-20T16:07:00,2.95,13142,United Kingdom
577594,22698,PINK REGENCY TEACUP AND SAUCER,1,2011-11-20T16:07:00,2.95,13142,United Kingdom
577594,22734,SET OF 6 RIBBONS VINTAGE CHRISTMAS,1,2011-11-20T16:07:00,2.89,13142,United Kingdom
577594,22735,RIBBON REEL SOCKS AND MITTENS,5,2011-11-20T16:07:00,1.65,13142,United Kingdom
577594,22738,RIBBON REEL SNOWY VILLAGE,5,2011-11-20T16:07:00,1.65,13142,United Kingdom
577594,22816,CARD MOTORBIKE SANTA,48,2011-11-20T16:07:00,0.42,13142,United Kingdom
577594,22818,CARD CHRISTMAS VILLAGE,48,2011-11-20T16:07:00,0.42,13142,United Kingdom
577594,22959,WRAP CHRISTMAS VILLAGE,25,2011-11-20T16:07:00,0.42,13142,United Kingdom
577594,23177,TREASURE ISLAND BOOK BOX,6,2011-11-20T16:07:00,2.25,13142,United Kingdom
577594,23193,BUFFALO BILL TREASURE BOOK BOX,6,2011-11-20T16:07:00,2.25,13142,United Kingdom
577594,23242,TREASURE TIN BUFFALO BILL,6,2011-11-20T16:07:00,2.08,13142,United Kingdom
577594,23351,ROLL WRAP 50'S CHRISTMAS,9,2011-11-20T16:07:00,1.25,13142,United Kingdom
577594,23352,ROLL WRAP 50'S RED CHRISTMAS,9,2011-11-20T16:07:00,1.25,13142,United Kingdom
577594,23382,BOX OF 6 CHRISTMAS CAKE DECORATIONS,3,2011-11-20T16:07:00,3.75,13142,United Kingdom
577594,85014A,BLACK/BLUE POLKADOT UMBRELLA,2,2011-11-20T16:07:00,5.95,13142,United Kingdom
577793,21108,FAIRY CAKE FLANNEL ASSORTED COLOUR,18,2011-11-21T16:40:00,0.79,13468,United Kingdom
577793,21642,ASSORTED TUTTI FRUTTI PEN,24,2011-11-21T16:40:00,0.29,13468,United Kingdom
577793,22112,CHOCOLATE HOT WATER BOTTLE,3,2011-11-21T16:40:00,4.95,13468,United Kingdom
577793,23284,DOORMAT KEEP CALM AND COME IN,2,2011-11-21T16:40:00,8.25,13468,United Kingdom
577793,23355,HOT WATER BOTTLE KEEP CALM,4,2011-11-21T16:40:00,4.95,13468,United Kingdom
577793,37449,CERAMIC CAKE STAND + HANGING CAKES,2,2011-11-21T16:40:00,9.95,13468,United Kingdom
577793,48111,DOORMAT 3 SMILEY CATS,2,2011-11-21T16:40:00,8.25,13468,United Kingdom
577793,48185,DOORMAT FAIRY CAKE,2,2011-11-21T16:40:00,8.25,13468,United Kingdom
577793,71459,HANGING JAM JAR T-LIGHT HOLDERS,12,2011-11-21T16:40:00,0.85,13468,United Kingdom
577980,21494,ROTATING LEAVES T-LIGHT HOLDER,4,2011-11-22T12:24:00,1.25,16330,United Kingdom
577980,21591,COSY HOUR CIGAR BOX MATCHES,1,2011-11-22T12:24:00,1.25,16330,United Kingdom
577980,21713,CITRONELLA CANDLE FLOWERPOT,3,2011-11-22T12:24:00,2.1,16330,United Kingdom
577980,21875,KINGS CHOICE MUG,1,2011-11-22T12:24:00,1.25,16330,United Kingdom
577980,21876,POTTERING MUG,1,2011-11-22T12:24:00,1.65,16330,United Kingdom
577980,22139,RETROSPOT TEA SET CERAMIC 11 PC,1,2011-11-22T12:24:00,4.95,16330,United Kingdom
577980,22171,3 HOOK PHOTO SHELF ANTIQUE WHITE,1,2011-11-22T12:24:00,8.5,16330,United Kingdom
577980,22619,SET OF 6 SOLDIER SKITTLES,1,2011-11-22T12:24:00,3.75,16330,United Kingdom
577980,22690,DOORMAT HOME SWEET HOME BLUE,1,2011-11-22T12:24:00,8.25,16330,United Kingdom
577980,22960,JAM MAKING SET WITH JARS,1,2011-11-22T12:24:00,4.25,16330,United Kingdom
577980,23084,RABBIT NIGHT LIGHT,1,2011-11-22T12:24:00,2.08,16330,United Kingdom
577980,23101,SILVER STARS TABLE DECORATION,4,2011-11-22T12:24:00,0.83,16330,United Kingdom
577980,23301,GARDENERS KNEELING PAD KEEP CALM,1,2011-11-22T12:24:00,1.65,16330,United Kingdom
577980,23302,KNEELING MAT HOUSEWORK  DESIGN,1,2011-11-22T12:24:00,1.65,16330,United Kingdom
577980,23330,DECORATIVE WICKER HEART MEDIUM,90,2011-11-22T12:24:00,1.25,16330,United Kingdom
577980,23490,T-LIGHT HOLDER HANGING LOVE BIRD,2,2011-11-22T12:24:00,3.75,16330,United Kingdom
577980,23526,WALL ART DOG LICENCE,1,2011-11-22T12:24:00,5.95,16330,United Kingdom
577980,23530,WALL ART ONLY ONE PERSON,1,2011-11-22T12:24:00,4.95,16330,United Kingdom
577980,37370,RETRO COFFEE MUGS ASSORTED,1,2011-11-22T12:24:00,1.65,16330,United Kingdom
577980,84347,ROTATING SILVER ANGELS T-LIGHT HLDR,2,2011-11-22T12:24:00,2.55,16330,United Kingdom
577980,85035C,ROSE 3 WICK MORRIS BOX CANDLE,1,2011-11-22T12:24:00,1.25,16330,United Kingdom
577980,85106,CUT GLASS HEXAGON T-LIGHT HOLDER,4,2011-11-22T12:24:00,2.55,16330,United Kingdom
578369,21868,POTTING SHED TEA MUG,3,2011-11-24T11:10:00,1.65,14698,United Kingdom
578369,22175,PINK OWL SOFT TOY,2,2011-11-24T11:10:00,2.95,14698,United Kingdom
578369,22469,HEART OF WICKER SMALL,4,2011-11-24T11:10:00,1.65,14698,United Kingdom
578369,22768,FAMILY PHOTO FRAME CORNICE,3,2011-11-24T11:10:00,9.95,14698,United Kingdom
578369,23130,MISTLETOE HEART WREATH GREEN,1,2011-11-24T11:10:00,4.15,14698,United Kingdom
578369,23169,CLASSIC GLASS COOKIE JAR,2,2011-11-24T11:10:00,4.15,14698,United Kingdom
578369,23192,BUNDLE OF 3 ALPHABET EXERCISE BOOKS,3,2011-11-24T11:10:00,1.65,14698,United Kingdom
578369,23289,DOLLY GIRL CHILDRENS BOWL,2,2011-11-24T11:10:00,1.25,14698,United Kingdom
578369,23290,SPACEBOY CHILDRENS BOWL,2,2011-11-24T11:10:00,1.25,14698,United Kingdom
578369,23291,DOLLY GIRL CHILDRENS CUP,2,2011-11-24T11:10:00,1.25,14698,United Kingdom
578369,23292,SPACEBOY CHILDRENS CUP,2,2011-11-24T11:10:00,1.25,14698,United Kingdom
578369,23328,SET 6 SCHOOL MILK BOTTLES IN CRATE,4,2011-11-24T11:10:00,3.75,14698,United Kingdom
578369,23360,SET 8 CANDLES VINTAGE DOILY,5,2011-11-24T11:10:00,1.95,14698,United Kingdom
578369,23451,SQUARE MINI PORTRAIT FRAME,1,2011-11-24T11:10:00,1.95,14698,United Kingdom
578369,23452,HEART MINI PORTRAIT FRAME,1,2011-11-24T11:10:00,1.95,14698,United Kingdom
578369,23453,OVAL  MINI PORTRAIT FRAME,1,2011-11-24T11:10:00,1.95,14698,United Kingdom
578369,82482,WOODEN PICTURE FRAME WHITE FINISH,2,2011-11-24T11:10:00,2.95,14698,United Kingdom
578369,82494L,WOODEN FRAME ANTIQUE WHITE,1,2011-11-24T11:10:00,2.95,14698,United Kingdom
578369,84970L,SINGLE HEART ZINC T-LIGHT HOLDER,12,2011-11-24T11:10:00,1.25,14698,United Kingdom
578369,84978,HANGING HEART JAR T-LIGHT HOLDER,6,2011-11-24T11:10:00,1.25,14698,United Kingdom
578433,22086,PAPER CHAIN KIT 50'S CHRISTMAS,12,2011-11-24T12:21:00,2.95,17671,United Kingdom
578433,22725,ALARM CLOCK BAKELIKE CHOCOLATE,4,2011-11-24T12:21:00,3.75,17671,United Kingdom
578433,22726,ALARM CLOCK BAKELIKE GREEN,8,2011-11-24T12:21:00,3.75,17671,United Kingdom
578433,22727,ALARM CLOCK BAKELIKE RED,12,2011-11-24T12:21:00,3.75,17671,United Kingdom
578433,22728,ALARM CLOCK BAKELIKE PINK,4,2011-11-24T12:21:00,3.75,17671,United Kingdom
578433,22813,PACK 3 BOXES BIRD PANETTONE,12,2011-11-24T12:21:00,1.95,17671,United Kingdom
578433,22910,PAPER CHAIN KIT VINTAGE CHRISTMAS,12,2011-11-24T12:21:00,2.95,17671,United Kingdom
578433,23084,RABBIT NIGHT LIGHT,24,2011-11-24T12:21:00,1.79,17671,United Kingdom
578433,84879,ASSORTED COLOUR BIRD ORNAMENT,160,2011-11-24T12:21:00,1.45,17671,United Kingdom
578476,72807B,????missing,-124,2011-11-24T12:45:00,0,,United Kingdom
578682,20970,PINK FLORAL FELTCRAFT SHOULDER BAG,12,2011-11-25T08:55:00,3.75,17173,United Kingdom
578682,20971,PINK BLUE FELT CRAFT TRINKET BOX,24,2011-11-25T08:55:00,1.25,17173,United Kingdom
578682,21106,CREAM SLICE FLANNEL CHOCOLATE SPOT,24,2011-11-25T08:55:00,2.55,17173,United Kingdom
578682,21107,CREAM SLICE FLANNEL PINK SPOT,24,2011-11-25T08:55:00,2.55,17173,United Kingdom
578682,21108,FAIRY CAKE FLANNEL ASSORTED COLOUR,27,2011-11-25T08:55:00,2.1,17173,United Kingdom
578682,21109,LARGE CAKE TOWEL CHOCOLATE SPOTS,12,2011-11-25T08:55:00,5.95,17173,United Kingdom
578682,21110,LARGE CAKE TOWEL PINK SPOTS,12,2011-11-25T08:55:00,5.95,17173,United Kingdom
578682,21218,RED SPOTTY BISCUIT TIN,12,2011-11-25T08:55:00,3.75,17173,United Kingdom
578682,21531,RED RETROSPOT SUGAR JAM BOWL,12,2011-11-25T08:55:00,2.1,17173,United Kingdom
578682,21844,RED RETROSPOT MUG,12,2011-11-25T08:55:00,2.55,17173,United Kingdom
578682,22070,SMALL RED RETROSPOT MUG IN BOX,12,2011-11-25T08:55:00,3.39,17173,United Kingdom
578682,22141,CHRISTMAS CRAFT TREE TOP ANGEL,12,2011-11-25T08:55:00,1.85,17173,United Kingdom
578682,22271,FELTCRAFT DOLL ROSIE,18,2011-11-25T08:55:00,2.95,17173,United Kingdom
578682,22273,FELTCRAFT DOLL MOLLY,12,2011-11-25T08:55:00,2.95,17173,United Kingdom
578682,22749,FELTCRAFT PRINCESS CHARLOTTE DOLL,8,2011-11-25T08:55:00,3.75,17173,United Kingdom
578682,22750,FELTCRAFT PRINCESS LOLA DOLL,12,2011-11-25T08:55:00,3.75,17173,United Kingdom
578682,22795,SWEETHEART RECIPE BOOK STAND,6,2011-11-25T08:55:00,5.95,17173,United Kingdom
578682,22940,FELTCRAFT CHRISTMAS FAIRY,12,2011-11-25T08:55:00,3.75,17173,United Kingdom
578682,85066,CREAM SWEETHEART MINI CHEST,8,2011-11-25T08:55:00,10.95,17173,United Kingdom
578682,85123A,WHITE HANGING HEART T-LIGHT HOLDER,24,2011-11-25T08:55:00,2.95,17173,United Kingdom
578852,20618,QUEEN OF THE SKIES PASSPORT COVER,1,2011-11-27T11:12:00,2.1,17841,United Kingdom
578852,20655,QUEEN OF SKIES LUGGAGE TAG,1,2011-11-27T11:12:00,1.25,17841,United Kingdom
578852,20705,MRS ROBOT SOFT TOY,1,2011-11-27T11:12:00,6.95,17841,United Kingdom
578852,20749,ASSORTED COLOUR MINI CASES,1,2011-11-27T11:12:00,7.95,17841,United Kingdom
578852,20752,BLUE POLKADOT WASHING UP GLOVES,4,2011-11-27T11:12:00,2.1,17841,United Kingdom
578852,20972,PINK CREAM FELT CRAFT TRINKET BOX,1,2011-11-27T11:12:00,1.25,17841,United Kingdom
578852,21065,BOOM BOX SPEAKER GIRLS,1,2011-11-27T11:12:00,5.95,17841,United Kingdom
578852,21137,BLACK RECORD COVER FRAME,1,2011-11-27T11:12:00,3.75,17841,United Kingdom
578852,21293,MIRRORED DOVE WALL DECORATION,1,2011-11-27T11:12:00,2.1,17841,United Kingdom
578852,21381,MINI WOODEN HAPPY BIRTHDAY GARLAND,1,2011-11-27T11:12:00,1.69,17841,United Kingdom
578852,21382,SET/4 SPRING FLOWER DECORATION,4,2011-11-27T11:12:00,0.75,17841,United Kingdom
578852,21446,12 RED ROSE PEG PLACE SETTINGS,24,2011-11-27T11:12:00,1.25,17841,United Kingdom
578852,21479,WHITE SKULL HOT WATER BOTTLE,2,2011-11-27T11:12:00,4.25,17841,United Kingdom
578852,21564,PINK  HEART SHAPE LOVE BUCKET,1,2011-11-27T11:12:00,2.95,17841,United Kingdom
578852,21684,SMALL MEDINA STAMPED METAL BOWL,1,2011-11-27T11:12:00,0.85,17841,United Kingdom
578852,21867,PINK UNION JACK  LUGGAGE TAG,1,2011-11-27T11:12:00,1.25,17841,United Kingdom
578852,21916,SET 12 RETRO WHITE CHALK STICKS,5,2011-11-27T11:12:00,0.42,17841,United Kingdom
578852,21935,SUKI  SHOULDER BAG,1,2011-11-27T11:12:00,1.65,17841,United Kingdom
578852,21975,PACK OF 60 DINOSAUR CAKE CASES,3,2011-11-27T11:12:00,0.55,17841,United Kingdom
578852,21976,PACK OF 60 MUSHROOM CAKE CASES,1,2011-11-27T11:12:00,0.55,17841,United Kingdom
578852,21976,PACK OF 60 MUSHROOM CAKE CASES,1,2011-11-27T11:12:00,0.55,17841,United Kingdom
578852,21981,PACK OF 12 WOODLAND TISSUES,1,2011-11-27T11:12:00,0.39,17841,United Kingdom
578852,21982,PACK OF 12 SUKI TISSUES,1,2011-11-27T11:12:00,0.39,17841,United Kingdom
578852,21982,PACK OF 12 SUKI TISSUES,1,2011-11-27T11:12:00,0.39,17841,United Kingdom
578852,22086,PAPER CHAIN KIT 50'S CHRISTMAS,1,2011-11-27T11:12:00,2.95,17841,United Kingdom
578852,22092,BLUE PAISLEY TISSUE BOX,2,2011-11-27T11:12:00,0.39,17841,United Kingdom
578852,22094,RED RETROSPOT TISSUE BOX,2,2011-11-27T11:12:00,0.39,17841,United Kingdom
578852,22132,RED LOVE HEART SHAPE CUP,1,2011-11-27T11:12:00,0.85,17841,United Kingdom
578852,22134,MINI LADLE LOVE HEART RED,1,2011-11-27T11:12:00,0.42,17841,United Kingdom
578852,22134,MINI LADLE LOVE HEART RED,1,2011-11-27T11:12:00,0.42,17841,United Kingdom
578852,22173,METAL 4 HOOK HANGER FRENCH CHATEAU,1,2011-11-27T11:12:00,3.29,17841,United Kingdom
578852,22175,PINK OWL SOFT TOY,1,2011-11-27T11:12:00,2.95,17841,United Kingdom
578852,22195,LARGE HEART MEASURING SPOONS,1,2011-11-27T11:12:00,1.65,17841,United Kingdom
578852,22196,SMALL HEART MEASURING SPOONS,1,2011-11-27T11:12:00,0.85,17841,United Kingdom
578852,22196,SMALL HEART MEASURING SPOONS,1,2011-11-27T11:12:00,0.85,17841,United Kingdom
578852,22273,FELTCRAFT DOLL MOLLY,1,2011-11-27T11:12:00,2.95,17841,United Kingdom
578852,22419,LIPSTICK PEN RED,10,2011-11-27T11:12:00,0.42,17841,United Kingdom
578852,22420,LIPSTICK PEN BABY PINK,5,2011-11-27T11:12:00,0.42,17841,United Kingdom
578852,22421,LIPSTICK PEN FUSCHIA,5,2011-11-27T11:12:00,0.42,17841,United Kingdom
578852,22431,WATERING CAN BLUE ELEPHANT,1,2011-11-27T11:12:00,1.95,17841,United Kingdom
578852,22465,HANGING METAL STAR LANTERN,2,2011-11-27T11:12:00,1.65,17841,United Kingdom
578852,22467,GUMBALL COAT RACK,4,2011-11-27T11:12:00,2.55,17841,United Kingdom
578852,22467,GUMBALL COAT RACK,6,2011-11-27T11:12:00,2.55,17841,United Kingdom
578852,22475,SKULL DESIGN TV DINNER TRAY,2,2011-11-27T11:12:00,4.95,17841,United Kingdom
578852,22554,PLASTERS IN TIN WOODLAND ANIMALS,1,2011-11-27T11:12:00,1.65,17841,United Kingdom
578852,22597,MUSICAL ZINC HEART DECORATION,5,2011-11-27T11:12:00,0.29,17841,United Kingdom
578852,22598,CHRISTMAS MUSICAL ZINC TREE,5,2011-11-27T11:12:00,0.29,17841,United Kingdom
578852,22599,CHRISTMAS MUSICAL ZINC STAR,5,2011-11-27T11:12:00,0.29,17841,United Kingdom
578852,22615,PACK OF 12 CIRCUS PARADE TISSUES,1,2011-11-27T11:12:00,0.39,17841,United Kingdom
578852,22621,TRADITIONAL KNITTING NANCY,1,2011-11-27T11:12:00,1.65,17841,United Kingdom
578852,22654,DELUXE SEWING KIT,1,2011-11-27T11:12:00,5.95,17841,United Kingdom
578852,22666,RECIPE BOX PANTRY YELLOW DESIGN,1,2011-11-27T11:12:00,2.95,17841,United Kingdom
578852,22666,RECIPE BOX PANTRY YELLOW DESIGN,1,2011-11-27T11:12:00,2.95,17841,United Kingdom
578852,22672,FRENCH BATHROOM SIGN BLUE METAL,1,2011-11-27T11:12:00,1.65,17841,United Kingdom
578852,22674,FRENCH TOILET SIGN BLUE METAL,1,2011-11-27T11:12:00,1.25,17841,United Kingdom
578852,22675,FRENCH KITCHEN SIGN BLUE METAL,1,2011-11-27T11:12:00,1.25,17841,United Kingdom
578852,22676,FRENCH BLUE METAL DOOR SIGN 1,2,2011-11-27T11:12:00,1.25,17841,United Kingdom
578852,22677,FRENCH BLUE METAL DOOR SIGN 2,1,2011-11-27T11:12:00,1.25,17841,United Kingdom
578852,22685,FRENCH BLUE METAL DOOR SIGN 0,1,2011-11-27T11:12:00,1.25,17841,United Kingdom
578852,22754,SMALL RED BABUSHKA NOTEBOOK,2,2011-11-27T11:12:00,0.85,17841,United Kingdom
578852,22776,SWEETHEART 3 TIER CAKE STAND,1,2011-11-27T11:12:00,9.95,17841,United Kingdom
578852,22835,HOT WATER BOTTLE I AM SO POORLY,1,2011-11-27T11:12:00,4.95,17841,United Kingdom
578852,22844,VINTAGE CREAM DOG FOOD CONTAINER,1,2011-11-27T11:12:00,8.5,17841,United Kingdom
578852,22890,NOVELTY BISCUITS CAKE STAND 3 TIER,1,2011-11-27T11:12:00,9.95,17841,United Kingdom
578852,22995,TRAVEL CARD WALLET SUKI,1,2011-11-27T11:12:00,0.42,17841,United Kingdom
578852,22996,TRAVEL CARD WALLET VINTAGE TICKET,1,2011-11-27T11:12:00,0.42,17841,United Kingdom
578852,22999,TRAVEL CARD WALLET VINTAGE LEAF,1,2011-11-27T11:12:00,0.42,17841,United Kingdom
578852,23100,SILVER BELLS TABLE DECORATION,2,2011-11-27T11:12:00,1.25,17841,United Kingdom
578852,23103,JINGLE BELL HEART DECORATION,2,2011-11-27T11:12:00,1.65,17841,United Kingdom
578852,23126,FELTCRAFT GIRL AMELIE KIT,1,2011-11-27T11:12:00,4.95,17841,United Kingdom
578852,23136,IVORY WIRE SWEETHEART LETTER TRAY,1,2011-11-27T11:12:00,3.75,17841,United Kingdom
578852,23148,MINIATURE ANTIQUE ROSE HOOK IVORY,1,2011-11-27T11:12:00,0.83,17841,United Kingdom
578852,23176,ABC TREASURE BOOK BOX,1,2011-11-27T11:12:00,2.25,17841,United Kingdom
578852,23192,BUNDLE OF 3 ALPHABET EXERCISE BOOKS,1,2011-11-27T11:12:00,1.65,17841,United Kingdom
578852,23210,WHITE ROCKING HORSE HAND PAINTED,6,2011-11-27T11:12:00,1.25,17841,United Kingdom
578852,23211,RED ROCKING HORSE HAND PAINTED,2,2011-11-27T11:12:00,1.25,17841,United Kingdom
578852,23212,HEART WREATH DECORATION WITH BELL,2,2011-11-27T11:12:00,1.25,17841,United Kingdom
578852,23213,STAR WREATH DECORATION WITH BELL,2,2011-11-27T11:12:00,1.25,17841,United Kingdom
578852,23220,REINDEER HEART DECORATION GOLD,5,2011-11-27T11:12:00,0.83,17841,United Kingdom
578852,23221,REINDEER HEART DECORATION SILVER,5,2011-11-27T11:12:00,0.83,17841,United Kingdom
578852,23241,TREASURE TIN GYMKHANA DESIGN,1,2011-11-27T11:12:00,2.08,17841,United Kingdom
578852,23263,SET OF 3 WOODEN HEART DECORATIONS,12,2011-11-27T11:12:00,1.25,17841,United Kingdom
578852,23264,SET OF 3 WOODEN SLEIGH DECORATIONS,12,2011-11-27T11:12:00,1.25,17841,United Kingdom
578852,23265,SET OF 3 WOODEN TREE DECORATIONS,4,2011-11-27T11:12:00,1.25,17841,United Kingdom
578852,23266,SET OF 3 WOODEN STOCKING DECORATION,4,2011-11-27T11:12:00,1.25,17841,United Kingdom
578852,23275,SET OF 3 HANGING OWLS OLLIE BEAK,12,2011-11-27T11:12:00,1.25,17841,United Kingdom
578852,23300,GARDENERS KNEELING PAD CUP OF TEA,2,2011-11-27T11:12:00,1.65,17841,United Kingdom
578852,23313,VINTAGE CHRISTMAS BUNTING,1,2011-11-27T11:12:00,4.95,17841,United Kingdom
578852,23355,HOT WATER BOTTLE KEEP CALM,1,2011-11-27T11:12:00,4.95,17841,United Kingdom
578852,23399,HOME SWEET HOME HANGING HEART,1,2011-11-27T11:12:00,0.85,17841,United Kingdom
578852,23408,PHOTO FRAME LINEN AND LACE SMALL,1,2011-11-27T11:12:00,2.08,17841,United Kingdom
578852,23409,PHOTO FRAME LINEN AND LACE LARGE,1,2011-11-27T11:12:00,3.75,17841,United Kingdom
578852,23426,METAL SIGN DROP YOUR PANTS,2,2011-11-27T11:12:00,2.89,17841,United Kingdom
578852,37446,MINI CAKE STAND WITH HANGING CAKES,6,2011-11-27T11:12:00,1.45,17841,United Kingdom
578852,46000M,POLYESTER FILLER PAD 45x45cm,3,2011-11-27T11:12:00,1.55,17841,United Kingdom
578852,47421,ASSORTED COLOUR LIZARD SUCTION HOOK,10,2011-11-27T11:12:00,0.42,17841,United Kingdom
578852,47481,50CM METAL STRING WITH  7 CLIPS,1,2011-11-27T11:12:00,0.85,17841,United Kingdom
578852,48187,DOORMAT NEW ENGLAND,1,2011-11-27T11:12:00,8.25,17841,United Kingdom
578852,82578,KITCHEN METAL SIGN,7,2011-11-27T11:12:00,0.55,17841,United Kingdom
578852,82580,BATHROOM METAL SIGN,2,2011-11-27T11:12:00,0.55,17841,United Kingdom
578852,82581,TOILET METAL SIGN,2,2011-11-27T11:12:00,0.55,17841,United Kingdom
578852,84971S,SMALL HEART FLOWERS HOOK,1,2011-11-27T11:12:00,0.85,17841,United Kingdom
578852,84992,72 SWEETHEART FAIRY CAKE CASES,1,2011-11-27T11:12:00,0.55,17841,United Kingdom
578852,85099C,JUMBO  BAG BAROQUE BLACK WHITE,2,2011-11-27T11:12:00,2.08,17841,United Kingdom
578852,85125,SMALL ROUND CUT GLASS CANDLESTICK,1,2011-11-27T11:12:00,4.95,17841,United Kingdom
578852,85173,SET/6 FROG PRINCE T-LIGHT CANDLES,1,2011-11-27T11:12:00,2.55,17841,United Kingdom
578852,85199S,SMALL HANGING IVORY/RED WOOD BIRD,2,2011-11-27T11:12:00,0.42,17841,United Kingdom
578992,22733,3D TRADITIONAL CHRISTMAS STICKERS,2,2011-11-27T15:38:00,1.25,13610,United Kingdom
578992,22734,SET OF 6 RIBBONS VINTAGE CHRISTMAS,2,2011-11-27T15:38:00,2.89,13610,United Kingdom
578992,22782,SET 3 WICKER STORAGE BASKETS,1,2011-11-27T15:38:00,24.95,13610,United Kingdom
578992,22910,PAPER CHAIN KIT VINTAGE CHRISTMAS,2,2011-11-27T15:38:00,2.95,13610,United Kingdom
578992,22952,60 CAKE CASES VINTAGE CHRISTMAS,3,2011-11-27T15:38:00,0.55,13610,United Kingdom
578992,23130,MISTLETOE HEART WREATH GREEN,2,2011-11-27T15:38:00,4.15,13610,United Kingdom
578992,23198,PANTRY MAGNETIC  SHOPPING LIST,2,2011-11-27T15:38:00,1.45,13610,United Kingdom
578992,23294,SET OF 6 SNACK LOAF BAKING CASES,1,2011-11-27T15:38:00,0.83,13610,United Kingdom
578992,23295,SET OF 12 MINI LOAF BAKING CASES,1,2011-11-27T15:38:00,0.83,13610,United Kingdom
578992,23296,SET OF 6 TEA TIME BAKING CASES,1,2011-11-27T15:38:00,1.25,13610,United Kingdom
578992,23313,VINTAGE CHRISTMAS BUNTING,3,2011-11-27T15:38:00,4.95,13610,United Kingdom
578992,23321,SMALL WHITE HEART OF WICKER,2,2011-11-27T15:38:00,1.65,13610,United Kingdom
578992,23340,VINTAGE CHRISTMAS CAKE FRILL,2,2011-11-27T15:38:00,1.65,13610,United Kingdom
578992,23456,MEDIUM PARLOUR PICTURE FRAME,1,2011-11-27T15:38:00,4.15,13610,United Kingdom
578992,23457,LARGE PARLOUR PICTURE FRAME,1,2011-11-27T15:38:00,4.95,13610,United Kingdom
578992,23457,LARGE PARLOUR PICTURE FRAME,1,2011-11-27T15:38:00,4.95,13610,United Kingdom
578992,23597,PAPER BUNTING PAISLEY PARK,2,2011-11-27T15:38:00,2.95,13610,United Kingdom
578992,82482,WOODEN PICTURE FRAME WHITE FINISH,3,2011-11-27T15:38:00,2.95,13610,United Kingdom
578992,82494L,WOODEN FRAME ANTIQUE WHITE,3,2011-11-27T15:38:00,2.95,13610,United Kingdom
578992,84030E,ENGLISH ROSE HOT WATER BOTTLE,1,2011-11-27T15:38:00,4.25,13610,United Kingdom
579002,16225,RATTLE SNAKE EGGS,1,2011-11-27T16:27:00,1.25,14093,United Kingdom
579002,20819,SILVER TEDDY BEAR,2,2011-11-27T16:27:00,3.75,14093,United Kingdom
579002,20829,GLITTER HANGING BUTTERFLY STRING,1,2011-11-27T16:27:00,2.1,14093,United Kingdom
579002,20832,RED FLOCK LOVE HEART PHOTO FRAME,5,2011-11-27T16:27:00,0.39,14093,United Kingdom
579002,20978,36 PENCILS TUBE SKULLS,4,2011-11-27T16:27:00,1.25,14093,United Kingdom
579002,20979,36 PENCILS TUBE RED RETROSPOT,3,2011-11-27T16:27:00,1.25,14093,United Kingdom
579002,20985,HEART CALCULATOR,1,2011-11-27T16:27:00,1.25,14093,United Kingdom
579002,20985,HEART CALCULATOR,1,2011-11-27T16:27:00,1.25,14093,United Kingdom
579002,20985,HEART CALCULATOR,1,2011-11-27T16:27:00,1.25,14093,United Kingdom
579002,20986,BLUE CALCULATOR RULER,1,2011-11-27T16:27:00,1.25,14093,United Kingdom
579002,20986,BLUE CALCULATOR RULER,2,2011-11-27T16:27:00,1.25,14093,United Kingdom
579002,21034,REX CASH+CARRY JUMBO SHOPPER,1,2011-11-27T16:27:00,0.95,14093,United Kingdom
579002,21034,REX CASH+CARRY JUMBO SHOPPER,2,2011-11-27T16:27:00,0.95,14093,United Kingdom
579002,21158,MOODY GIRL DOOR HANGER,4,2011-11-27T16:27:00,0.39,14093,United Kingdom
579002,21162,TOXIC AREA  DOOR HANGER,4,2011-11-27T16:27:00,0.39,14093,United Kingdom
579002,21213,PACK OF 72 SKULL CAKE CASES,2,2011-11-27T16:27:00,0.55,14093,United Kingdom
579002,21248,DOOR HANGER  MUM + DADS ROOM,1,2011-11-27T16:27:00,1.45,14093,United Kingdom
579002,21259,VICTORIAN SEWING BOX SMALL,2,2011-11-27T16:27:00,5.95,14093,United Kingdom
579002,21354,TOAST ITS - BEST MUM,4,2011-11-27T16:27:00,1.25,14093,United Kingdom
579002,21355,TOAST ITS - I LOVE YOU,4,2011-11-27T16:27:00,1.25,14093,United Kingdom
579002,21356,TOAST ITS - FAIRY FLOWER,2,2011-11-27T16:27:00,1.25,14093,United Kingdom
579002,21558,SKULL LUNCH BOX WITH CUTLERY,1,2011-11-27T16:27:00,2.55,14093,United Kingdom
579002,21559,STRAWBERRY LUNCH BOX WITH CUTLERY,1,2011-11-27T16:27:00,2.55,14093,United Kingdom
579002,21561,DINOSAUR LUNCH BOX WITH CUTLERY,1,2011-11-27T16:27:00,2.55,14093,United Kingdom
579002,21615,4 LAVENDER BOTANICAL DINNER CANDLES,2,2011-11-27T16:27:00,1.25,14093,United Kingdom
579002,21619,4 VANILLA BOTANICAL CANDLES,2,2011-11-27T16:27:00,1.25,14093,United Kingdom
579002,21620,SET OF 4 ROSE BOTANICAL CANDLES,2,2011-11-27T16:27:00,1.25,14093,United Kingdom
579002,21640,ASSORTED TUTTI FRUTTI  FOB NOTEBOOK,6,2011-11-27T16:27:00,0.85,14093,United Kingdom
579002,21642,ASSORTED TUTTI FRUTTI PEN,5,2011-11-27T16:27:00,0.29,14093,United Kingdom
579002,21644,ASSORTED TUTTI FRUTTI HEART BOX,5,2011-11-27T16:27:00,1.25,14093,United Kingdom
579002,21832,CHOCOLATE CALCULATOR,1,2011-11-27T16:27:00,1.65,14093,United Kingdom
579002,21832,CHOCOLATE CALCULATOR,2,2011-11-27T16:27:00,1.65,14093,United Kingdom
579002,21872,GLAMOROUS  MUG,4,2011-11-27T16:27:00,1.25,14093,United Kingdom
579002,21877,HOME SWEET HOME MUG,2,2011-11-27T16:27:00,1.65,14093,United Kingdom
579002,21889,WOODEN BOX OF DOMINOES,3,2011-11-27T16:27:00,1.25,14093,United Kingdom
579002,21891,TRADITIONAL WOODEN SKIPPING ROPE,4,2011-11-27T16:27:00,1.45,14093,United Kingdom
579002,21975,PACK OF 60 DINOSAUR CAKE CASES,2,2011-11-27T16:27:00,0.55,14093,United Kingdom
579002,21977,PACK OF 60 PINK PAISLEY CAKE CASES,2,2011-11-27T16:27:00,0.55,14093,United Kingdom
579002,22074,6 RIBBONS SHIMMERING PINKS,2,2011-11-27T16:27:00,1.65,14093,United Kingdom
579002,22075,6 RIBBONS ELEGANT CHRISTMAS,6,2011-11-27T16:27:00,1.65,14093,United Kingdom
579002,22099,CARAVAN SQUARE TISSUE BOX,1,2011-11-27T16:27:00,0.39,14093,United Kingdom
579002,22112,CHOCOLATE HOT WATER BOTTLE,2,2011-11-27T16:27:00,4.95,14093,United Kingdom
579002,22114,HOT WATER BOTTLE TEA AND SYMPATHY,1,2011-11-27T16:27:00,4.25,14093,United Kingdom
579002,22123,PING MICROWAVE APRON,4,2011-11-27T16:27:00,1.95,14093,United Kingdom
579002,22138,BAKING SET 9 PIECE RETROSPOT,3,2011-11-27T16:27:00,4.95,14093,United Kingdom
579002,22139,RETROSPOT TEA SET CERAMIC 11 PC,1,2011-11-27T16:27:00,4.95,14093,United Kingdom
579002,22174,PHOTO CUBE,3,2011-11-27T16:27:00,1.65,14093,United Kingdom
579002,22208,WOOD STAMP SET THANK YOU,1,2011-11-27T16:27:00,0.83,14093,United Kingdom
579002,22210,WOOD STAMP SET BEST WISHES,2,2011-11-27T16:27:00,0.83,14093,United Kingdom
579002,22352,LUNCH BOX WITH CUTLERY RETROSPOT,1,2011-11-27T16:27:00,2.55,14093,United Kingdom
579002,22367,CHILDRENS APRON SPACEBOY DESIGN,1,2011-11-27T16:27:00,1.95,14093,United Kingdom
579002,22398,MAGNETS PACK OF 4 SWALLOWS,4,2011-11-27T16:27:00,0.39,14093,United Kingdom
579002,22400,MAGNETS PACK OF 4 HOME SWEET HOME,4,2011-11-27T16:27:00,0.39,14093,United Kingdom
579002,22402,MAGNETS PACK OF 4 VINTAGE COLLAGE,4,2011-11-27T16:27:00,0.39,14093,United Kingdom
579002,22417,PACK OF 60 SPACEBOY CAKE CASES,2,2011-11-27T16:27:00,0.55,14093,United Kingdom
579002,22419,LIPSTICK PEN RED,2,2011-11-27T16:27:00,0.42,14093,United Kingdom
579002,22420,LIPSTICK PEN BABY PINK,2,2011-11-27T16:27:00,0.42,14093,United Kingdom
579002,22420,LIPSTICK PEN BABY PINK,8,2011-11-27T16:27:00,0.42,14093,United Kingdom
579002,22421,LIPSTICK PEN FUSCHIA,7,2011-11-27T16:27:00,0.42,14093,United Kingdom
579002,22439,6 ROCKET BALLOONS,10,2011-11-27T16:27:00,0.65,14093,United Kingdom
579002,22483,RED GINGHAM TEDDY BEAR,2,2011-11-27T16:27:00,2.95,14093,United Kingdom
579002,22489,PACK OF 12 TRADITIONAL CRAYONS,4,2011-11-27T16:27:00,0.42,14093,United Kingdom
579002,22561,WOODEN SCHOOL COLOURING SET,4,2011-11-27T16:27:00,1.65,14093,United Kingdom
579002,22562,MONSTERS STENCIL CRAFT,2,2011-11-27T16:27:00,1.25,14093,United Kingdom
579002,22563,HAPPY STENCIL CRAFT,2,2011-11-27T16:27:00,1.25,14093,United Kingdom
579002,22564,ALPHABET STENCIL CRAFT,2,2011-11-27T16:27:00,1.25,14093,United Kingdom
579002,22608,PENS ASSORTED FUNKY JEWELED,36,2011-11-27T16:27:00,0.19,14093,United Kingdom
579002,22617,BAKING SET SPACEBOY DESIGN,2,2011-11-27T16:27:00,4.95,14093,United Kingdom
579002,22835,HOT WATER BOTTLE I AM SO POORLY,2,2011-11-27T16:27:00,4.95,14093,United Kingdom
579002,22951,60 CAKE CASES DOLLY GIRL DESIGN,2,2011-11-27T16:27:00,0.55,14093,United Kingdom
579002,22966,GINGERBREAD MAN COOKIE CUTTER,2,2011-11-27T16:27:00,1.25,14093,United Kingdom
579002,22974,CHILDRENS DOLLY GIRL MUG,6,2011-11-27T16:27:00,1.65,14093,United Kingdom
579002,22994,TRAVEL CARD WALLET RETROSPOT,1,2011-11-27T16:27:00,0.42,14093,United Kingdom
579002,22995,TRAVEL CARD WALLET SUKI,6,2011-11-27T16:27:00,0.42,14093,United Kingdom
579002,22995,TRAVEL CARD WALLET SUKI,6,2011-11-27T16:27:00,0.42,14093,United Kingdom
579002,22998,TRAVEL CARD WALLET KEEP CALM,6,2011-11-27T16:27:00,0.42,14093,United Kingdom
579002,23000,TRAVEL CARD WALLET TRANSPORT,6,2011-11-27T16:27:00,0.42,14093,United Kingdom
579002,23002,TRAVEL CARD WALLET SKULLS,6,2011-11-27T16:27:00,0.42,14093,United Kingdom
579002,23004,TRAVEL CARD WALLET PANTRY,6,2011-11-27T16:27:00,0.42,14093,United Kingdom
579002,23006,TRAVEL CARD WALLET FLOWER MEADOW,6,2011-11-27T16:27:00,0.42,14093,United Kingdom
579002,23006,TRAVEL CARD WALLET FLOWER MEADOW,6,2011-11-27T16:27:00,0.42,14093,United Kingdom
579002,23076,ICE CREAM SUNDAE LIP GLOSS,24,2011-11-27T16:27:00,1.25,14093,United Kingdom
579002,23171,REGENCY TEA PLATE GREEN,6,2011-11-27T16:27:00,1.65,14093,United Kingdom
579002,23289,DOLLY GIRL CHILDRENS BOWL,4,2011-11-27T16:27:00,1.25,14093,United Kingdom
579002,23291,DOLLY GIRL CHILDRENS CUP,4,2011-11-27T16:27:00,1.25,14093,United Kingdom
579002,23310,BUBBLEGUM RING ASSORTED,36,2011-11-27T16:27:00,0.42,14093,United Kingdom
579002,23355,HOT WATER BOTTLE KEEP CALM,2,2011-11-27T16:27:00,4.95,14093,United Kingdom
579002,23356,LOVE HOT WATER BOTTLE,2,2011-11-27T16:27:00,5.95,14093,United Kingdom
579002,23371,SET 36 COLOUR PENCILS SPACEBOY,4,2011-11-27T16:27:00,1.25,14093,United Kingdom
579002,23372,SET 36 COLOUR PENCILS DOLLY GIRL,4,2011-11-27T16:27:00,1.25,14093,United Kingdom
579002,23552,BICYCLE PUNCTURE REPAIR KIT,10,2011-11-27T16:27:00,2.08,14093,United Kingdom
579002,47591D,PINK FAIRY CAKE CHILDRENS APRON,1,2011-11-27T16:27:00,1.95,14093,United Kingdom
579002,71406C,BLACK ORANGE SQUEEZER,1,2011-11-27T16:27:00,0.42,14093,United Kingdom
579002,84375,SET OF 20 KIDS COOKIE CUTTERS,3,2011-11-27T16:27:00,2.1,14093,United Kingdom
579002,84378,SET OF 3 HEART COOKIE CUTTERS,2,2011-11-27T16:27:00,1.45,14093,United Kingdom
579002,84380,SET OF 3 BUTTERFLY COOKIE CUTTERS,1,2011-11-27T16:27:00,1.45,14093,United Kingdom
579002,84380,SET OF 3 BUTTERFLY COOKIE CUTTERS,1,2011-11-27T16:27:00,1.45,14093,United Kingdom
579002,84508B,STRIPES DESIGN TEDDY,2,2011-11-27T16:27:00,2.55,14093,United Kingdom
579002,84876B,GREEN HEART COMPACT MIRROR,4,2011-11-27T16:27:00,1.25,14093,United Kingdom
579002,84989A,75 GREEN FAIRY CAKE CASES,2,2011-11-27T16:27:00,0.55,14093,United Kingdom
579002,84991,60 TEATIME FAIRY CAKE CASES,2,2011-11-27T16:27:00,0.55,14093,United Kingdom
579002,84992,72 SWEETHEART FAIRY CAKE CASES,2,2011-11-27T16:27:00,0.55,14093,United Kingdom
579002,85034C,3 ROSE MORRIS BOXED CANDLES,4,2011-11-27T16:27:00,1.25,14093,United Kingdom
579002,85049A,TRADITIONAL CHRISTMAS RIBBONS,1,2011-11-27T16:27:00,1.25,14093,United Kingdom
579002,85049A,TRADITIONAL CHRISTMAS RIBBONS,5,2011-11-27T16:27:00,1.25,14093,United Kingdom
579095,21137,BLACK RECORD COVER FRAME,1,2011-11-28T11:00:00,3.75,17988,United Kingdom
579095,21707,FOLDING UMBRELLA BLACKBLUE POLKADOT,1,2011-11-28T11:00:00,4.95,17988,United Kingdom
579095,21708,FOLDING UMBRELLA CREAM POLKADOT,1,2011-11-28T11:00:00,4.95,17988,United Kingdom
579095,23042,PAPER LANTERN 7 POINT SNOW STAR,1,2011-11-28T11:00:00,6.65,17988,United Kingdom
579095,23148,MINIATURE ANTIQUE ROSE HOOK IVORY,2,2011-11-28T11:00:00,0.83,17988,United Kingdom
579095,23154,SET OF 4 JAM JAR MAGNETS,1,2011-11-28T11:00:00,2.08,17988,United Kingdom
579095,23155,KNICKERBOCKERGLORY MAGNET ASSORTED,3,2011-11-28T11:00:00,0.83,17988,United Kingdom
579095,23159,SET OF 5 PANCAKE DAY MAGNETS,1,2011-11-28T11:00:00,2.08,17988,United Kingdom
579095,71038,WHITE HANGING BEADS CANDLE HOLDER,1,2011-11-28T11:00:00,5.45,17988,United Kingdom
579095,82483,WOOD 2 DRAWER CABINET WHITE FINISH,1,2011-11-28T11:00:00,6.95,17988,United Kingdom
579121,21500,PINK POLKADOT WRAP,25,2011-11-28T12:01:00,0.42,17299,United Kingdom
579121,23077,DOUGHNUT LIP GLOSS,20,2011-11-28T12:01:00,1.25,17299,United Kingdom
579121,23084,RABBIT NIGHT LIGHT,12,2011-11-28T12:01:00,2.08,17299,United Kingdom
579121,23311,VINTAGE CHRISTMAS STOCKING,12,2011-11-28T12:01:00,2.55,17299,United Kingdom
579328,20772,GARDEN PATH JOURNAL,6,2011-11-29T11:40:00,2.55,17711,United Kingdom
579328,20777,CHRYSANTHEMUM NOTEBOOK,6,2011-11-29T11:40:00,1.65,17711,United Kingdom
579328,20996,JAZZ HEARTS ADDRESS BOOK,24,2011-11-29T11:40:00,0.19,17711,United Kingdom
579328,22138,BAKING SET 9 PIECE RETROSPOT,3,2011-11-29T11:40:00,4.95,17711,United Kingdom
579328,22577,WOODEN HEART CHRISTMAS SCANDINAVIAN,24,2011-11-29T11:40:00,0.29,17711,United Kingdom
579328,22693,GROW A FLYTRAP OR SUNFLOWER IN TIN,24,2011-11-29T11:40:00,1.25,17711,United Kingdom
579328,22961,JAM MAKING SET PRINTED,12,2011-11-29T11:40:00,1.45,17711,United Kingdom
579328,23076,ICE CREAM SUNDAE LIP GLOSS,24,2011-11-29T11:40:00,1.25,17711,United Kingdom
579328,23660,HENRIETTA HEN MUG,12,2011-11-29T11:40:00,1.65,17711,United Kingdom
579328,71477,COLOUR GLASS. STAR T-LIGHT HOLDER,4,2011-11-29T11:40:00,3.95,17711,United Kingdom
579674,20749,ASSORTED COLOUR MINI CASES,2,2011-11-30T13:05:00,7.95,13012,United Kingdom
579674,22993,SET OF 4 PANTRY JELLY MOULDS,12,2011-11-30T13:05:00,1.25,13012,United Kingdom
579674,23076,ICE CREAM SUNDAE LIP GLOSS,24,2011-11-30T13:05:00,1.25,13012,United Kingdom
579674,23335,EGG FRYING PAN IVORY,6,2011-11-30T13:05:00,2.08,13012,United Kingdom
579674,23336,EGG FRYING PAN PINK,6,2011-11-30T13:05:00,2.08,13012,United Kingdom
579674,23337,EGG FRYING PAN MINT,6,2011-11-30T13:05:00,2.08,13012,United Kingdom
579674,23338,EGG FRYING PAN RED,6,2011-11-30T13:05:00,2.08,13012,United Kingdom
579674,23339,EGG FRYING PAN BLUE,6,2011-11-30T13:05:00,2.08,13012,United Kingdom
579674,23495,SET OF 3 PANTRY WOODEN SPOONS,12,2011-11-30T13:05:00,1.25,13012,United Kingdom
579674,84380,SET OF 3 BUTTERFLY COOKIE CUTTERS,12,2011-11-30T13:05:00,1.45,13012,United Kingdom
580065,21479,WHITE SKULL HOT WATER BOTTLE,4,2011-12-01T13:33:00,4.25,15434,United Kingdom
580065,22111,SCOTTIE DOG HOT WATER BOTTLE,3,2011-12-01T13:33:00,4.95,15434,United Kingdom
580065,22112,CHOCOLATE HOT WATER BOTTLE,3,2011-12-01T13:33:00,4.95,15434,United Kingdom
580065,22114,HOT WATER BOTTLE TEA AND SYMPATHY,4,2011-12-01T13:33:00,4.25,15434,United Kingdom
580065,22633,HAND WARMER UNION JACK,12,2011-12-01T13:33:00,2.1,15434,United Kingdom
580065,22866,HAND WARMER SCOTTY DOG DESIGN,12,2011-12-01T13:33:00,2.1,15434,United Kingdom
580065,23355,HOT WATER BOTTLE KEEP CALM,4,2011-12-01T13:33:00,4.95,15434,United Kingdom
580065,84029G,KNITTED UNION FLAG HOT WATER BOTTLE,4,2011-12-01T13:33:00,4.25,15434,United Kingdom
580177,23552,BICYCLE PUNCTURE REPAIR KIT,12,2011-12-02T11:50:00,2.08,14292,United Kingdom
580638,21212,PACK OF 72 RETROSPOT CAKE CASES,24,2011-12-05T12:44:00,0.55,12381,Norway
580638,21976,PACK OF 60 MUSHROOM CAKE CASES,24,2011-12-05T12:44:00,0.55,12381,Norway
580638,22417,PACK OF 60 SPACEBOY CAKE CASES,24,2011-12-05T12:44:00,0.55,12381,Norway
580638,22423,REGENCY CAKESTAND 3 TIER,1,2011-12-05T12:44:00,12.75,12381,Norway
580638,22720,SET OF 3 CAKE TINS PANTRY DESIGN,6,2011-12-05T12:44:00,4.95,12381,Norway
580638,23084,RABBIT NIGHT LIGHT,12,2011-12-05T12:44:00,2.08,12381,Norway
580638,POST,POSTAGE,1,2011-12-05T12:44:00,40,12381,Norway
580647,16225,RATTLE SNAKE EGGS,5,2011-12-05T13:14:00,0.39,14083,United Kingdom
580647,20840,FRENCH FLORAL CUSHION COVER,5,2011-12-05T13:14:00,0.85,14083,United Kingdom
580647,21012,ANTIQUE ALL GLASS CANDLESTICK,3,2011-12-05T13:14:00,2.1,14083,United Kingdom
580647,21098,CHRISTMAS TOILET ROLL,2,2011-12-05T13:14:00,1.25,14083,United Kingdom
580647,21121,SET/10 RED POLKADOT PARTY CANDLES,1,2011-12-05T13:14:00,1.25,14083,United Kingdom
580647,21284,RETROSPOT CANDLE  SMALL,12,2011-12-05T13:14:00,0.39,14083,United Kingdom
580647,21313,GLASS HEART T-LIGHT HOLDER,12,2011-12-05T13:14:00,0.85,14083,United Kingdom
580647,21317,GLASS SPHERE CANDLE STAND MEDIUM,2,2011-12-05T13:14:00,5.45,14083,United Kingdom
580647,21381,MINI WOODEN HAPPY BIRTHDAY GARLAND,2,2011-12-05T13:14:00,1.69,14083,United Kingdom
580647,21411,GINGHAM HEART  DOORSTOP RED,1,2011-12-05T13:14:00,1.95,14083,United Kingdom
580647,21467,CHERRY CROCHET FOOD COVER,1,2011-12-05T13:14:00,3.75,14083,United Kingdom
580647,21469,POLKA DOT RAFFIA FOOD COVER,1,2011-12-05T13:14:00,3.75,14083,United Kingdom
580647,21531,RED RETROSPOT SUGAR JAM BOWL,2,2011-12-05T13:14:00,2.55,14083,United Kingdom
580647,21535,RED RETROSPOT SMALL MILK JUG,2,2011-12-05T13:14:00,2.55,14083,United Kingdom
580647,21558,SKULL LUNCH BOX WITH CUTLERY,1,2011-12-05T13:14:00,2.55,14083,United Kingdom
580647,21731,RED TOADSTOOL LED NIGHT LIGHT,2,2011-12-05T13:14:00,1.65,14083,United Kingdom
580647,21791,VINTAGE HEADS AND TAILS CARD GAME,2,2011-12-05T13:14:00,1.25,14083,United Kingdom
580647,21820,GLITTER HEART GARLAND WITH BELLS,6,2011-12-05T13:14:00,3.75,14083,United Kingdom
580647,21828,EIGHT PIECE SNAKE  SET,2,2011-12-05T13:14:00,1.25,14083,United Kingdom
580647,21922,UNION STRIPE WITH FRINGE  HAMMOCK,1,2011-12-05T13:14:00,7.95,14083,United Kingdom
580647,22042,CHRISTMAS CARD SINGING ANGEL,12,2011-12-05T13:14:00,0.42,14083,United Kingdom
580647,22138,BAKING SET 9 PIECE RETROSPOT,1,2011-12-05T13:14:00,4.95,14083,United Kingdom
580647,22195,LARGE HEART MEASURING SPOONS,2,2011-12-05T13:14:00,1.65,14083,United Kingdom
580647,22200,FRYING PAN PINK POLKADOT,1,2011-12-05T13:14:00,1.25,14083,United Kingdom
580647,22327,ROUND SNACK BOXES SET OF 4 SKULLS,1,2011-12-05T13:14:00,2.95,14083,United Kingdom
580647,22329,ROUND CONTAINER SET OF 5 RETROSPOT,1,2011-12-05T13:14:00,1.65,14083,United Kingdom
580647,22436,12 COLOURED PARTY BALLOONS,1,2011-12-05T13:14:00,0.65,14083,United Kingdom
580647,22440,BALLOON WATER BOMB PACK OF 35,10,2011-12-05T13:14:00,0.42,14083,United Kingdom
580647,22474,SPACEBOY TV DINNER TRAY,1,2011-12-05T13:14:00,1.95,14083,United Kingdom
580647,22508,DOORSTOP RETROSPOT HEART,1,2011-12-05T13:14:00,3.75,14083,United Kingdom
580647,22551,PLASTERS IN TIN SPACEBOY,2,2011-12-05T13:14:00,1.65,14083,United Kingdom
580647,22558,CLOTHES PEGS RETROSPOT PACK 24,3,2011-12-05T13:14:00,1.65,14083,United Kingdom
580647,22567,20 DOLLY PEGS RETROSPOT,1,2011-12-05T13:14:00,1.45,14083,United Kingdom
580647,22669,RED BABY BUNTING,5,2011-12-05T13:14:00,2.95,14083,United Kingdom
580647,22713,CARD I LOVE LONDON,12,2011-12-05T13:14:00,0.42,14083,United Kingdom
580647,22714,CARD BIRTHDAY COWBOY,12,2011-12-05T13:14:00,0.42,14083,United Kingdom
580647,22807,SET OF 6 T-LIGHTS TOADSTOOLS,6,2011-12-05T13:14:00,1.25,14083,United Kingdom
580647,22816,CARD MOTORBIKE SANTA,12,2011-12-05T13:14:00,0.42,14083,United Kingdom
580647,22983,CARD BILLBOARD FONT,12,2011-12-05T13:14:00,0.42,14083,United Kingdom
580647,23023,RIDGED BONNE JAM JAR T-LIGHT HOLDER,6,2011-12-05T13:14:00,1.65,14083,United Kingdom
580647,23051,RECYCLED ACAPULCO MAT BLUE,2,2011-12-05T13:14:00,8.25,14083,United Kingdom
580647,23053,RECYCLED ACAPULCO MAT PINK,2,2011-12-05T13:14:00,8.25,14083,United Kingdom
580647,23054,RECYCLED ACAPULCO MAT LAVENDER,2,2011-12-05T13:14:00,8.25,14083,United Kingdom
580647,23079,TOADSTOOL BEDSIDE LIGHT,2,2011-12-05T13:14:00,8.95,14083,United Kingdom
580647,23084,RABBIT NIGHT LIGHT,3,2011-12-05T13:14:00,2.08,14083,United Kingdom
580647,23242,TREASURE TIN BUFFALO BILL,6,2011-12-05T13:14:00,2.08,14083,United Kingdom
580647,23298,SPOTTY BUNTING,2,2011-12-05T13:14:00,4.95,14083,United Kingdom
580647,23350,ROLL WRAP VINTAGE SPOT,2,2011-12-05T13:14:00,1.25,14083,United Kingdom
580647,23351,ROLL WRAP 50'S CHRISTMAS,2,2011-12-05T13:14:00,1.25,14083,United Kingdom
580647,23352,ROLL WRAP 50'S RED CHRISTMAS,2,2011-12-05T13:14:00,1.25,14083,United Kingdom
580647,23356,LOVE HOT WATER BOTTLE,1,2011-12-05T13:14:00,5.95,14083,United Kingdom
580647,23463,VINTAGE ZINC WATERING CAN,1,2011-12-05T13:14:00,9.95,14083,United Kingdom
580647,23474,WOODLAND SMALL BLUE FELT HEART,2,2011-12-05T13:14:00,0.83,14083,United Kingdom
580647,23475,WOODLAND SMALL PINK FELT HEART,2,2011-12-05T13:14:00,0.83,14083,United Kingdom
580647,23480,MINI LIGHTS WOODLAND MUSHROOMS,6,2011-12-05T13:14:00,3.75,14083,United Kingdom
580647,23546,WRAP PAISLEY PARK,25,2011-12-05T13:14:00,0.42,14083,United Kingdom
580647,23564,EGG CUP MILKMAID INGRID,6,2011-12-05T13:14:00,1.25,14083,United Kingdom
580647,23566,EGG CUP MILKMAID HEIDI,6,2011-12-05T13:14:00,1.25,14083,United Kingdom
580647,23575,SNACK TRAY PAISLEY PARK,8,2011-12-05T13:14:00,1.95,14083,United Kingdom
580647,23581,JUMBO BAG PAISLEY PARK,1,2011-12-05T13:14:00,2.08,14083,United Kingdom
580647,23694,PAISLEY PARK CARD,12,2011-12-05T13:14:00,0.42,14083,United Kingdom
580647,23697,A PRETTY THANK YOU CARD,12,2011-12-05T13:14:00,0.42,14083,United Kingdom
580647,35818P,"ACRYLIC JEWEL ICICLE, PINK",2,2011-12-05T13:14:00,0.38,14083,United Kingdom
580647,35953,FOLKART STAR CHRISTMAS DECORATIONS,24,2011-12-05T13:14:00,0.39,14083,United Kingdom
580647,37340,MULTICOLOUR SPRING FLOWER MUG,6,2011-12-05T13:14:00,0.39,14083,United Kingdom
580647,47563A,RETRO LONGBOARD IRONING BOARD COVER,1,2011-12-05T13:14:00,1.25,14083,United Kingdom
580647,71477,COLOURED GLASS STAR T-LIGHT HOLDER,3,2011-12-05T13:14:00,3.95,14083,United Kingdom
580647,84969,BOX OF 6 ASSORTED COLOUR TEASPOONS,1,2011-12-05T13:14:00,4.25,14083,United Kingdom
580647,84978,HANGING HEART JAR T-LIGHT HOLDER,6,2011-12-05T13:14:00,1.25,14083,United Kingdom
580647,84988,SET OF 72 PINK HEART PAPER DOILIES,1,2011-12-05T13:14:00,1.45,14083,United Kingdom
580647,85040A,S/4 PINK FLOWER CANDLES IN BOWL,2,2011-12-05T13:14:00,1.65,14083,United Kingdom
580647,85135C,RED DRAGONFLY HELICOPTER,1,2011-12-05T13:14:00,7.95,14083,United Kingdom
580653,21080,SET/20 RED RETROSPOT PAPER NAPKINS,24,2011-12-05T13:34:00,0.85,17706,United Kingdom
580653,21169,YOU'RE CONFUSING ME METAL SIGN,18,2011-12-05T13:34:00,1.69,17706,United Kingdom
580653,21172,PARTY METAL SIGN,12,2011-12-05T13:34:00,1.45,17706,United Kingdom
580653,21174,POTTERING IN THE SHED METAL SIGN,18,2011-12-05T13:34:00,2.08,17706,United Kingdom
580653,21175,GIN AND TONIC DIET METAL SIGN,24,2011-12-05T13:34:00,2.55,17706,United Kingdom
580653,21181,PLEASE ONE PERSON METAL SIGN,18,2011-12-05T13:34:00,2.1,17706,United Kingdom
580653,21479,WHITE SKULL HOT WATER BOTTLE,12,2011-12-05T13:34:00,4.25,17706,United Kingdom
580653,21714,CITRONELLA CANDLE GARDEN POT,24,2011-12-05T13:34:00,1.25,17706,United Kingdom
580653,21907,I'M ON HOLIDAY METAL SIGN,18,2011-12-05T13:34:00,2.1,17706,United Kingdom
580653,22191,IVORY DINER WALL CLOCK,6,2011-12-05T13:34:00,8.5,17706,United Kingdom
580653,22192,BLUE DINER WALL CLOCK,6,2011-12-05T13:34:00,8.5,17706,United Kingdom
580653,22413,METAL SIGN TAKE IT OR LEAVE IT,18,2011-12-05T13:34:00,2.95,17706,United Kingdom
580653,22467,GUMBALL COAT RACK,12,2011-12-05T13:34:00,2.55,17706,United Kingdom
580653,22621,TRADITIONAL KNITTING NANCY,24,2011-12-05T13:34:00,1.65,17706,United Kingdom
580653,22625,RED KITCHEN SCALES,6,2011-12-05T13:34:00,8.5,17706,United Kingdom
580653,22726,ALARM CLOCK BAKELIKE GREEN,6,2011-12-05T13:34:00,3.75,17706,United Kingdom
580653,22909,SET OF 20 VINTAGE CHRISTMAS NAPKINS,24,2011-12-05T13:34:00,0.85,17706,United Kingdom
580653,23084,RABBIT NIGHT LIGHT,12,2011-12-05T13:34:00,2.08,17706,United Kingdom
580653,23426,METAL SIGN DROP YOUR PANTS,18,2011-12-05T13:34:00,2.89,17706,United Kingdom
580653,85099B,JUMBO BAG RED RETROSPOT,10,2011-12-05T13:34:00,2.08,17706,United Kingdom
580653,85123A,WHITE HANGING HEART T-LIGHT HOLDER,12,2011-12-05T13:34:00,2.95,17706,United Kingdom
580755,21191,LARGE WHITE HONEYCOMB PAPER BELL,30,2011-12-06T10:16:00,2.1,14737,United Kingdom
580755,21204,DAISIES  HONEYCOMB GARLAND,12,2011-12-06T10:16:00,1.65,14737,United Kingdom
580939,20970,PINK FLORAL FELTCRAFT SHOULDER BAG,4,2011-12-06T14:14:00,3.75,14907,United Kingdom
580939,21174,POTTERING IN THE SHED METAL SIGN,12,2011-12-06T14:14:00,2.08,14907,United Kingdom
580939,21790,VINTAGE SNAP CARDS,12,2011-12-06T14:14:00,0.85,14907,United Kingdom
580939,21791,VINTAGE HEADS AND TAILS CARD GAME,12,2011-12-06T14:14:00,1.25,14907,United Kingdom
580939,21876,POTTERING MUG,12,2011-12-06T14:14:00,1.65,14907,United Kingdom
580939,22150,3 STRIPEY MICE FELTCRAFT,6,2011-12-06T14:14:00,1.95,14907,United Kingdom
580939,22549,PICTURE DOMINOES,12,2011-12-06T14:14:00,1.45,14907,United Kingdom
580939,22621,TRADITIONAL KNITTING NANCY,12,2011-12-06T14:14:00,1.65,14907,United Kingdom
580939,22633,HAND WARMER UNION JACK,12,2011-12-06T14:14:00,2.1,14907,United Kingdom
580939,22738,RIBBON REEL SNOWY VILLAGE,10,2011-12-06T14:14:00,1.65,14907,United Kingdom
580939,22739,RIBBON REEL CHRISTMAS SOCK BAUBLE,10,2011-12-06T14:14:00,1.65,14907,United Kingdom
580939,22865,HAND WARMER OWL DESIGN,12,2011-12-06T14:14:00,2.1,14907,United Kingdom
580939,22866,HAND WARMER SCOTTY DOG DESIGN,12,2011-12-06T14:14:00,2.1,14907,United Kingdom
580939,22867,HAND WARMER BIRD DESIGN,12,2011-12-06T14:14:00,2.1,14907,United Kingdom
580939,23301,GARDENERS KNEELING PAD KEEP CALM,12,2011-12-06T14:14:00,1.65,14907,United Kingdom
580939,23355,HOT WATER BOTTLE KEEP CALM,8,2011-12-06T14:14:00,4.95,14907,United Kingdom
580939,71477,COLOURED GLASS STAR T-LIGHT HOLDER,24,2011-12-06T14:14:00,3.29,14907,United Kingdom
580939,82582,AREA PATROLLED METAL SIGN,12,2011-12-06T14:14:00,2.1,14907,United Kingdom
580939,84077,WORLD WAR 2 GLIDERS ASSTD DESIGNS,48,2011-12-06T14:14:00,0.29,14907,United Kingdom
580939,84879,ASSORTED COLOUR BIRD ORNAMENT,8,2011-12-06T14:14:00,1.69,14907,United Kingdom
580939,85123A,WHITE HANGING HEART T-LIGHT HOLDER,6,2011-12-06T14:14:00,2.95,14907,United Kingdom
581011,20846,ZINC HEART LATTICE T-LIGHT HOLDER,24,2011-12-07T09:22:00,1.25,14397,United Kingdom
581011,22178,VICTORIAN GLASS HANGING T-LIGHT,48,2011-12-07T09:22:00,1.95,14397,United Kingdom
581011,22478,BIRDHOUSE GARDEN MARKER,20,2011-12-07T09:22:00,1.25,14397,United Kingdom
581011,22600,CHRISTMAS RETROSPOT STAR WOOD,12,2011-12-07T09:22:00,0.85,14397,United Kingdom
581011,23144,ZINC T-LIGHT HOLDER STARS SMALL,48,2011-12-07T09:22:00,0.83,14397,United Kingdom
581011,23145,ZINC T-LIGHT HOLDER STAR LARGE,24,2011-12-07T09:22:00,0.95,14397,United Kingdom
581034,20719,WOODLAND CHARLOTTE BAG,10,2011-12-07T10:48:00,0.85,17049,United Kingdom
581034,20724,RED RETROSPOT CHARLOTTE BAG,10,2011-12-07T10:48:00,0.85,17049,United Kingdom
581034,20726,LUNCH BAG WOODLAND,10,2011-12-07T10:48:00,1.65,17049,United Kingdom
581034,21931,JUMBO STORAGE BAG SUKI,10,2011-12-07T10:48:00,2.08,17049,United Kingdom
581034,22086,PAPER CHAIN KIT 50'S CHRISTMAS,40,2011-12-07T10:48:00,2.55,17049,United Kingdom
581034,22112,CHOCOLATE HOT WATER BOTTLE,3,2011-12-07T10:48:00,4.95,17049,United Kingdom
581034,22114,HOT WATER BOTTLE TEA AND SYMPATHY,4,2011-12-07T10:48:00,4.25,17049,United Kingdom
581034,22383,LUNCH BAG SUKI DESIGN,10,2011-12-07T10:48:00,1.65,17049,United Kingdom
581034,22507,MEMO BOARD RETROSPOT  DESIGN,4,2011-12-07T10:48:00,4.95,17049,United Kingdom
581034,22578,WOODEN STAR CHRISTMAS SCANDINAVIAN,24,2011-12-07T10:48:00,0.29,17049,United Kingdom
581034,22581,WOOD STOCKING CHRISTMAS SCANDISPOT,24,2011-12-07T10:48:00,0.29,17049,United Kingdom
581034,22726,ALARM CLOCK BAKELIKE GREEN,4,2011-12-07T10:48:00,3.75,17049,United Kingdom
581034,22727,ALARM CLOCK BAKELIKE RED,4,2011-12-07T10:48:00,3.75,17049,United Kingdom
581034,23203,JUMBO BAG VINTAGE DOILY,10,2011-12-07T10:48:00,2.08,17049,United Kingdom
581034,23343,JUMBO BAG VINTAGE CHRISTMAS,10,2011-12-07T10:48:00,2.08,17049,United Kingdom
581034,23344,JUMBO BAG 50'S CHRISTMAS,10,2011-12-07T10:48:00,2.08,17049,United Kingdom
581034,23356,LOVE HOT WATER BOTTLE,3,2011-12-07T10:48:00,5.95,17049,United Kingdom
581034,23499,SET 12 VINTAGE DOILY CHALK,24,2011-12-07T10:48:00,0.42,17049,United Kingdom
581034,23582,VINTAGE DOILY JUMBO BAG RED,10,2011-12-07T10:48:00,2.08,17049,United Kingdom
581034,23583,LUNCH BAG PAISLEY PARK,10,2011-12-07T10:48:00,1.65,17049,United Kingdom
581179,21232,STRAWBERRY CERAMIC TRINKET POT,48,2011-12-07T15:43:00,1.25,12471,Germany
581179,21731,RED TOADSTOOL LED NIGHT LIGHT,60,2011-12-07T15:43:00,1.65,12471,Germany
581179,22419,LIPSTICK PEN RED,48,2011-12-07T15:43:00,0.42,12471,Germany
581179,22423,REGENCY CAKESTAND 3 TIER,64,2011-12-07T15:43:00,10.95,12471,Germany
581179,22554,PLASTERS IN TIN WOODLAND ANIMALS,24,2011-12-07T15:43:00,1.65,12471,Germany
581179,22556,PLASTERS IN TIN CIRCUS PARADE,24,2011-12-07T15:43:00,1.65,12471,Germany
581179,22621,TRADITIONAL KNITTING NANCY,36,2011-12-07T15:43:00,1.65,12471,Germany
581179,22728,ALARM CLOCK BAKELIKE PINK,16,2011-12-07T15:43:00,3.75,12471,Germany
581179,22961,JAM MAKING SET PRINTED,24,2011-12-07T15:43:00,1.45,12471,Germany
581179,23084,RABBIT NIGHT LIGHT,24,2011-12-07T15:43:00,1.79,12471,Germany
581179,23108,SET OF 10 LED DOLLY LIGHTS,10,2011-12-07T15:43:00,6.25,12471,Germany
581179,23113,PANTRY CHOPPING BOARD,3,2011-12-07T15:43:00,4.95,12471,Germany
581179,23158,SET OF 5 LUCKY CAT MAGNETS,24,2011-12-07T15:43:00,2.08,12471,Germany
581179,23174,REGENCY SUGAR BOWL GREEN,4,2011-12-07T15:43:00,4.15,12471,Germany
581179,23197,SKETCHBOOK MAGNETIC SHOPPING LIST,24,2011-12-07T15:43:00,1.45,12471,Germany
581179,23198,PANTRY MAGNETIC  SHOPPING LIST,24,2011-12-07T15:43:00,1.45,12471,Germany
581179,23254,CHILDRENS CUTLERY DOLLY GIRL,4,2011-12-07T15:43:00,4.15,12471,Germany
581179,23256,CHILDRENS CUTLERY SPACEBOY,4,2011-12-07T15:43:00,4.15,12471,Germany
581179,23294,SET OF 6 SNACK LOAF BAKING CASES,16,2011-12-07T15:43:00,0.83,12471,Germany
581179,23295,SET OF 12 MINI LOAF BAKING CASES,32,2011-12-07T15:43:00,0.83,12471,Germany
581179,23319,BOX OF 6 MINI 50'S CRACKERS,12,2011-12-07T15:43:00,2.49,12471,Germany
581179,23345,DOLLY GIRL BEAKER,12,2011-12-07T15:43:00,1.25,12471,Germany
581179,23346,SPACEBOY BEAKER,12,2011-12-07T15:43:00,1.25,12471,Germany
581179,23347,I LOVE LONDON BEAKER,24,2011-12-07T15:43:00,1.25,12471,Germany
581179,23368,SET 12 COLOUR PENCILS DOLLY GIRL,24,2011-12-07T15:43:00,0.65,12471,Germany
581179,23445,ICE CREAM BUBBLES,40,2011-12-07T15:43:00,0.83,12471,Germany
581179,23473,WOODLAND SMALL RED FELT HEART,24,2011-12-07T15:43:00,0.83,12471,Germany
581179,23474,WOODLAND SMALL BLUE FELT HEART,24,2011-12-07T15:43:00,0.83,12471,Germany
581179,23475,WOODLAND SMALL PINK FELT HEART,24,2011-12-07T15:43:00,0.83,12471,Germany
581179,23480,MINI LIGHTS WOODLAND MUSHROOMS,24,2011-12-07T15:43:00,3.75,12471,Germany
581179,23552,BICYCLE PUNCTURE REPAIR KIT,6,2011-12-07T15:43:00,2.08,12471,Germany
581179,23559,WOODLAND BUNNIES LOLLY MAKERS,42,2011-12-07T15:43:00,2.08,12471,Germany
581179,23569,TRADTIONAL ALPHABET STAMP SET,12,2011-12-07T15:43:00,4.95,12471,Germany
581179,23576,SNACK TRAY RED VINTAGE DOILY,8,2011-12-07T15:43:00,1.95,12471,Germany
581179,23579,SNACK TRAY I LOVE LONDON,8,2011-12-07T15:43:00,1.95,12471,Germany
581179,23580,SNACK TRAY HAPPY FOREST,8,2011-12-07T15:43:00,1.95,12471,Germany
581179,84012,MAGIC SHEEP WOOL GROWING FROM PAPER,72,2011-12-07T15:43:00,0.85,12471,Germany
581179,POST,POSTAGE,1,2011-12-07T15:43:00,240,12471,Germany
581236,21623,VINTAGE UNION JACK MEMOBOARD,2,2011-12-08T10:39:00,9.95,13468,United Kingdom
581236,22055,MINI CAKE STAND  HANGING STRAWBERY,16,2011-12-08T10:39:00,0.39,13468,United Kingdom
581236,22059,CERAMIC STRAWBERRY DESIGN MUG,24,2011-12-08T10:39:00,0.39,13468,United Kingdom
581236,22063,CERAMIC BOWL WITH STRAWBERRY DESIGN,18,2011-12-08T10:39:00,0.79,13468,United Kingdom
581236,22644,CERAMIC CHERRY CAKE MONEY BANK,36,2011-12-08T10:39:00,0.39,13468,United Kingdom
581236,22645,CERAMIC HEART FAIRY CAKE MONEY BANK,36,2011-12-08T10:39:00,0.39,13468,United Kingdom
581236,22646,CERAMIC STRAWBERRY CAKE MONEY BANK,36,2011-12-08T10:39:00,0.39,13468,United Kingdom
581236,22666,RECIPE BOX PANTRY YELLOW DESIGN,6,2011-12-08T10:39:00,2.95,13468,United Kingdom
581236,23320,GIANT 50'S CHRISTMAS CRACKER,12,2011-12-08T10:39:00,1.25,13468,United Kingdom
581266,16008,SMALL FOLDING SCISSOR(POINTED EDGE),48,2011-12-08T11:25:00,0.12,12621,Germany
581266,16169E,WRAP 50'S  CHRISTMAS,25,2011-12-08T11:25:00,0.42,12621,Germany
581266,17003,BROCADE RING PURSE,72,2011-12-08T11:25:00,0.39,12621,Germany
581266,20719,WOODLAND CHARLOTTE BAG,10,2011-12-08T11:25:00,0.85,12621,Germany
581266,21194,PINK  HONEYCOMB PAPER FAN,12,2011-12-08T11:25:00,0.65,12621,Germany
581266,21208,PASTEL COLOUR HONEYCOMB FAN,12,2011-12-08T11:25:00,0.39,12621,Germany
581266,21209,MULTICOLOUR HONEYCOMB FAN,12,2011-12-08T11:25:00,0.39,12621,Germany
581266,21507,ELEPHANT BIRTHDAY CARD,12,2011-12-08T11:25:00,0.42,12621,Germany
581266,21519,GIN & TONIC DIET GREETING CARD,12,2011-12-08T11:25:00,0.42,12621,Germany
581266,21576,LETS GO SHOPPING COTTON TOTE BAG,6,2011-12-08T11:25:00,2.25,12621,Germany
581266,21628,TRIANGULAR POUFFE VINTAGE,1,2011-12-08T11:25:00,14.95,12621,Germany
581266,21703,BAG 125g SWIRLY MARBLES,12,2011-12-08T11:25:00,0.42,12621,Germany
581266,21914,BLUE HARMONICA IN BOX,12,2011-12-08T11:25:00,1.25,12621,Germany
581266,22074,6 RIBBONS SHIMMERING PINKS,24,2011-12-08T11:25:00,0.39,12621,Germany
581266,22075,6 RIBBONS ELEGANT CHRISTMAS,24,2011-12-08T11:25:00,0.39,12621,Germany
581266,22077,6 RIBBONS RUSTIC CHARM,12,2011-12-08T11:25:00,1.95,12621,Germany
581266,22078,RIBBON REEL LACE DESIGN,10,2011-12-08T11:25:00,2.1,12621,Germany
581266,22123,PING MICROWAVE APRON,12,2011-12-08T11:25:00,0.79,12621,Germany
581266,22326,ROUND SNACK BOXES SET OF4 WOODLAND,18,2011-12-08T11:25:00,2.95,12621,Germany
581266,22328,ROUND SNACK BOXES SET OF 4 FRUITS,18,2011-12-08T11:25:00,2.95,12621,Germany
581266,22438,BALLOON ART MAKE YOUR OWN FLOWERS,50,2011-12-08T11:25:00,0.39,12621,Germany
581266,22487,WHITE WOOD GARDEN PLANT LADDER,1,2011-12-08T11:25:00,9.95,12621,Germany
581266,22547,MINI JIGSAW DINOSAUR,48,2011-12-08T11:25:00,0.19,12621,Germany
581266,22564,ALPHABET STENCIL CRAFT,12,2011-12-08T11:25:00,1.25,12621,Germany
581266,22629,SPACEBOY LUNCH BOX,64,2011-12-08T11:25:00,1.65,12621,Germany
581266,22704,WRAP RED APPLES,25,2011-12-08T11:25:00,0.42,12621,Germany
581266,22709,WRAP WEDDING DAY,25,2011-12-08T11:25:00,0.42,12621,Germany
581266,22734,SET OF 6 RIBBONS VINTAGE CHRISTMAS,12,2011-12-08T11:25:00,2.89,12621,Germany
581266,22736,RIBBON REEL MAKING SNOWMEN,10,2011-12-08T11:25:00,1.65,12621,Germany
581266,22737,RIBBON REEL CHRISTMAS PRESENT,10,2011-12-08T11:25:00,1.65,12621,Germany
581266,22738,RIBBON REEL SNOWY VILLAGE,10,2011-12-08T11:25:00,1.65,12621,Germany
581266,22739,RIBBON REEL CHRISTMAS SOCK BAUBLE,10,2011-12-08T11:25:00,1.65,12621,Germany
581266,22818,CARD CHRISTMAS VILLAGE,12,2011-12-08T11:25:00,0.42,12621,Germany
581266,22964,3 PIECE SPACEBOY COOKIE CUTTER SET,12,2011-12-08T11:25:00,2.1,12621,Germany
581266,22972,CHILDREN'S SPACEBOY MUG,12,2011-12-08T11:25:00,1.65,12621,Germany
581266,22992,REVOLVER WOODEN RULER,12,2011-12-08T11:25:00,1.95,12621,Germany
581266,23053,RECYCLED ACAPULCO MAT PINK,2,2011-12-08T11:25:00,8.25,12621,Germany
581266,23191,BUNDLE OF 3 RETRO NOTE BOOKS,12,2011-12-08T11:25:00,1.65,12621,Germany
581266,23232,WRAP VINTAGE LEAF DESIGN,75,2011-12-08T11:25:00,0.42,12621,Germany
581266,23233,WRAP POPPIES  DESIGN,25,2011-12-08T11:25:00,0.42,12621,Germany
581266,23239,SET OF 4 KNICK KNACK TINS POPPIES,6,2011-12-08T11:25:00,1.65,12621,Germany
581266,23349,ROLL WRAP VINTAGE CHRISTMAS,12,2011-12-08T11:25:00,1.25,12621,Germany
581266,23388,WOODLAND MINI BACKPACK,4,2011-12-08T11:25:00,4.15,12621,Germany
581266,23489,VINTAGE BELLS GARLAND,6,2011-12-08T11:25:00,2.89,12621,Germany
581266,23497,CLASSIC CHROME BICYCLE BELL,12,2011-12-08T11:25:00,1.45,12621,Germany
581266,23498,CLASSIC BICYCLE CLIPS,12,2011-12-08T11:25:00,1.45,12621,Germany
581266,23552,BICYCLE PUNCTURE REPAIR KIT,12,2011-12-08T11:25:00,2.08,12621,Germany
581266,23560,SET OF 6 RIBBONS COUNTRY STYLE,12,2011-12-08T11:25:00,2.89,12621,Germany
581266,23561,SET OF 6 RIBBONS PARTY,12,2011-12-08T11:25:00,2.89,12621,Germany
581266,23562,SET OF 6 RIBBONS PERFECTLY PRETTY,12,2011-12-08T11:25:00,2.89,12621,Germany
581266,23569,TRADTIONAL ALPHABET STAMP SET,12,2011-12-08T11:25:00,4.95,12621,Germany
581266,23570,TRADITIONAL PICK UP STICKS GAME,12,2011-12-08T11:25:00,1.25,12621,Germany
581266,84006,MAGIC TREE -PAPER FLOWERS,24,2011-12-08T11:25:00,0.85,12621,Germany
581266,84375,SET OF 20 KIDS COOKIE CUTTERS,12,2011-12-08T11:25:00,2.1,12621,Germany
581266,85032B,BLOSSOM IMAGES GIFT WRAP SET,12,2011-12-08T11:25:00,0.65,12621,Germany
581266,85032C,CURIOUS IMAGES GIFT WRAP SET,12,2011-12-08T11:25:00,0.65,12621,Germany
581266,POST,POSTAGE,5,2011-12-08T11:25:00,18,12621,Germany
C490748,M,Manual,-1,2009-12-07T18:14:00,309.73,12748,United Kingdom
C491605,21843,RETRO SPOT CAKE STAND,-1,2009-12-11T13:33:00,10.95,16094,United Kingdom
C491605,84750B,BLACK SMALL GLASS CAKE STAND,-1,2009-12-11T13:33:00,1.95,16094,United Kingdom
C492693,D,Discount,-1,2009-12-17T18:47:00,6.85,13408,United Kingdom
C492700,79321,CHILLI LIGHTS,-1,2009-12-17T19:07:00,4.95,16148,United Kingdom
C492700,85042,ANTIQUE LILY FAIRY LIGHTS,-1,2009-12-17T19:07:00,4.95,16148,United Kingdom
C494247,21528,DAIRY MAID TRADITIONAL TEAPOT,-2,2010-01-12T16:35:00,6.95,15100,United Kingdom
C495585,21231,SWEETHEART CERAMIC TRINKET BOX,-2,2010-01-26T10:17:00,1.25,18223,United Kingdom
C495585,21232,STRAWBERRY CERAMIC TRINKET BOX,-3,2010-01-26T10:17:00,1.06,18223,United Kingdom
C495585,21626,VINTAGE UNION JACK PENNANT,-1,2010-01-26T10:17:00,1.95,18223,United Kingdom
C495585,22064,PINK DOUGHNUT TRINKET POT,-1,2010-01-26T10:17:00,1.65,18223,United Kingdom
C495585,22064,PINK DOUGHNUT TRINKET POT,-4,2010-01-26T10:17:00,1.65,18223,United Kingdom
C495585,22197,"POPCORN HOLDER , SMALL",-2,2010-01-26T10:17:00,0.85,18223,United Kingdom
C495585,22198,"POPCORN HOLDER , LARGE",-2,2010-01-26T10:17:00,1.65,18223,United Kingdom
C495585,79323P,PINK CHERRY LIGHTS,-2,2010-01-26T10:17:00,5.45,18223,United Kingdom
C495585,79323W,WHITE CHERRY LIGHTS,-2,2010-01-26T10:17:00,5.45,18223,United Kingdom
C495585,84347,ROTATING SILVER ANGELS T-LIGHT HLDR,-3,2010-01-26T10:17:00,1.25,18223,United Kingdom
C495585,85099F,JUMBO BAG STRAWBERRY,-1,2010-01-26T10:17:00,1.95,18223,United Kingdom
C498295,84466,TOP SECRET PEN SET,-9,2010-02-18T09:04:00,1.25,17406,United Kingdom
C500081,M,Manual,-1,2010-03-04T11:52:00,102.84,13758,United Kingdom
C501429,21667,GLASS CAKE COVER AND PLATE,-1,2010-03-16T12:41:00,16.95,13047,United Kingdom
C501429,21669,BLUE STRIPE CERAMIC DRAWER KNOB,-1,2010-03-16T12:41:00,1.25,13047,United Kingdom
C501429,21671,RED SPOT CERAMIC DRAWER KNOB,-1,2010-03-16T12:41:00,1.25,13047,United Kingdom
C502797,D,Discount,-18,2010-03-26T16:10:00,2.1,15607,United Kingdom
C503400,21041,RED SPOTTY OVEN GLOVE DOUBLE,-1,2010-03-31T16:04:00,2.95,15029,United Kingdom
C504186,21658,GLASS  BEURRE DISH,-4,2010-04-12T09:39:00,3.95,16570,United Kingdom
C504186,22138,BAKING SET 9 PIECE RETROSPOT,-1,2010-04-12T09:39:00,4.95,16570,United Kingdom
C505546,22169,FAMILY ALBUM WHITE PICTURE FRAME,-8,2010-04-22T18:38:00,7.65,16525,United Kingdom
C505674,20685,DOOR MAT RED SPOT,-1,2010-04-23T14:55:00,6.35,12709,Germany
C505674,20914,SET/5 RED SPOTTY LID GLASS BOWLS,-1,2010-04-23T14:55:00,2.55,12709,Germany
C505674,20979,36 PENCILS TUBE RED SPOTTY,-1,2010-04-23T14:55:00,1.25,12709,Germany
C505674,21238,RED SPOTTY CUP,-8,2010-04-23T14:55:00,0.85,12709,Germany
C505674,21658,GLASS  BEURRE DISH,-1,2010-04-23T14:55:00,3.39,12709,Germany
C505674,85099B,RED RETROSPOT JUMBO BAG,-1,2010-04-23T14:55:00,1.95,12709,Germany
C506203,85123A,WHITE HANGING HEART T-LIGHT HOLDER,-1,2010-04-28T11:27:00,2.55,18135,United Kingdom
C506310,21135,VICTORIAN  METAL POSTCARD SPRING,-16,2010-04-29T10:59:00,1.69,12758,Portugal
C506310,21929,JUMBO BAG PINK VINTAGE PAISLEY,-30,2010-04-29T10:59:00,1.95,12758,Portugal
C506310,21931,JUMBO STORAGE BAG SUKI,-12,2010-04-29T10:59:00,1.95,12758,Portugal
C506310,84818,DANISH ROSE PHOTO FRAME,-6,2010-04-29T10:59:00,2.55,12758,Portugal
C507609,22138,BAKING SET 9 PIECE RETROSPOT,-12,2010-05-10T13:51:00,4.95,16286,United Kingdom
C508375,20724,RED SPOTTY CHARLOTTE BAG,-2,2010-05-14T13:44:00,0.85,13510,United Kingdom
C508375,21232,STRAWBERRY CERAMIC TRINKET BOX,-1,2010-05-14T13:44:00,1.25,13510,United Kingdom
C508375,21534,DAIRY MAID LARGE MILK JUG,-1,2010-05-14T13:44:00,4.95,13510,United Kingdom
C508375,21535,RED RETROSPOT SMALL MILK JUG,-2,2010-05-14T13:44:00,2.55,13510,United Kingdom
C508375,22464,HANGING METAL HEART LANTERN,-2,2010-05-14T13:44:00,1.65,13510,United Kingdom
C509218,21474,SWEETHEART CREAM STEEL FOLDIN BENCH,-1,2010-05-21T10:41:00,19.95,17678,United Kingdom
C509770,22386,JUMBO BAG PINK WITH WHITE SPOTS,-2,2010-05-25T16:05:00,1.95,13048,United Kingdom
C511827,21714,CITRONELLA CANDLE GARDEN POT,-8,2010-06-10T16:43:00,1.25,15670,United Kingdom
C512314,79191C,RETRO PLASTIC ELEPHANT TRAY,-12,2010-06-15T09:07:00,0.85,17691,United Kingdom
C512515,20914,SET/5 RED SPOTTY LID GLASS BOWLS,-1,2010-06-16T11:19:00,2.95,16550,United Kingdom
C512515,22617,BAKING SET SPACEBOY DESIGN,-1,2010-06-16T11:19:00,4.95,16550,United Kingdom
C512796,22215,CAKE STAND WHITE TWO TIER LACE,-1,2010-06-18T10:25:00,8.5,16797,United Kingdom
C512796,82494L,WOODEN FRAME ANTIQUE WHITE,-1,2010-06-18T10:25:00,2.95,16797,United Kingdom
C512796,85014B,RED/WHITE DOTS RUFFLED UMBRELLA,-1,2010-06-18T10:25:00,5.95,16797,United Kingdom
C513484,79323LP,LIGHT PINK CHERRY LIGHTS,-6,2010-06-24T17:45:00,6.75,12949,United Kingdom
C513484,79323W,WHITE CHERRY LIGHTS,-6,2010-06-24T17:45:00,6.75,12949,United Kingdom
C514980,84762A,WHITE PICNIC BARBECUE BUCKET,-6,2010-07-07T13:39:00,10.75,14530,United Kingdom
C516974,85123A,WHITE HANGING HEART T-LIGHT HOLDER,-1,2010-07-26T10:36:00,2.95,17469,United Kingdom
C517350,M,Manual,-22,2010-07-28T14:29:00,1.06,15251,United Kingdom
C517619,21212,PACK OF 72 RETRO SPOT CAKE CASES,-240,2010-07-30T11:33:00,0.42,17404,Sweden
C517898,22138,BAKING SET 9 PIECE RETROSPOT,-1,2010-08-03T09:11:00,4.95,16054,United Kingdom
C518669,20719,WOODLAND CHARLOTTE BAG,-10,2010-08-10T15:16:00,0.85,13004,United Kingdom
C518669,21790,VINTAGE SNAP CARDS,-12,2010-08-10T15:16:00,0.85,13004,United Kingdom
C518669,22024,RAINY LADIES BIRTHDAY CARD,-12,2010-08-10T15:16:00,0.42,13004,United Kingdom
C518669,22057,CERAMIC PLATE STRAWBERRY DESIGN,-12,2010-08-10T15:16:00,1.49,13004,United Kingdom
C518669,22061,LARGE CAKE STAND  HANGING STRAWBERY,-2,2010-08-10T15:16:00,9.95,13004,United Kingdom
C518669,22077,6 RIBBONS RUSTIC CHARM,-12,2010-08-10T15:16:00,1.65,13004,United Kingdom
C518669,22173,METAL 4 HOOK HANGER FRENCH CHATEAU,-8,2010-08-10T15:16:00,2.95,13004,United Kingdom
C518669,22367,CHILDRENS APRON SPACEBOY DESIGN,-8,2010-08-10T15:16:00,1.95,13004,United Kingdom
C518669,22417,PACK OF 60 SPACEBOY CAKE CASES,-24,2010-08-10T15:16:00,0.55,13004,United Kingdom
C518669,22714,CARD BIRTHDAY COWBOY,-12,2010-08-10T15:16:00,0.42,13004,United Kingdom
C518669,22716,CARD CIRCUS PARADE,-12,2010-08-10T15:16:00,0.42,13004,United Kingdom
C518669,22717,CARD DOG AND BALL,-12,2010-08-10T15:16:00,0.42,13004,United Kingdom
C518669,22718,CARD CAT AND TREE,-12,2010-08-10T15:16:00,0.42,13004,United Kingdom
C518669,37447,CERAMIC CAKE DESIGN SPOTTED PLATE,-12,2010-08-10T15:16:00,1.49,13004,United Kingdom
C518669,37449,CERAMIC CAKE STAND + HANGING CAKES,-2,2010-08-10T15:16:00,9.95,13004,United Kingdom
C518669,47568,ENGLISH ROSE DESIGN PEG BAG,-6,2010-08-10T15:16:00,2.1,13004,United Kingdom
C518669,82483,WOOD 2 DRAWER CABINET WHITE FINISH,-4,2010-08-10T15:16:00,5.95,13004,United Kingdom
C518669,84970L,SINGLE HEART ZINC T-LIGHT HOLDER,-12,2010-08-10T15:16:00,0.95,13004,United Kingdom
C518669,84970S,HANGING HEART ZINC T-LIGHT HOLDER,-12,2010-08-10T15:16:00,0.85,13004,United Kingdom
C518669,84991,60 TEATIME FAIRY CAKE CASES,-24,2010-08-10T15:16:00,0.55,13004,United Kingdom
C518669,85064,CREAM SWEETHEART LETTER RACK,-2,2010-08-10T15:16:00,5.45,13004,United Kingdom
C518669,85123A,WHITE HANGING HEART T-LIGHT HOLDER,-6,2010-08-10T15:16:00,2.95,13004,United Kingdom
C518669,90167,BEADED LOVE HEART JEWELLERY SET,-12,2010-08-10T15:16:00,0.85,13004,United Kingdom
C518976,20847,ZINC HEART LATTICE CHARGER LARGE,-1,2010-08-12T16:23:00,7.62,,United Kingdom
C518976,DOT,DOTCOM POSTAGE,-1,2010-08-12T16:23:00,3.36,,United Kingdom
C518976,POST,POSTAGE,-1,2010-08-12T16:23:00,2.24,,United Kingdom
C519003,22636,CHILDS BREAKFAST SET CIRCUS PARADE,-3,2010-08-12T18:49:00,8.5,18053,United Kingdom
C519277,22168,ORGANISER WOOD ANTIQUE WHITE,-1,2010-08-16T10:28:00,8.5,13656,United Kingdom
C520958,22360,GLASS JAR ENGLISH CONFECTIONERY,-1,2010-09-01T12:04:00,2.95,13089,United Kingdom
C520958,84949,SILVER HANGING T-LIGHT HOLDER,-4,2010-09-01T12:04:00,1.65,13089,United Kingdom
C522473,21713,CITRONELLA CANDLE FLOWERPOT,-48,2010-09-15T10:40:00,1.85,16656,United Kingdom
C525034,22485,SET OF 2 WOODEN MARKET CRATES,-1,2010-10-03T12:32:00,12.75,13642,United Kingdom
C525046,21667,GLASS CAKE COVER AND PLATE,-1,2010-10-03T13:23:00,16.95,15960,United Kingdom
C525556,22138,BAKING SET 9 PIECE RETROSPOT,-3,2010-10-05T19:51:00,4.95,15144,United Kingdom
C526467,82600,NO SINGING METAL SIGN,-2,2010-10-11T16:26:00,2.1,15078,United Kingdom
C526467,85152,HAND OVER THE CHOCOLATE   SIGN,-12,2010-10-11T16:26:00,2.1,15078,United Kingdom
C527106,35001G,HAND OPEN SHAPE GOLD,-4,2010-10-14T17:13:00,3.39,15380,United Kingdom
C527106,35001W,HAND OPEN SHAPE DECO.WHITE,-12,2010-10-14T17:13:00,2.95,15380,United Kingdom
C527477,22070,SMALL RED RETROSPOT MUG IN BOX,-1,2010-10-18T11:31:00,3.75,16499,United Kingdom
C527477,22071,SMALL WHITE RETROSPOT MUG IN BOX,-1,2010-10-18T11:31:00,3.75,16499,United Kingdom
C527606,20703,BLUE PADDED SOFT MOBILE,-2,2010-10-18T13:43:00,4.25,18075,United Kingdom
C527606,21011,GLITTER SNOW PEAR TREE DECORATION,-3,2010-10-18T13:43:00,1.45,18075,United Kingdom
C527606,21730,GLASS STAR FROSTED T-LIGHT HOLDER,-3,2010-10-18T13:43:00,4.95,18075,United Kingdom
C527606,21735,TWO DOOR CURIO CABINET,-1,2010-10-18T13:43:00,12.75,18075,United Kingdom
C527748,22850,BREAD BIN DINER STYLE BLACK,-2,2010-10-18T16:21:00,16.95,14850,United Kingdom
C527748,22850,BREAD BIN DINER STYLE BLACK,-6,2010-10-18T16:21:00,14.95,14850,United Kingdom
C529098,21849,SILVER DIAMANTE PEN IN GIFT BOX,-96,2010-10-26T13:58:00,1.25,15953,United Kingdom
C530287,22423,REGENCY CAKESTAND 3 TIER,-2,2010-11-02T12:14:00,10.95,16019,United Kingdom
C531749,D,Discount,-1,2010-11-09T13:04:00,23.19,14527,United Kingdom
C535361,22169,FAMILY ALBUM WHITE PICTURE FRAME,-2,2010-11-25T17:22:00,8.5,13050,United Kingdom
C538372,82582,AREA PATROLLED METAL SIGN,-3,2010-12-12T11:12:00,2.1,16923,United Kingdom
C538372,84946,ANTIQUE SILVER TEA GLASS ETCHED,-2,2010-12-12T11:12:00,1.25,16923,United Kingdom
C538372,84949,SILVER HANGING T-LIGHT HOLDER,-1,2010-12-12T11:12:00,1.65,16923,United Kingdom
C538500,82484,WOOD BLACK BOARD ANT WHITE FINISH,-2,2010-12-12T12:51:00,6.45,13715,United Kingdom
C538771,21463,MIRRORED DISCO BALL,-1,2010-12-14T11:35:00,4.95,13078,United Kingdom
C539067,21262,WHITE GOOSE FEATHER CHRISTMAS TREE,-1,2010-12-15T16:55:00,16.95,15194,United Kingdom
C539067,22156,HEART DECORATION WITH PEARLS,-5,2010-12-15T16:55:00,0.85,15194,United Kingdom
C539067,22865,HAND WARMER OWL DESIGN,-12,2010-12-15T16:55:00,2.1,15194,United Kingdom
C540790,85170D,SET/6 PINK BIRD T-LIGHT CANDLES,-2,2011-01-11T11:48:00,0.85,16145,United Kingdom
C540814,20914,SET/5 RED RETROSPOT LID GLASS BOWLS,-1,2011-01-11T12:50:00,2.95,15518,United Kingdom
C541693,20941,FROG CANDLE,-2,2011-01-20T17:02:00,1.25,14309,United Kingdom
C541693,22617,BAKING SET SPACEBOY DESIGN,-1,2011-01-20T17:02:00,4.95,14309,United Kingdom
C541693,22636,CHILDS BREAKFAST SET CIRCUS PARADE,-1,2011-01-20T17:02:00,8.5,14309,United Kingdom
C541693,22697,GREEN REGENCY TEACUP AND SAUCER,-3,2011-01-20T17:02:00,2.95,14309,United Kingdom
C541693,22699,ROSES REGENCY TEACUP AND SAUCER,-1,2011-01-20T17:02:00,2.95,14309,United Kingdom
C541693,84945,MULTI COLOUR SILVER T-LIGHT HOLDER,-6,2011-01-20T17:02:00,0.85,14309,United Kingdom
C542991,85019C,CURIOUS  IMAGES NOTEBOOK SET,-12,2011-02-02T11:54:00,4.25,14460,United Kingdom
C543663,22846,BREAD BIN DINER STYLE RED,-1,2011-02-11T10:50:00,16.95,18118,United Kingdom
C543778,22698,PINK REGENCY TEACUP AND SAUCER,-1,2011-02-11T16:30:00,2.95,18084,United Kingdom
C544830,22057,CERAMIC PLATE STRAWBERRY DESIGN,-3,2011-02-24T09:59:00,1.49,13118,United Kingdom
C544830,22059,CERAMIC STRAWBERRY DESIGN MUG,-6,2011-02-24T09:59:00,1.49,13118,United Kingdom
C545421,22684,FRENCH BLUE METAL DOOR SIGN 9,-2,2011-03-02T14:28:00,1.25,13166,United Kingdom
C545449,22666,RECIPE BOX PANTRY YELLOW DESIGN,-1,2011-03-02T16:38:00,2.95,16573,United Kingdom
C545449,22699,ROSES REGENCY TEACUP AND SAUCER,-1,2011-03-02T16:38:00,2.95,16573,United Kingdom
C545449,37446,MINI CAKE STAND WITH HANGING CAKES,-3,2011-03-02T16:38:00,1.45,16573,United Kingdom
C546735,22930,BAKING MOULD HEART MILK CHOCOLATE,-96,2011-03-16T11:50:00,2.1,16029,United Kingdom
C546735,22932,BAKING MOULD TOFFEE CUP CHOCOLATE,-96,2011-03-16T11:50:00,2.1,16029,United Kingdom
C546735,22933,BAKING MOULD EASTER EGG MILK CHOC,-144,2011-03-16T11:50:00,2.1,16029,United Kingdom
C546894,22461,SAVOY ART DECO CLOCK,-1,2011-03-17T18:21:00,12.75,14334,United Kingdom
C550611,22060,LARGE CAKE STAND HANGING HEARTS,-6,2011-04-19T12:23:00,3.95,12569,Germany
C551712,22798,ANTIQUE GLASS DRESSING TABLE POT,-1,2011-05-03T15:04:00,2.95,13267,United Kingdom
C552203,M,Manual,-1,2011-05-06T14:56:00,189.44,,United Kingdom
C552546,22087,PAPER BUNTING WHITE LACE,-11,2011-05-10T10:33:00,2.95,13767,United Kingdom
C552889,20725,LUNCH BAG RED RETROSPOT,-1,2011-05-12T10:29:00,1.65,14606,United Kingdom
C553510,23112,PARISIENNE CURIO CABINET,-3,2011-05-17T13:46:00,6.65,14342,United Kingdom
C553510,POST,POSTAGE,-1,2011-05-17T13:46:00,1,14342,United Kingdom
C554983,47590A,BLUE HAPPY BIRTHDAY BUNTING,-20,2011-05-29T12:18:00,4.65,17152,United Kingdom
C554983,47590B,PINK HAPPY BIRTHDAY BUNTING,-20,2011-05-29T12:18:00,4.65,17152,United Kingdom
C555100,22848,BREAD BIN DINER STYLE PINK,-1,2011-05-31T13:45:00,16.95,12493,France
C555598,22698,PINK REGENCY TEACUP AND SAUCER,-1,2011-06-06T10:57:00,2.95,15095,United Kingdom
C555598,22699,ROSES REGENCY TEACUP AND SAUCER,-1,2011-06-06T10:57:00,2.95,15095,United Kingdom
C555860,22847,BREAD BIN DINER STYLE IVORY,-1,2011-06-07T14:24:00,16.95,16763,United Kingdom
C556644,22423,REGENCY CAKESTAND 3 TIER,-1,2011-06-13T16:06:00,12.75,17115,United Kingdom
C556644,22430,ENAMEL WATERING CAN CREAM,-1,2011-06-13T16:06:00,4.95,17115,United Kingdom
C556644,22699,ROSES REGENCY TEACUP AND SAUCER,-1,2011-06-13T16:06:00,2.95,17115,United Kingdom
C557890,20914,SET/5 RED RETROSPOT LID GLASS BOWLS,-3,2011-06-23T13:54:00,2.95,17204,United Kingdom
C560390,22698,PINK REGENCY TEACUP AND SAUCER,-1,2011-07-18T13:20:00,2.95,12930,United Kingdom
C564210,23203,JUMBO BAG VINTAGE DOILY,-1,2011-08-24T09:10:00,2.08,14194,United Kingdom
C564493,22360,GLASS JAR ENGLISH CONFECTIONERY,-3,2011-08-25T14:19:00,2.95,13089,United Kingdom
C564493,22364,GLASS JAR DIGESTIVE BISCUITS,-4,2011-08-25T14:19:00,2.95,13089,United Kingdom
C564493,84949,SILVER HANGING T-LIGHT HOLDER,-6,2011-08-25T14:19:00,1.65,13089,United Kingdom
C565789,22488,NATURAL SLATE RECTANGLE CHALKBOARD,-12,2011-09-07T09:07:00,1.65,16735,United Kingdom
C565789,84949,SILVER HANGING T-LIGHT HOLDER,-5,2011-09-07T09:07:00,1.65,16735,United Kingdom
C566614,D,Discount,-1,2011-09-13T17:28:00,102.24,16029,United Kingdom
C569955,23110,PARISIENNE KEY CABINET,-2,2011-10-06T18:35:00,5.75,17644,United Kingdom
C569955,23322,LARGE WHITE HEART OF WICKER,-2,2011-10-06T18:35:00,2.95,17644,United Kingdom
C569976,22963,JAM JAR WITH GREEN LID,-1,2011-10-06T19:26:00,0.85,16747,United Kingdom
C569976,84949,SILVER HANGING T-LIGHT HOLDER,-3,2011-10-06T19:26:00,1.65,16747,United Kingdom
C574507,22697,GREEN REGENCY TEACUP AND SAUCER,-1,2011-11-04T13:24:00,2.95,15345,United Kingdom
C574507,22699,ROSES REGENCY TEACUP AND SAUCER,-1,2011-11-04T13:24:00,2.95,15345,United Kingdom
C574507,23462,ROCOCO WALL MIRROR WHITE,-1,2011-11-04T13:24:00,19.95,15345,United Kingdom
C575224,21928,JUMBO BAG SCANDINAVIAN BLUE PAISLEY,-100,2011-11-09T11:41:00,1.79,17511,United Kingdom
C575224,21931,JUMBO STORAGE BAG SUKI,-100,2011-11-09T11:41:00,1.79,17511,United Kingdom
C575224,22385,JUMBO BAG SPACEBOY DESIGN,-100,2011-11-09T11:41:00,1.79,17511,United Kingdom
C575224,22386,JUMBO BAG PINK POLKADOT,-100,2011-11-09T11:41:00,1.79,17511,United Kingdom
C575224,22411,JUMBO SHOPPER VINTAGE RED PAISLEY,-100,2011-11-09T11:41:00,1.79,17511,United Kingdom
C575224,23199,JUMBO BAG APPLES,-100,2011-11-09T11:41:00,1.79,17511,United Kingdom
C575224,23202,JUMBO BAG VINTAGE LEAF,-100,2011-11-09T11:41:00,1.79,17511,United Kingdom
C575224,23203,JUMBO BAG VINTAGE DOILY,-100,2011-11-09T11:41:00,1.79,17511,United Kingdom
C575224,23343,JUMBO BAG VINTAGE CHRISTMAS,-100,2011-11-09T11:41:00,1.79,17511,United Kingdom
C575224,23344,JUMBO BAG 50'S CHRISTMAS,-100,2011-11-09T11:41:00,1.79,17511,United Kingdom
C575224,23581,JUMBO BAG PAISLEY PARK,-100,2011-11-09T11:41:00,1.79,17511,United Kingdom
C575224,23582,VINTAGE DOILY JUMBO BAG RED,-100,2011-11-09T11:41:00,1.79,17511,United Kingdom
C575224,85099B,JUMBO BAG RED RETROSPOT,-100,2011-11-09T11:41:00,1.79,17511,United Kingdom
C575224,85099C,JUMBO  BAG BAROQUE BLACK WHITE,-100,2011-11-09T11:41:00,1.79,17511,United Kingdom
C576785,22356,CHARLOTTE BAG PINK POLKADOT,-10,2011-11-16T13:51:00,0.85,14109,United Kingdom
C576785,22792,FLUTED ANTIQUE CANDLE HOLDER,-12,2011-11-16T13:51:00,0.85,14109,United Kingdom
C576785,23099,FRENCH CARRIAGE LANTERN,-2,2011-11-16T13:51:00,6.65,14109,United Kingdom
C576785,37495,FAIRY CAKE BIRTHDAY CANDLE SET,-4,2011-11-16T13:51:00,3.75,14109,United Kingdom
C576785,72807C,SET/3 VANILLA SCENTED CANDLE IN BOX,-4,2011-11-16T13:51:00,4.25,14109,United Kingdom
